ano,clube,jogador,posicao,overall,jogos
2003,AD São Caetano (SP),Zé Carlos,Lateral,67,36
2003,AD São Caetano (SP),Dininho,Zagueiro,65,35
2003,AD São Caetano (SP),Gabriel,Zagueiro,55,3
2003,AD São Caetano (SP),Daniel da Silva,Zagueiro,55,4
2003,AD São Caetano (SP),Marcelo Mattos,Volante,63,30
2003,AD São Caetano (SP),Marcinho,Meia,75,40
2003,AD São Caetano (SP),Capixaba,Meia,69,39
2003,AD São Caetano (SP),Mateus Borges,Meia,64,23
2003,AD São Caetano (SP),Jales,Atacante,55,3
2003,Associação Atlética Ponte Preta,Lauro,Goleiro,66,31
2003,Associação Atlética Ponte Preta,Rafael Santos,Zagueiro,60,12
2003,Associação Atlética Ponte Preta,Ricardo Conceição,Volante,56,7
2003,Associação Atlética Ponte Preta,Reginaldo Vital,Meia,55,2
2003,Associação Atlética Ponte Preta,Rafael Marques,Atacante,74,1
2003,Associação Atlética Ponte Preta,Roger Silva,Atacante,61,16
2003,Atlético Paranaense,Diego,Goleiro,70,45
2003,Atlético Paranaense,Cléber,Goleiro,54,1
2003,Atlético Paranaense,Ivan,Lateral,67,40
2003,Atlético Paranaense,Alessandro,Lateral,65,36
2003,Atlético Paranaense,Capone,Lateral,58,14
2003,Atlético Paranaense,Rogerio Correa,Zagueiro,68,40
2003,Atlético Paranaense,Igor,Zagueiro,63,30
2003,Atlético Paranaense,Juliano Cavalheiro,Zagueiro,59,14
2003,Atlético Paranaense,Luciano Santos,Volante,67,38
2003,Atlético Paranaense,Fernandinho,Volante,66,29
2003,Atlético Paranaense,Rodriguinho,Volante,62,24
2003,Atlético Paranaense,Léomar,Volante,61,22
2003,Atlético Paranaense,Alan Bahia,Volante,60,20
2003,Atlético Paranaense,Douglas Silva,Volante,59,13
2003,Atlético Paranaense,Adriano Gabirú,Meia,69,32
2003,Atlético Paranaense,Fabrício,Meia,61,17
2003,Atlético Paranaense,Kléberson,Meia,58,12
2003,Atlético Paranaense,Alex Mineiro,Ponta,68,19
2003,Atlético Paranaense,Michel Bastos,Ponta,57,10
2003,Atlético Paranaense,Ilan,Atacante,79,30
2003,Atlético Paranaense,Dagoberto,Atacante,71,26
2003,Atlético Paranaense,Jadílson,Atacante,63,17
2003,Atlético Paranaense,Ricardinho,Atacante,62,21
2003,CR Flamengo,Júlio César,Goleiro,68,37
2003,CR Flamengo,Diego,Goleiro,59,10
2003,CR Flamengo,Athirson,Lateral,62,7
2003,CR Flamengo,Fabinho,Lateral,57,11
2003,CR Flamengo,Felipe Melo,Volante,55,2
2003,CR Flamengo,Jônatas,Meia,68,35
2003,CR Flamengo,Igor Cearense,Meia,68,33
2003,CR Flamengo,Vinícius Pacheco,Meia,56,8
2003,CR Flamengo,Fábio Baiano,Ponta,65,30
2003,Clube Atlético Mineiro,Cicinho,Lateral,67,38
2003,Clube Atlético Mineiro,Michel,Lateral,61,16
2003,Clube Atlético Mineiro,Rafael Scheidt,Zagueiro,65,35
2003,Clube Atlético Mineiro,André Luiz,Zagueiro,65,30
2003,Clube Atlético Mineiro,Neguete,Zagueiro,54,1
2003,Clube Atlético Mineiro,Marcelo Silva,Volante,65,33
2003,Clube Atlético Mineiro,Márcio Araújo,Volante,57,10
2003,Clube Atlético Mineiro,Lúcio Flávio,Meia,69,32
2003,Clube Atlético Mineiro,Juninho Arcanjo,Meia,64,26
2003,Clube Atlético Mineiro,Enrico,Meia,60,8
2003,Clube Atlético Mineiro,Lenílson,Meia,55,2
2003,Clube Atlético Mineiro,Paulinho,Atacante,69,30
2003,Clube Atlético Mineiro,Quirino,Atacante,60,12
2003,Clube Atlético Mineiro,Enílton,Atacante,55,2
2003,Clube de Regatas Vasco da Gama,Fábio,Goleiro,71,44
2003,Clube de Regatas Vasco da Gama,Edinho,Lateral,58,14
2003,Clube de Regatas Vasco da Gama,Gérson,Lateral,54,1
2003,Clube de Regatas Vasco da Gama,Wescley,Zagueiro,66,37
2003,Clube de Regatas Vasco da Gama,Wellington Monteiro,Volante,61,24
2003,Clube de Regatas Vasco da Gama,Ygor,Volante,60,20
2003,Clube de Regatas Vasco da Gama,Coutinho,Volante,56,8
2003,Clube de Regatas Vasco da Gama,Carlos Alberto,Volante,55,4
2003,Clube de Regatas Vasco da Gama,Morais,Meia,66,32
2003,Clube de Regatas Vasco da Gama,Cadu,Meia,65,15
2003,Clube de Regatas Vasco da Gama,Edmundo,Atacante,71,20
2003,Clube de Regatas Vasco da Gama,Souza,Atacante,65,13
2003,Clube de Regatas Vasco da Gama,Anderson Costa,Atacante,63,14
2003,Coritiba Foot Ball Club,Fernando Prass,Goleiro,70,42
2003,Coritiba Foot Ball Club,Fernando Vizzotto,Goleiro,55,2
2003,Coritiba Foot Ball Club,Adriano,Lateral,63,30
2003,Coritiba Foot Ball Club,Ceará,Lateral,62,25
2003,Coritiba Foot Ball Club,Lira,Lateral,60,19
2003,Coritiba Foot Ball Club,James Dens,Lateral,56,7
2003,Coritiba Foot Ball Club,Danilo Moreira,Zagueiro,64,27
2003,Coritiba Foot Ball Club,Edinho Baiano,Zagueiro,62,26
2003,Coritiba Foot Ball Club,Odvan,Zagueiro,62,26
2003,Coritiba Foot Ball Club,Reginaldo Nascimento,Volante,67,39
2003,Coritiba Foot Ball Club,Roberto Brum,Volante,66,39
2003,Coritiba Foot Ball Club,Willians,Volante,61,21
2003,Coritiba Foot Ball Club,Tcheco,Meia,70,25
2003,Coritiba Foot Ball Club,Jackson,Meia,67,37
2003,Coritiba Foot Ball Club,Souza,Meia,65,31
2003,Coritiba Foot Ball Club,Alexandre Fávaro,Meia,64,13
2003,Coritiba Foot Ball Club,Maurinho,Meia,60,14
2003,Coritiba Foot Ball Club,Pepo,Meia,59,16
2003,Coritiba Foot Ball Club,Marcel,Atacante,81,43
2003,Coritiba Foot Ball Club,Lima,Atacante,72,39
2003,Coritiba Foot Ball Club,Edu Sales,Atacante,71,39
2003,Coritiba Foot Ball Club,Marco Brito,Atacante,66,19
2003,Coritiba Foot Ball Club,Helinho,Atacante,60,14
2003,Criciúma Esporte Clube,Roberto Volpato,Goleiro,61,2
2003,Criciúma Esporte Clube,Jucemar,Lateral,55,3
2003,Criciúma Esporte Clube,Paulo Baier,Meia,71,31
2003,Criciúma Esporte Clube,Paulo César,Meia,64,23
2003,Criciúma Esporte Clube,Douglas,Meia,63,29
2003,Criciúma Esporte Clube,Leonardo,Atacante,71,26
2003,Cruzeiro Esporte Clube,Heurelho Gomes,Goleiro,70,40
2003,Cruzeiro Esporte Clube,Artur Moraes,Goleiro,60,6
2003,Cruzeiro Esporte Clube,Maicon,Lateral,60,12
2003,Cruzeiro Esporte Clube,Luisão,Zagueiro,59,15
2003,Cruzeiro Esporte Clube,Gladstone,Zagueiro,55,3
2003,Cruzeiro Esporte Clube,Augusto Recife,Volante,67,42
2003,Cruzeiro Esporte Clube,Felipe Melo,Volante,64,31
2003,Cruzeiro Esporte Clube,Alex,Meia,82,38
2003,Cruzeiro Esporte Clube,Marcinho,Meia,64,15
2003,Cruzeiro Esporte Clube,Wendel,Ponta,67,32
2003,Cruzeiro Esporte Clube,Víctor Aristizábal,Atacante,82,36
2003,Cruzeiro Esporte Clube,Mota,Atacante,77,37
2003,Cruzeiro Esporte Clube,Mert Nobre,Atacante,67,14
2003,Cruzeiro Esporte Clube,Alex Alves,Atacante,60,8
2003,Cruzeiro Esporte Clube,Tiago Pereira,Atacante,55,3
2003,Cruzeiro Esporte Clube,Marcelo Ramos,Atacante,55,2
2003,Esporte Clube Bahia,Bruno Recife,Lateral,54,1
2003,Esporte Clube Bahia,Valdomiro,Zagueiro,65,29
2003,Esporte Clube Bahia,Accioly,Zagueiro,60,14
2003,Esporte Clube Bahia,Cícero,Meia,60,8
2003,Esporte Clube Bahia,Adriano,Meia,56,8
2003,Esporte Clube Bahia,Elias,Meia,56,6
2003,Esporte Clube Bahia,Didi,Atacante,75,23
2003,Esporte Clube Juventude,Wederson,Lateral,55,2
2003,Esporte Clube Juventude,Índio,Zagueiro,63,26
2003,Esporte Clube Juventude,Marcão,Zagueiro,62,26
2003,Esporte Clube Juventude,Dante,Zagueiro,61,22
2003,Esporte Clube Juventude,Maurício,Zagueiro,56,7
2003,Esporte Clube Juventude,Neguete,Zagueiro,56,6
2003,Esporte Clube Juventude,Camazzola,Volante,62,26
2003,Esporte Clube Juventude,Rodrigo Pontes,Volante,58,14
2003,Esporte Clube Juventude,Marcio Senna,Volante,55,3
2003,Esporte Clube Juventude,Marcelo Costa,Meia,69,43
2003,Esporte Clube Juventude,Hugo,Meia,69,26
2003,Esporte Clube Juventude,Rafael Ledesma,Meia,65,16
2003,Esporte Clube Juventude,Cléber Frolich,Meia,55,2
2003,Esporte Clube Juventude,Michel Neves,Atacante,64,8
2003,Esporte Clube Juventude,Gustavo Papa,Atacante,63,14
2003,Esporte Clube Juventude,Tailson,Atacante,63,19
2003,Esporte Clube Juventude,João Paulo,Atacante,62,20
2003,Esporte Clube Juventude,Léo,Atacante,55,3
2003,Esporte Clube Vitória,Juninho,Goleiro,66,29
2003,Esporte Clube Vitória,Paulo Musse,Goleiro,60,16
2003,Esporte Clube Vitória,Felipe,Goleiro,54,1
2003,Esporte Clube Vitória,Alex Santos,Lateral,57,10
2003,Esporte Clube Vitória,Dudu Paraíba,Lateral,54,1
2003,Esporte Clube Vitória,Marcos,Zagueiro,61,23
2003,Esporte Clube Vitória,Nené,Zagueiro,59,15
2003,Esporte Clube Vitória,Felipe Saad,Zagueiro,54,1
2003,Esporte Clube Vitória,Dudu Cearense,Meia,68,31
2003,Esporte Clube Vitória,Maurício,Meia,61,22
2003,Esporte Clube Vitória,Leandro Domingues,Ponta,57,9
2003,Esporte Clube Vitória,Alecsandro,Atacante,71,34
2003,Esporte Clube Vitória,Gilmar,Atacante,62,20
2003,Esporte Clube Vitória,Enílton,Atacante,57,10
2003,Esporte Clube Vitória,César Santin,Atacante,55,4
2003,Figueirense Futebol Clube,Édson Bastos,Goleiro,71,46
2003,Figueirense Futebol Clube,Triguinho,Lateral,64,31
2003,Figueirense Futebol Clube,Pedro Silva,Lateral,61,17
2003,Figueirense Futebol Clube,Filipe Luís,Lateral,58,5
2003,Figueirense Futebol Clube,Márcio Martins,Zagueiro,55,3
2003,Figueirense Futebol Clube,Marcinho Guerreiro,Volante,55,4
2003,Figueirense Futebol Clube,William de Mattia,Volante,54,1
2003,Figueirense Futebol Clube,William Fabro,Meia,71,38
2003,Figueirense Futebol Clube,Bilú,Meia,69,41
2003,Figueirense Futebol Clube,Danilo Cruz,Meia,68,29
2003,Figueirense Futebol Clube,Carlos Alberto,Meia,62,25
2003,Figueirense Futebol Clube,Fernandinho,Ponta,72,20
2003,Figueirense Futebol Clube,Zinho,Ponta,55,4
2003,Figueirense Futebol Clube,Rodrigo Silva,Atacante,63,4
2003,Figueirense Futebol Clube,Edmílson,Atacante,63,14
2003,Figueirense Futebol Clube,Sandro Hiroshi,Atacante,61,16
2003,Figueirense Futebol Clube,Roberto,Atacante,56,8
2003,Fluminense Football Club,Fernando Henrique,Goleiro,60,6
2003,Fluminense Football Club,Jancarlos,Lateral,63,29
2003,Fluminense Football Club,Johnathan,Lateral,56,7
2003,Fluminense Football Club,Antônio Carlos,Zagueiro,55,4
2003,Fluminense Football Club,Marcão,Volante,67,42
2003,Fluminense Football Club,Carlos Alberto,Meia,68,32
2003,Fluminense Football Club,Lopes,Meia,66,29
2003,Fluminense Football Club,Marcelo Macedo,Atacante,67,28
2003,Fluminense Football Club,Josafá,Atacante,60,14
2003,Fluminense Football Club,Rodrigo Tiuí,Atacante,56,7
2003,Fluminense Football Club,Diego Souza,Atacante,56,7
2003,Fortaleza Esporte Clube,Márcio Giovanini,Zagueiro,58,14
2003,Fortaleza Esporte Clube,Erandir,Volante,65,35
2003,Fortaleza Esporte Clube,Alyson,Meia,67,32
2003,Fortaleza Esporte Clube,Ricardinho,Meia,57,10
2003,Fortaleza Esporte Clube,Alexandre Oliveira,Atacante,57,9
2003,Goiás EC,Harlei,Goleiro,58,11
2003,Goiás EC,Leandro Smith,Lateral,64,27
2003,Goiás EC,Esquerdinha,Lateral,59,18
2003,Goiás EC,Fabão,Zagueiro,69,43
2003,Goiás EC,Josué,Volante,67,42
2003,Goiás EC,Marabá,Volante,65,32
2003,Goiás EC,Danilo,Meia,63,22
2003,Goiás EC,Tiago Fraga,Meia,62,26
2003,Goiás EC,Caíco,Meia,60,10
2003,Goiás EC,Araújo,Atacante,75,41
2003,Grêmio Foot-Ball Porto Alegrense,Gilberto,Lateral,67,33
2003,Grêmio Foot-Ball Porto Alegrense,Anderson Lima,Lateral,67,32
2003,Grêmio Foot-Ball Porto Alegrense,George Lucas,Lateral,64,16
2003,Grêmio Foot-Ball Porto Alegrense,Felipe Baloy,Zagueiro,60,18
2003,Grêmio Foot-Ball Porto Alegrense,Emerson,Volante,61,19
2003,Grêmio Foot-Ball Porto Alegrense,Douglas Silva,Volante,58,14
2003,Grêmio Foot-Ball Porto Alegrense,Tinga,Meia,67,33
2003,Grêmio Foot-Ball Porto Alegrense,Caio Ribeiro,Atacante,67,26
2003,Grêmio Foot-Ball Porto Alegrense,Cláudio Pitbull,Atacante,66,30
2003,Grêmio Foot-Ball Porto Alegrense,Luís Mário,Atacante,58,12
2003,Guarani Futebol Clube (SP),Léo San,Zagueiro,54,1
2003,Guarani Futebol Clube (SP),Alex,Meia,70,40
2003,Guarani Futebol Clube (SP),Dinélson,Meia,67,25
2003,Guarani Futebol Clube (SP),Ruy Cabeção,Meia,67,30
2003,Guarani Futebol Clube (SP),Lúcio,Meia,57,10
2003,Paraná Clube,Flávio,Goleiro,70,42
2003,Paraná Clube,Fernandinho,Lateral,69,41
2003,Paraná Clube,Pierre,Volante,64,32
2003,Paraná Clube,Marquinhos,Meia,76,41
2003,Paraná Clube,Caio,Meia,71,43
2003,Paraná Clube,Goiano,Meia,63,29
2003,Paraná Clube,Renaldo,Atacante,87,42
2003,Paraná Clube,Vandinho,Atacante,70,2
2003,Paysandu SC,André Dias,Zagueiro,62,26
2003,Paysandu SC,Cristiano,Ponta,60,7
2003,Paysandu SC,Iarley,Atacante,65,14
2003,Santos FC,Fábio Costa,Goleiro,67,35
2003,Santos FC,Júlio Sérgio,Goleiro,58,11
2003,Santos FC,Léo,Lateral,70,43
2003,Santos FC,Rubens Cardoso,Lateral,60,12
2003,Santos FC,Alex,Zagueiro,68,34
2003,Santos FC,André Luis,Zagueiro,66,36
2003,Santos FC,Pereira,Zagueiro,59,15
2003,Santos FC,Paulo Almeida,Volante,63,28
2003,Santos FC,Diego,Meia,78,33
2003,Santos FC,Renato,Meia,75,44
2003,Santos FC,Fabiano,Meia,74,34
2003,Santos FC,Nenê,Meia,73,24
2003,Santos FC,Wellington,Meia,58,12
2003,Santos FC,Robinho,Ponta,76,32
2003,Santos FC,William,Atacante,74,19
2003,Santos FC,Ricardo Oliveira,Atacante,67,14
2003,Santos FC,Marcelo Peabiru,Atacante,56,6
2003,Sport Club Corinthians Paulista,Doni,Goleiro,65,26
2003,Sport Club Corinthians Paulista,Rubinho,Goleiro,64,20
2003,Sport Club Corinthians Paulista,Kléber,Lateral,61,18
2003,Sport Club Corinthians Paulista,Coelho,Lateral,60,13
2003,Sport Club Corinthians Paulista,Moreno,Lateral,60,20
2003,Sport Club Corinthians Paulista,Fininho,Lateral,58,12
2003,Sport Club Corinthians Paulista,Anderson,Zagueiro,66,37
2003,Sport Club Corinthians Paulista,Fabio Luciano,Zagueiro,63,14
2003,Sport Club Corinthians Paulista,Marquinhos,Zagueiro,62,24
2003,Sport Club Corinthians Paulista,César,Zagueiro,61,16
2003,Sport Club Corinthians Paulista,Fabrício,Volante,68,40
2003,Sport Club Corinthians Paulista,Cocito,Volante,58,12
2003,Sport Club Corinthians Paulista,Wendel,Volante,57,9
2003,Sport Club Corinthians Paulista,Renato Abreu,Meia,66,31
2003,Sport Club Corinthians Paulista,Fumagalli,Meia,59,18
2003,Sport Club Corinthians Paulista,Jorge Wagner,Ponta,59,18
2003,Sport Club Corinthians Paulista,Gil,Atacante,72,31
2003,Sport Club Corinthians Paulista,Paulo Jamelli,Atacante,65,19
2003,Sport Club Corinthians Paulista,Wilson,Atacante,65,13
2003,Sport Club Corinthians Paulista,Abuda,Atacante,63,9
2003,Sport Club Corinthians Paulista,Leandro,Atacante,63,18
2003,Sport Club Corinthians Paulista,Jô,Atacante,60,14
2003,Sport Club Corinthians Paulista,Bobô,Atacante,58,13
2003,Sport Club Internacional,Clemer,Goleiro,71,42
2003,Sport Club Internacional,Edu Silva,Lateral,67,39
2003,Sport Club Internacional,Élder Granja,Lateral,62,26
2003,Sport Club Internacional,Chiquinho,Lateral,54,1
2003,Sport Club Internacional,Vinícius,Zagueiro,65,33
2003,Sport Club Internacional,Wilson,Zagueiro,65,31
2003,Sport Club Internacional,Marcelo Sangaletti,Zagueiro,64,31
2003,Sport Club Internacional,Bolívar,Zagueiro,55,4
2003,Sport Club Internacional,Júnior Paulista,Zagueiro,55,3
2003,Sport Club Internacional,Flávio,Volante,69,37
2003,Sport Club Internacional,Edinho,Volante,56,7
2003,Sport Club Internacional,Diego Gavilán,Meia,69,39
2003,Sport Club Internacional,Diego Barcellos,Meia,69,36
2003,Sport Club Internacional,Claiton,Meia,66,41
2003,Sport Club Internacional,Cleiton Xavier,Meia,63,25
2003,Sport Club Internacional,Humberto Foguinho,Meia,55,2
2003,Sport Club Internacional,Diogo Barcellos,Meia,55,3
2003,Sport Club Internacional,Thiago,Meia,55,3
2003,Sport Club Internacional,André Neles,Atacante,74,5
2003,Sport Club Internacional,Nilmar,Atacante,73,28
2003,Sport Club Internacional,Fábio Júnior,Atacante,56,8
2003,Sport Club Internacional,Leandro Tatu,Atacante,54,1
2003,São Paulo Futebol Clube,Fabiano,Lateral,69,37
2003,São Paulo Futebol Clube,Gustavo Nery,Lateral,67,34
2003,São Paulo Futebol Clube,Fábio Santos,Lateral,58,13
2003,São Paulo Futebol Clube,Jorginho Paulista,Lateral,56,5
2003,São Paulo Futebol Clube,Diego Lugano,Zagueiro,63,23
2003,São Paulo Futebol Clube,Edcarlos,Zagueiro,56,6
2003,São Paulo Futebol Clube,Régis,Zagueiro,55,2
2003,São Paulo Futebol Clube,Carlos Alberto,Volante,65,32
2003,São Paulo Futebol Clube,Kaká,Meia,73,10
2003,São Paulo Futebol Clube,Júlio Baptista,Meia,65,15
2003,São Paulo Futebol Clube,Ricardinho,Meia,64,23
2003,São Paulo Futebol Clube,Luís Fabiano,Atacante,84,34
2003,São Paulo Futebol Clube,Diego Tardelli,Atacante,73,23
2003,São Paulo Futebol Clube,Kléber,Atacante,66,28
2004,AD São Caetano (SP),Anderson Lima,Lateral,68,33
2004,AD São Caetano (SP),Triguinho,Lateral,65,34
2004,AD São Caetano (SP),Ceará,Lateral,63,26
2004,AD São Caetano (SP),Gilberto,Lateral,56,6
2004,AD São Caetano (SP),Jonas,Lateral,56,5
2004,AD São Caetano (SP),Dininho,Zagueiro,64,32
2004,AD São Caetano (SP),Marcelo Mattos,Volante,67,40
2004,AD São Caetano (SP),Marcinho,Meia,70,33
2004,AD São Caetano (SP),Lúcio Flávio,Meia,64,23
2004,AD São Caetano (SP),Mateus Borges,Meia,62,18
2004,AD São Caetano (SP),Danilo Cruz,Meia,56,8
2004,AD São Caetano (SP),Fábio Baiano,Ponta,62,4
2004,AD São Caetano (SP),Euller,Atacante,67,35
2004,Associação Atlética Ponte Preta,Lauro,Goleiro,72,46
2004,Associação Atlética Ponte Preta,Gustavo,Zagueiro,64,32
2004,Associação Atlética Ponte Preta,Rafael Santos,Zagueiro,60,18
2004,Associação Atlética Ponte Preta,Flávio,Volante,64,25
2004,Associação Atlética Ponte Preta,Ricardo Conceição,Volante,60,21
2004,Associação Atlética Ponte Preta,Alecsandro,Atacante,71,14
2004,Associação Atlética Ponte Preta,Anselmo,Atacante,68,20
2004,Associação Atlética Ponte Preta,Roger Silva,Atacante,63,19
2004,Atlético Paranaense,Diego,Goleiro,71,45
2004,Atlético Paranaense,Cléber,Goleiro,66,1
2004,Atlético Paranaense,Ivan,Lateral,66,34
2004,Atlético Paranaense,Marcão,Zagueiro,67,40
2004,Atlético Paranaense,Marinho,Zagueiro,66,37
2004,Atlético Paranaense,Rogerio Correa,Zagueiro,64,28
2004,Atlético Paranaense,Igor,Zagueiro,61,22
2004,Atlético Paranaense,Alessandro Lopes,Zagueiro,56,6
2004,Atlético Paranaense,Fernandinho,Volante,72,41
2004,Atlético Paranaense,Alan Bahia,Volante,67,40
2004,Atlético Paranaense,Jádson,Meia,82,40
2004,Atlético Paranaense,William Fabro,Meia,64,33
2004,Atlético Paranaense,Morais,Meia,60,16
2004,Atlético Paranaense,Bruno Lança,Meia,59,17
2004,Atlético Paranaense,Adriano Gabirú,Meia,55,3
2004,Atlético Paranaense,Fabrício,Meia,54,1
2004,Atlético Paranaense,Dagoberto,Atacante,75,30
2004,Atlético Paranaense,Denis Marques,Atacante,71,15
2004,Atlético Paranaense,Ilan,Atacante,70,18
2004,Atlético Paranaense,Ricardinho,Atacante,55,2
2004,Atlético Paranaense,Anderson Aquino,Atacante,54,1
2004,Botafogo de Futebol e Regatas,Jefferson,Goleiro,68,42
2004,Botafogo de Futebol e Regatas,Max,Goleiro,58,5
2004,Botafogo de Futebol e Regatas,Renatinho Carioca,Lateral,63,25
2004,Botafogo de Futebol e Regatas,Jorginho Paulista,Lateral,61,18
2004,Botafogo de Futebol e Regatas,Gustavo Lazzaretti,Zagueiro,65,33
2004,Botafogo de Futebol e Regatas,Rafael Scheidt,Zagueiro,61,22
2004,Botafogo de Futebol e Regatas,João Carlos,Zagueiro,61,18
2004,Botafogo de Futebol e Regatas,Rafael Marques,Zagueiro,59,16
2004,Botafogo de Futebol e Regatas,Fernando,Volante,67,43
2004,Botafogo de Futebol e Regatas,Túlio Guerreiro,Volante,65,35
2004,Botafogo de Futebol e Regatas,Carlos Alberto,Volante,62,24
2004,Botafogo de Futebol e Regatas,Almir,Meia,72,45
2004,Botafogo de Futebol e Regatas,Valdo,Meia,69,44
2004,Botafogo de Futebol e Regatas,Ruy Cabeção,Meia,65,30
2004,Botafogo de Futebol e Regatas,Têti,Meia,65,25
2004,Botafogo de Futebol e Regatas,Camacho,Meia,62,17
2004,Botafogo de Futebol e Regatas,Élvis,Meia,61,18
2004,Botafogo de Futebol e Regatas,Raúl Estévez,Ponta,60,10
2004,Botafogo de Futebol e Regatas,Daniel Côrtes,Ponta,58,13
2004,Botafogo de Futebol e Regatas,Luizão,Atacante,77,15
2004,Botafogo de Futebol e Regatas,Caio Ribeiro,Atacante,73,15
2004,Botafogo de Futebol e Regatas,Schwenck,Atacante,72,33
2004,Botafogo de Futebol e Regatas,Ricardinho,Atacante,65,15
2004,CR Flamengo,Júlio César,Goleiro,72,34
2004,CR Flamengo,Diego,Goleiro,63,13
2004,CR Flamengo,Athirson,Lateral,64,19
2004,CR Flamengo,China,Lateral,61,20
2004,CR Flamengo,Valdomiro,Zagueiro,56,5
2004,CR Flamengo,Douglas Silva,Volante,60,21
2004,CR Flamengo,Rafael Ledesma,Meia,68,2
2004,CR Flamengo,Roger Guerreiro,Meia,67,36
2004,CR Flamengo,Jônatas,Meia,62,24
2004,CR Flamengo,Vinícius Pacheco,Meia,55,4
2004,CR Flamengo,Dill,Ponta,56,7
2004,CR Flamengo,Negreiros,Atacante,67,9
2004,Clube Atlético Mineiro,Diego Alves,Goleiro,54,0
2004,Clube Atlético Mineiro,Rubens Cardoso,Lateral,67,39
2004,Clube Atlético Mineiro,Alessandro,Lateral,64,31
2004,Clube Atlético Mineiro,Marquinhos Caruaru,Lateral,58,6
2004,Clube Atlético Mineiro,Carlinhos Paulista,Lateral,56,5
2004,Clube Atlético Mineiro,André Luiz,Zagueiro,64,31
2004,Clube Atlético Mineiro,Márcio Araújo,Volante,62,26
2004,Clube Atlético Mineiro,Walker,Volante,61,22
2004,Clube Atlético Mineiro,Juninho Arcanjo,Meia,65,31
2004,Clube Atlético Mineiro,Enrico,Meia,56,6
2004,Clube Atlético Mineiro,Alex Mineiro,Ponta,76,43
2004,Clube Atlético Mineiro,Léandro,Ponta,55,3
2004,Clube Atlético Mineiro,Márcio Mixirica,Atacante,71,20
2004,Clube Atlético Mineiro,Quirino,Atacante,68,21
2004,Clube Atlético Mineiro,Paulinho,Atacante,56,7
2004,Clube Atlético Mineiro,André Neles,Atacante,54,1
2004,Clube Atlético Mineiro,Rafael Moura,Atacante,54,1
2004,Clube de Regatas Vasco da Gama,Cássio,Goleiro,63,12
2004,Clube de Regatas Vasco da Gama,Fábio,Goleiro,62,19
2004,Clube de Regatas Vasco da Gama,Wescley,Zagueiro,58,13
2004,Clube de Regatas Vasco da Gama,Pereira,Zagueiro,55,2
2004,Clube de Regatas Vasco da Gama,Ygor,Volante,67,39
2004,Clube de Regatas Vasco da Gama,Coutinho,Volante,66,39
2004,Clube de Regatas Vasco da Gama,Silva,Volante,56,6
2004,Clube de Regatas Vasco da Gama,Dejan Petkovic,Meia,81,36
2004,Clube de Regatas Vasco da Gama,Cadu,Meia,60,7
2004,Clube de Regatas Vasco da Gama,Muriqui,Ponta,64,13
2004,Clube de Regatas Vasco da Gama,Anderson Costa,Atacante,72,30
2004,Clube de Regatas Vasco da Gama,Marco Brito,Atacante,68,8
2004,Clube de Regatas Vasco da Gama,André Lima,Atacante,61,19
2004,Coritiba Foot Ball Club,Fernando Prass,Goleiro,70,40
2004,Coritiba Foot Ball Club,Douglas,Goleiro,60,5
2004,Coritiba Foot Ball Club,Ricardinho,Lateral,65,34
2004,Coritiba Foot Ball Club,Jucemar,Lateral,64,29
2004,Coritiba Foot Ball Club,Adriano,Lateral,63,27
2004,Coritiba Foot Ball Club,Rafinha,Lateral,61,24
2004,Coritiba Foot Ball Club,Miranda,Zagueiro,67,40
2004,Coritiba Foot Ball Club,Flávio Rogério,Zagueiro,60,17
2004,Coritiba Foot Ball Club,Vágner,Zagueiro,59,17
2004,Coritiba Foot Ball Club,Roberto Brum,Volante,65,34
2004,Coritiba Foot Ball Club,Reginaldo Nascimento,Volante,60,21
2004,Coritiba Foot Ball Club,Capixaba,Meia,70,42
2004,Coritiba Foot Ball Club,Ataliba,Meia,67,39
2004,Coritiba Foot Ball Club,Reginaldo Vital,Meia,62,13
2004,Coritiba Foot Ball Club,Márcio Egídio,Meia,61,22
2004,Coritiba Foot Ball Club,Pepo,Meia,60,20
2004,Coritiba Foot Ball Club,Cléber Frolich,Meia,60,12
2004,Coritiba Foot Ball Club,Batata,Meia,57,11
2004,Coritiba Foot Ball Club,Tuta,Atacante,78,41
2004,Coritiba Foot Ball Club,Alemão,Atacante,71,28
2004,Coritiba Foot Ball Club,Víctor Aristizábal,Atacante,69,25
2004,Coritiba Foot Ball Club,Laércio,Atacante,63,14
2004,Coritiba Foot Ball Club,André Nunes,Atacante,57,10
2004,Criciúma Esporte Clube,Roberto Volpato,Goleiro,58,11
2004,Criciúma Esporte Clube,Fernando Leal,Goleiro,55,2
2004,Criciúma Esporte Clube,Fernandinho,Lateral,63,14
2004,Criciúma Esporte Clube,Jeci,Zagueiro,55,4
2004,Criciúma Esporte Clube,Douglas,Meia,63,20
2004,Criciúma Esporte Clube,Paulo César,Meia,62,24
2004,Criciúma Esporte Clube,Marcio Richardes,Meia,58,14
2004,Criciúma Esporte Clube,Marcos Denner,Atacante,76,42
2004,Criciúma Esporte Clube,Paulinho,Atacante,60,10
2004,Criciúma Esporte Clube,Fabrício Ceará,Atacante,57,10
2004,Criciúma Esporte Clube,Éder,Atacante,54,1
2004,Cruzeiro Esporte Clube,Artur Moraes,Goleiro,68,35
2004,Cruzeiro Esporte Clube,Heurelho Gomes,Goleiro,59,5
2004,Cruzeiro Esporte Clube,Doni,Goleiro,58,6
2004,Cruzeiro Esporte Clube,Maicon,Lateral,65,8
2004,Cruzeiro Esporte Clube,Michel Gaúcho,Lateral,55,4
2004,Cruzeiro Esporte Clube,Marcelo Batatais,Zagueiro,64,32
2004,Cruzeiro Esporte Clube,Régis,Zagueiro,58,9
2004,Cruzeiro Esporte Clube,Gladstone,Zagueiro,56,7
2004,Cruzeiro Esporte Clube,Augusto Recife,Volante,65,37
2004,Cruzeiro Esporte Clube,Alex,Meia,79,5
2004,Cruzeiro Esporte Clube,Marcinho,Meia,63,22
2004,Cruzeiro Esporte Clube,Adriano Gabirú,Meia,62,11
2004,Cruzeiro Esporte Clube,Wendel,Ponta,67,37
2004,Cruzeiro Esporte Clube,Fred,Atacante,79,24
2004,Cruzeiro Esporte Clube,Dudu,Atacante,73,17
2004,Cruzeiro Esporte Clube,Lima,Atacante,63,12
2004,Esporte Clube Juventude,Jancarlos,Lateral,65,36
2004,Esporte Clube Juventude,Índio,Zagueiro,65,35
2004,Esporte Clube Juventude,Thiago Silva,Zagueiro,64,28
2004,Esporte Clube Juventude,Naldo,Zagueiro,64,25
2004,Esporte Clube Juventude,Lauro,Volante,61,22
2004,Esporte Clube Juventude,Camazzola,Volante,60,21
2004,Esporte Clube Juventude,Lopes,Meia,72,24
2004,Esporte Clube Juventude,Rafael Ledesma,Meia,60,6
2004,Esporte Clube Juventude,Marcelo Costa,Meia,60,6
2004,Esporte Clube Juventude,Igor Cearense,Meia,60,8
2004,Esporte Clube Juventude,Ederson,Meia,55,4
2004,Esporte Clube Juventude,Zé Rodolpho,Ponta,67,40
2004,Esporte Clube Juventude,Da Silva,Atacante,77,32
2004,Esporte Clube Juventude,Michel Neves,Atacante,61,6
2004,Esporte Clube Juventude,Paulinho,Atacante,57,9
2004,Esporte Clube Juventude,Lê,Atacante,56,6
2004,Esporte Clube Juventude,Marinho,Atacante,55,3
2004,Esporte Clube Vitória,Juninho,Goleiro,68,42
2004,Esporte Clube Vitória,Felipe,Goleiro,58,4
2004,Esporte Clube Vitória,Pedro Silva,Lateral,63,27
2004,Esporte Clube Vitória,Alex Santos,Lateral,60,18
2004,Esporte Clube Vitória,Felipe Saad,Zagueiro,60,21
2004,Esporte Clube Vitória,Nené,Zagueiro,59,13
2004,Esporte Clube Vitória,Milton do Ó,Zagueiro,57,10
2004,Esporte Clube Vitória,Cléber Santana,Meia,71,39
2004,Esporte Clube Vitória,Danilo Bueno,Meia,55,3
2004,Esporte Clube Vitória,Maurício,Meia,55,4
2004,Esporte Clube Vitória,Leandro Domingues,Ponta,67,24
2004,Esporte Clube Vitória,Rafael Moura,Atacante,63,4
2004,Esporte Clube Vitória,Gilmar,Atacante,62,20
2004,Esporte Clube Vitória,Enílton,Atacante,61,6
2004,Esporte Clube Vitória,Leonardo,Atacante,56,5
2004,Esporte Clube Vitória,Hulk,Atacante,55,2
2004,Figueirense Futebol Clube,Édson Bastos,Goleiro,70,40
2004,Figueirense Futebol Clube,Filipe Luís,Lateral,59,17
2004,Figueirense Futebol Clube,Márcio Martins,Zagueiro,58,8
2004,Figueirense Futebol Clube,William de Mattia,Volante,54,1
2004,Figueirense Futebol Clube,Sérgio Manoel,Meia,71,15
2004,Figueirense Futebol Clube,Bilú,Meia,65,30
2004,Figueirense Futebol Clube,Carlos Alberto,Meia,63,24
2004,Figueirense Futebol Clube,Alexandre Gaucho,Ponta,60,6
2004,Figueirense Futebol Clube,Marlon,Atacante,68,24
2004,Figueirense Futebol Clube,André Neles,Atacante,62,5
2004,Figueirense Futebol Clube,Rodrigo Silva,Atacante,62,20
2004,Fluminense Football Club,Fernando Henrique,Goleiro,70,40
2004,Fluminense Football Club,Antônio Carlos,Zagueiro,67,39
2004,Fluminense Football Club,Odvan,Zagueiro,64,32
2004,Fluminense Football Club,Filipe Machado,Zagueiro,54,1
2004,Fluminense Football Club,Marcão,Volante,61,22
2004,Fluminense Football Club,Arouca,Volante,57,9
2004,Fluminense Football Club,Ramon Menezes,Meia,73,25
2004,Fluminense Football Club,Roger Flores,Meia,70,33
2004,Fluminense Football Club,Juliano Mineiro,Meia,54,0
2004,Fluminense Football Club,Edmundo,Atacante,71,19
2004,Fluminense Football Club,Rodrigo Tiuí,Atacante,68,18
2004,Fluminense Football Club,Marcelo Macedo,Atacante,67,15
2004,Fluminense Football Club,Diego Souza,Atacante,66,28
2004,Goiás EC,Harlei,Goleiro,71,44
2004,Goiás EC,Leandro Smith,Lateral,55,4
2004,Goiás EC,André Dias,Zagueiro,67,42
2004,Goiás EC,Josué,Volante,67,41
2004,Goiás EC,Paulo Baier,Meia,75,40
2004,Goiás EC,Rodrigo Tabata,Meia,72,37
2004,Goiás EC,Tiago Fraga,Meia,64,30
2004,Goiás EC,Leandro,Atacante,77,41
2004,Grêmio Foot-Ball Porto Alegrense,Galatto,Goleiro,54,0
2004,Grêmio Foot-Ball Porto Alegrense,George Lucas,Lateral,63,18
2004,Grêmio Foot-Ball Porto Alegrense,Capone,Lateral,56,8
2004,Grêmio Foot-Ball Porto Alegrense,Felipe Baloy,Zagueiro,65,32
2004,Grêmio Foot-Ball Porto Alegrense,Fábio Bilica,Zagueiro,62,24
2004,Grêmio Foot-Ball Porto Alegrense,Cocito,Volante,64,34
2004,Grêmio Foot-Ball Porto Alegrense,Felipe Melo,Volante,62,19
2004,Grêmio Foot-Ball Porto Alegrense,Luciano Santos,Volante,59,18
2004,Grêmio Foot-Ball Porto Alegrense,Emerson,Volante,57,10
2004,Grêmio Foot-Ball Porto Alegrense,Douglas Silva,Volante,56,5
2004,Grêmio Foot-Ball Porto Alegrense,Anderson,Meia,60,6
2004,Grêmio Foot-Ball Porto Alegrense,Bruno,Meia,55,4
2004,Grêmio Foot-Ball Porto Alegrense,Michel Bastos,Ponta,65,19
2004,Grêmio Foot-Ball Porto Alegrense,Cláudio Pitbull,Atacante,81,36
2004,Grêmio Foot-Ball Porto Alegrense,Marciano,Atacante,54,1
2004,Guarani Futebol Clube (SP),Patrick,Lateral,64,33
2004,Guarani Futebol Clube (SP),Mariano,Lateral,55,3
2004,Guarani Futebol Clube (SP),João Leonardo,Zagueiro,61,19
2004,Guarani Futebol Clube (SP),Paulo André,Zagueiro,58,13
2004,Guarani Futebol Clube (SP),Tiago,Zagueiro,55,3
2004,Guarani Futebol Clube (SP),Serginho,Volante,56,7
2004,Guarani Futebol Clube (SP),Netinho,Meia,62,11
2004,Guarani Futebol Clube (SP),Caio,Meia,56,5
2004,Guarani Futebol Clube (SP),Harison,Ponta,65,28
2004,Guarani Futebol Clube (SP),Sandro Hiroshi,Atacante,69,33
2004,Guarani Futebol Clube (SP),Valdir Papel,Atacante,66,18
2004,Guarani Futebol Clube (SP),Willian Bigode,Atacante,56,7
2004,Guarani Futebol Clube (SP),Léo,Atacante,55,4
2004,Paraná Clube,Flávio,Goleiro,70,41
2004,Paraná Clube,Edinho,Lateral,64,29
2004,Paraná Clube,Cláudio Roberto,Lateral,60,21
2004,Paraná Clube,Vicente,Lateral,60,18
2004,Paraná Clube,João Paulo,Zagueiro,60,21
2004,Paraná Clube,João Vitor,Zagueiro,59,15
2004,Paraná Clube,Émerson,Zagueiro,58,13
2004,Paraná Clube,Gelson Baresi,Zagueiro,58,14
2004,Paraná Clube,Beto,Volante,65,33
2004,Paraná Clube,Cristian,Meia,68,30
2004,Paraná Clube,Axel,Meia,66,31
2004,Paraná Clube,Goiano,Meia,59,17
2004,Paraná Clube,Nélio,Meia,55,4
2004,Paraná Clube,Galvão,Atacante,77,42
2004,Paraná Clube,Wellington Paulista,Atacante,57,9
2004,Paraná Clube,Marcelo Passos,Atacante,56,6
2004,Paraná Clube,Alexandre Oliveira,Atacante,55,2
2004,Paraná Clube,Vandinho,Atacante,55,3
2004,Paysandu SC,Paulo Musse,Goleiro,69,41
2004,Paysandu SC,Selmir,Atacante,70,4
2004,Santos FC,Júlio Sérgio,Goleiro,58,7
2004,Santos FC,Léo,Lateral,70,44
2004,Santos FC,Márcio Careca,Lateral,55,2
2004,Santos FC,André Luis,Zagueiro,66,38
2004,Santos FC,Alex,Zagueiro,61,4
2004,Santos FC,Domingos,Zagueiro,61,20
2004,Santos FC,Leonardo,Zagueiro,58,9
2004,Santos FC,Pereira,Zagueiro,55,4
2004,Santos FC,Alcides,Zagueiro,55,2
2004,Santos FC,Paulo Almeida,Volante,56,6
2004,Santos FC,Diego,Meia,81,9
2004,Santos FC,Ricardinho,Meia,75,37
2004,Santos FC,Claiton,Meia,60,9
2004,Santos FC,Renato,Meia,56,5
2004,Santos FC,Lopes,Meia,56,5
2004,Santos FC,Robinho,Ponta,89,37
2004,Santos FC,Paulo César,Ponta,69,36
2004,Santos FC,William,Atacante,66,6
2004,Santos FC,Leandro Machado,Atacante,55,4
2004,Sociedade Esportiva Palmeiras,Sérgio,Goleiro,69,38
2004,Sociedade Esportiva Palmeiras,Marcos,Goleiro,63,5
2004,Sociedade Esportiva Palmeiras,Diego Cavalieri,Goleiro,55,3
2004,Sociedade Esportiva Palmeiras,Baiano,Lateral,68,40
2004,Sociedade Esportiva Palmeiras,Lúcio,Lateral,68,43
2004,Sociedade Esportiva Palmeiras,André Rocha,Lateral,56,5
2004,Sociedade Esportiva Palmeiras,Nen,Zagueiro,68,42
2004,Sociedade Esportiva Palmeiras,Daniel da Silva,Zagueiro,59,16
2004,Sociedade Esportiva Palmeiras,Marcinho Guerreiro,Volante,66,38
2004,Sociedade Esportiva Palmeiras,Corrêa,Volante,66,35
2004,Sociedade Esportiva Palmeiras,Alceu,Volante,61,22
2004,Sociedade Esportiva Palmeiras,Claudecir,Volante,60,10
2004,Sociedade Esportiva Palmeiras,Francis,Volante,55,2
2004,Sociedade Esportiva Palmeiras,Thiago Gentil,Meia,69,27
2004,Sociedade Esportiva Palmeiras,Élson,Meia,67,31
2004,Sociedade Esportiva Palmeiras,Vágner Love,Atacante,84,11
2004,Sociedade Esportiva Palmeiras,Osmar,Atacante,78,18
2004,Sociedade Esportiva Palmeiras,León Muñoz,Atacante,70,9
2004,Sociedade Esportiva Palmeiras,Kahê,Atacante,67,14
2004,Sociedade Esportiva Palmeiras,Renaldo,Atacante,57,11
2004,Sociedade Esportiva Palmeiras,Rafael Marques,Atacante,56,6
2004,Sociedade Esportiva Palmeiras,Alex Afonso,Atacante,54,1
2004,Sport Club Corinthians Paulista,Fábio Costa,Goleiro,71,43
2004,Sport Club Corinthians Paulista,Rubinho,Goleiro,63,3
2004,Sport Club Corinthians Paulista,Coelho,Lateral,64,20
2004,Sport Club Corinthians Paulista,Zé Carlos,Lateral,60,15
2004,Sport Club Corinthians Paulista,Fininho,Lateral,57,10
2004,Sport Club Corinthians Paulista,Anderson,Zagueiro,67,42
2004,Sport Club Corinthians Paulista,Betão,Zagueiro,65,37
2004,Sport Club Corinthians Paulista,Marquinhos,Zagueiro,54,1
2004,Sport Club Corinthians Paulista,Wendel,Volante,67,37
2004,Sport Club Corinthians Paulista,Rosinei,Volante,65,29
2004,Sport Club Corinthians Paulista,Edson Sitta,Volante,64,31
2004,Sport Club Corinthians Paulista,Bruno Octávio,Volante,59,15
2004,Sport Club Corinthians Paulista,Fabrício,Volante,55,2
2004,Sport Club Corinthians Paulista,Renato Abreu,Meia,68,35
2004,Sport Club Corinthians Paulista,Élton,Meia,55,3
2004,Sport Club Corinthians Paulista,Fábio Baiano,Ponta,65,28
2004,Sport Club Corinthians Paulista,Jô,Atacante,72,42
2004,Sport Club Corinthians Paulista,Gil,Atacante,71,40
2004,Sport Club Corinthians Paulista,Marcelo Ramos,Atacante,64,29
2004,Sport Club Corinthians Paulista,Alberto,Atacante,60,12
2004,Sport Club Corinthians Paulista,Wilson,Atacante,56,7
2004,Sport Club Corinthians Paulista,Bobô,Atacante,55,4
2004,Sport Club Internacional,Clemer,Goleiro,70,40
2004,Sport Club Internacional,André,Goleiro,58,8
2004,Sport Club Internacional,Chiquinho,Lateral,66,32
2004,Sport Club Internacional,Élder Granja,Lateral,63,23
2004,Sport Club Internacional,Vinícius,Zagueiro,65,32
2004,Sport Club Internacional,Wilson,Zagueiro,63,28
2004,Sport Club Internacional,Bolívar,Zagueiro,62,27
2004,Sport Club Internacional,Marcelo Sangaletti,Zagueiro,61,23
2004,Sport Club Internacional,Juan Herbella,Zagueiro,56,5
2004,Sport Club Internacional,Marabá,Volante,67,37
2004,Sport Club Internacional,Edinho,Volante,66,40
2004,Sport Club Internacional,Alex,Meia,67,20
2004,Sport Club Internacional,Diego Barcellos,Meia,67,22
2004,Sport Club Internacional,Diego Gavilán,Meia,65,31
2004,Sport Club Internacional,Rodrigo Paulista,Meia,63,8
2004,Sport Club Internacional,Cleiton Xavier,Meia,62,22
2004,Sport Club Internacional,Diogo Barcellos,Meia,61,5
2004,Sport Club Internacional,Wellington,Meia,61,24
2004,Sport Club Internacional,Galego,Ponta,57,11
2004,Sport Club Internacional,Fernandão,Atacante,77,25
2004,Sport Club Internacional,Nilmar,Atacante,71,14
2004,Sport Club Internacional,Rafael Sóbis,Atacante,70,34
2004,Sport Club Internacional,Didi,Atacante,55,4
2004,São Paulo Futebol Clube,Cicinho,Lateral,73,43
2004,São Paulo Futebol Clube,Fábio Santos,Lateral,63,27
2004,São Paulo Futebol Clube,Gustavo Nery,Lateral,63,8
2004,São Paulo Futebol Clube,Diego Lugano,Zagueiro,68,34
2004,São Paulo Futebol Clube,Fabão,Zagueiro,67,38
2004,São Paulo Futebol Clube,Edcarlos,Zagueiro,57,11
2004,São Paulo Futebol Clube,Alê,Volante,63,30
2004,São Paulo Futebol Clube,Renan Teixeira,Volante,63,26
2004,São Paulo Futebol Clube,Danilo,Meia,73,40
2004,São Paulo Futebol Clube,Marquinhos,Meia,64,7
2004,São Paulo Futebol Clube,Nildo,Meia,62,10
2004,São Paulo Futebol Clube,Luís Fabiano,Atacante,75,8
2004,São Paulo Futebol Clube,Diego Tardelli,Atacante,70,29
2005,AD São Caetano (SP),Triguinho,Lateral,68,38
2005,AD São Caetano (SP),Alessandro,Lateral,65,29
2005,AD São Caetano (SP),Douglas,Zagueiro,64,29
2005,AD São Caetano (SP),Emerson,Zagueiro,55,4
2005,AD São Caetano (SP),Claudecir,Volante,66,21
2005,AD São Caetano (SP),Júlio César,Volante,63,28
2005,AD São Caetano (SP),Germano,Volante,55,3
2005,AD São Caetano (SP),Marcinho,Meia,70,1
2005,AD São Caetano (SP),Marcio Richardes,Meia,70,22
2005,AD São Caetano (SP),Lúcio Flávio,Meia,57,10
2005,AD São Caetano (SP),Mateus Borges,Meia,55,2
2005,AD São Caetano (SP),Edu Sales,Atacante,65,3
2005,AD São Caetano (SP),Márcio Mixirica,Atacante,63,18
2005,AD São Caetano (SP),Élton,Atacante,55,2
2005,Associação Atlética Ponte Preta,Lauro,Goleiro,69,40
2005,Associação Atlética Ponte Preta,Aranha,Goleiro,58,4
2005,Associação Atlética Ponte Preta,Bruno Recife,Lateral,67,36
2005,Associação Atlética Ponte Preta,Rafael Santos,Zagueiro,63,23
2005,Associação Atlética Ponte Preta,Thiago Matias,Zagueiro,59,14
2005,Associação Atlética Ponte Preta,Élson,Meia,63,17
2005,Associação Atlética Ponte Preta,Harison,Ponta,64,7
2005,Associação Atlética Ponte Preta,Kahê,Atacante,77,20
2005,Associação Atlética Ponte Preta,Roger Silva,Atacante,75,4
2005,Associação Atlética Ponte Preta,Zé Carlos,Atacante,65,7
2005,Atlético Paranaense,Diego,Goleiro,65,28
2005,Atlético Paranaense,Tiago Cardoso,Goleiro,63,13
2005,Atlético Paranaense,Jancarlos,Lateral,66,27
2005,Atlético Paranaense,André Rocha,Lateral,59,14
2005,Atlético Paranaense,Beto,Lateral,56,5
2005,Atlético Paranaense,Danilo,Zagueiro,67,36
2005,Atlético Paranaense,Marcão,Zagueiro,65,29
2005,Atlético Paranaense,Paulo André,Zagueiro,64,28
2005,Atlético Paranaense,Felipe Baloy,Zagueiro,56,5
2005,Atlético Paranaense,Alan Bahia,Volante,67,30
2005,Atlético Paranaense,Marcus Winícius,Volante,58,11
2005,Atlético Paranaense,Cocito,Volante,57,10
2005,Atlético Paranaense,David Ferreira,Meia,72,24
2005,Atlético Paranaense,Evandro,Meia,67,28
2005,Atlético Paranaense,Fabrício,Meia,66,17
2005,Atlético Paranaense,Cristian,Meia,60,17
2005,Atlético Paranaense,Lima,Atacante,80,26
2005,Atlético Paranaense,Schumacher,Atacante,66,11
2005,Atlético Paranaense,Denis Marques,Atacante,65,14
2005,Atlético Paranaense,Aloisio Chulapa,Atacante,65,15
2005,Atlético Paranaense,Caetano Calil,Atacante,63,12
2005,Atlético Paranaense,Cléo,Atacante,62,5
2005,Atlético Paranaense,Dagoberto,Atacante,60,8
2005,Botafogo de Futebol e Regatas,Max,Goleiro,65,25
2005,Botafogo de Futebol e Regatas,Jefferson,Goleiro,60,7
2005,Botafogo de Futebol e Regatas,Oziel,Lateral,58,11
2005,Botafogo de Futebol e Regatas,Rafael Marques,Zagueiro,67,36
2005,Botafogo de Futebol e Regatas,Rafael Scheidt,Zagueiro,66,36
2005,Botafogo de Futebol e Regatas,Émerson,Zagueiro,61,17
2005,Botafogo de Futebol e Regatas,Juninho,Zagueiro,56,6
2005,Botafogo de Futebol e Regatas,Túlio Guerreiro,Volante,62,13
2005,Botafogo de Futebol e Regatas,Leandro Carvalho,Volante,61,18
2005,Botafogo de Futebol e Regatas,Thiago Xavier,Volante,56,5
2005,Botafogo de Futebol e Regatas,Márcio Gomes,Volante,55,2
2005,Botafogo de Futebol e Regatas,Ramon Menezes,Meia,66,24
2005,Botafogo de Futebol e Regatas,Ruy Cabeção,Meia,63,21
2005,Botafogo de Futebol e Regatas,Almir,Meia,63,22
2005,Botafogo de Futebol e Regatas,Alex Alves,Atacante,78,37
2005,Botafogo de Futebol e Regatas,Caio Ribeiro,Atacante,66,27
2005,Botafogo de Futebol e Regatas,Ricardinho,Atacante,64,23
2005,Brasiliense FC (DF),Márcio Careca,Lateral,66,33
2005,Brasiliense FC (DF),Turatto,Zagueiro,62,18
2005,Brasiliense FC (DF),Régis,Zagueiro,60,14
2005,Brasiliense FC (DF),Cleiton Xavier,Meia,54,1
2005,Brasiliense FC (DF),Dill,Ponta,60,9
2005,Brasiliense FC (DF),Igor Castro,Atacante,75,36
2005,CR Flamengo,Diego,Goleiro,72,42
2005,CR Flamengo,China,Lateral,56,5
2005,CR Flamengo,Augusto Recife,Volante,61,21
2005,CR Flamengo,Renato Abreu,Meia,76,38
2005,CR Flamengo,Jônatas,Meia,66,32
2005,CR Flamengo,Fellype Gabriel,Meia,66,30
2005,CR Flamengo,Vinícius Pacheco,Meia,62,4
2005,CR Flamengo,Caio,Meia,55,4
2005,CR Flamengo,Renato Augusto,Meia,55,2
2005,CR Flamengo,Diego Souza,Atacante,68,22
2005,CR Flamengo,Josafá,Atacante,63,11
2005,CR Flamengo,Fábio Júnior,Atacante,56,5
2005,CR Flamengo,Bruno Mezenga,Atacante,56,5
2005,Clube Atlético Mineiro,Diego Alves,Goleiro,54,1
2005,Clube Atlético Mineiro,Rubens Cardoso,Lateral,67,33
2005,Clube Atlético Mineiro,George Lucas,Lateral,60,19
2005,Clube Atlético Mineiro,Edílson,Lateral,58,5
2005,Clube Atlético Mineiro,Thiago Feltri,Lateral,56,5
2005,Clube Atlético Mineiro,Esquerdinha,Lateral,56,5
2005,Clube Atlético Mineiro,Julio Cáceres,Zagueiro,63,20
2005,Clube Atlético Mineiro,Lima,Zagueiro,62,24
2005,Clube Atlético Mineiro,André Luiz,Zagueiro,57,10
2005,Clube Atlético Mineiro,Marquinhos,Zagueiro,56,7
2005,Clube Atlético Mineiro,Walker,Volante,62,23
2005,Clube Atlético Mineiro,Rafael Miranda,Volante,61,21
2005,Clube Atlético Mineiro,Ataliba,Meia,61,15
2005,Clube Atlético Mineiro,Ramón,Meia,59,14
2005,Clube Atlético Mineiro,Tchô,Meia,55,4
2005,Clube Atlético Mineiro,Rodriguinho,Meia,55,2
2005,Clube Atlético Mineiro,Fábio Baiano,Ponta,62,21
2005,Clube Atlético Mineiro,Livio Prieto,Ponta,55,3
2005,Clube Atlético Mineiro,Éder Luís,Ponta,55,4
2005,Clube Atlético Mineiro,Euller,Atacante,71,26
2005,Clube Atlético Mineiro,Catanha,Atacante,65,16
2005,Clube Atlético Mineiro,Luís Mário,Atacante,63,19
2005,Clube Atlético Mineiro,Quirino,Atacante,61,7
2005,Clube de Regatas Vasco da Gama,Roberto Volpato,Goleiro,67,28
2005,Clube de Regatas Vasco da Gama,Fernandinho,Lateral,65,18
2005,Clube de Regatas Vasco da Gama,Jorginho Paulista,Lateral,57,9
2005,Clube de Regatas Vasco da Gama,Ciro Sena,Zagueiro,58,11
2005,Clube de Regatas Vasco da Gama,Ygor,Volante,62,24
2005,Clube de Regatas Vasco da Gama,Amaral,Volante,60,17
2005,Clube de Regatas Vasco da Gama,Coutinho,Volante,59,5
2005,Clube de Regatas Vasco da Gama,Silva,Volante,56,5
2005,Clube de Regatas Vasco da Gama,Felipe Alves,Volante,55,4
2005,Clube de Regatas Vasco da Gama,Morais,Meia,72,33
2005,Clube de Regatas Vasco da Gama,Têti,Meia,56,7
2005,Clube de Regatas Vasco da Gama,Leozinho,Meia,54,1
2005,Clube de Regatas Vasco da Gama,José Dominguez,Ponta,60,7
2005,Clube de Regatas Vasco da Gama,Muriqui,Ponta,55,2
2005,Clube de Regatas Vasco da Gama,Anderson Costa,Atacante,67,9
2005,Clube de Regatas Vasco da Gama,Elbinho,Atacante,56,5
2005,Clube de Regatas Vasco da Gama,Marco Brito,Atacante,56,7
2005,Clube de Regatas Vasco da Gama,Bruno Meneghel,Atacante,55,3
2005,Coritiba Foot Ball Club,Douglas,Goleiro,64,24
2005,Coritiba Foot Ball Club,Fernando Vizzotto,Goleiro,61,12
2005,Coritiba Foot Ball Club,Ricardinho,Lateral,69,39
2005,Coritiba Foot Ball Club,Rafinha,Lateral,67,13
2005,Coritiba Foot Ball Club,James Dens,Lateral,59,16
2005,Coritiba Foot Ball Club,Rubens Júnior,Lateral,58,13
2005,Coritiba Foot Ball Club,Vágner,Zagueiro,65,28
2005,Coritiba Foot Ball Club,Flávio Rogério,Zagueiro,61,22
2005,Coritiba Foot Ball Club,Reginaldo Nascimento,Volante,65,31
2005,Coritiba Foot Ball Club,Daniel Braga,Volante,60,18
2005,Coritiba Foot Ball Club,Jackson,Meia,70,39
2005,Coritiba Foot Ball Club,Caio,Meia,68,32
2005,Coritiba Foot Ball Club,Capixaba,Meia,68,32
2005,Coritiba Foot Ball Club,Marquinhos,Meia,64,15
2005,Coritiba Foot Ball Club,Márcio Egídio,Meia,62,21
2005,Coritiba Foot Ball Club,Batata,Meia,61,14
2005,Coritiba Foot Ball Club,Anderson Gomes,Ponta,55,3
2005,Coritiba Foot Ball Club,Alcimar,Atacante,67,15
2005,Coritiba Foot Ball Club,Renaldo,Atacante,67,21
2005,Coritiba Foot Ball Club,Tiago Cavalcanti,Atacante,67,16
2005,Coritiba Foot Ball Club,Alexandre Oliveira,Atacante,65,16
2005,Coritiba Foot Ball Club,Marcelo Peabiru,Atacante,63,14
2005,Coritiba Foot Ball Club,Marciano,Atacante,59,15
2005,Cruzeiro Esporte Clube,Fábio,Goleiro,70,39
2005,Cruzeiro Esporte Clube,Artur Moraes,Goleiro,59,3
2005,Cruzeiro Esporte Clube,Patrick,Lateral,60,14
2005,Cruzeiro Esporte Clube,Jonathan,Lateral,60,19
2005,Cruzeiro Esporte Clube,Athirson,Lateral,58,6
2005,Cruzeiro Esporte Clube,Marcelo Batatais,Zagueiro,65,30
2005,Cruzeiro Esporte Clube,Gladstone,Zagueiro,59,4
2005,Cruzeiro Esporte Clube,Argel Fuchs,Zagueiro,57,10
2005,Cruzeiro Esporte Clube,Marabá,Volante,61,21
2005,Cruzeiro Esporte Clube,Adriano Gabirú,Meia,74,39
2005,Cruzeiro Esporte Clube,Lopes,Meia,60,11
2005,Cruzeiro Esporte Clube,Ruy Cabeção,Meia,55,3
2005,Cruzeiro Esporte Clube,Alecsandro,Atacante,78,18
2005,Cruzeiro Esporte Clube,Fred,Atacante,76,19
2005,Cruzeiro Esporte Clube,Tadeu,Atacante,55,2
2005,Esporte Clube Juventude,Doni,Goleiro,64,20
2005,Esporte Clube Juventude,Edu Silva,Lateral,62,2
2005,Esporte Clube Juventude,Fininho,Lateral,56,7
2005,Esporte Clube Juventude,Naldo,Zagueiro,68,9
2005,Esporte Clube Juventude,Índio Alagoano,Zagueiro,59,16
2005,Esporte Clube Juventude,Lauro,Volante,66,28
2005,Esporte Clube Juventude,Camazzola,Volante,59,14
2005,Esporte Clube Juventude,Ederson Tormena,Volante,59,16
2005,Esporte Clube Juventude,Wellington Monteiro,Volante,56,6
2005,Esporte Clube Juventude,Túlio Souza,Volante,54,1
2005,Esporte Clube Juventude,Caíco,Meia,65,23
2005,Esporte Clube Juventude,William Fabro,Meia,65,11
2005,Esporte Clube Juventude,Roger Guerreiro,Meia,65,21
2005,Esporte Clube Juventude,Bruno Lança,Meia,63,18
2005,Esporte Clube Juventude,Zé Rodolpho,Ponta,56,7
2005,Esporte Clube Juventude,Daniel Côrtes,Ponta,56,6
2005,Esporte Clube Juventude,Enílton,Atacante,82,25
2005,Esporte Clube Juventude,Josiel,Atacante,71,16
2005,Esporte Clube Juventude,Túlio Maravilha,Atacante,63,12
2005,Esporte Clube Juventude,Marlon,Atacante,56,6
2005,Esporte Clube Juventude,Marcelo Macedo,Atacante,55,3
2005,Figueirense Futebol Clube,Édson Bastos,Goleiro,69,35
2005,Figueirense Futebol Clube,Dalton,Goleiro,54,1
2005,Figueirense Futebol Clube,Márcio Martins,Zagueiro,62,14
2005,Figueirense Futebol Clube,Flávio,Volante,57,10
2005,Figueirense Futebol Clube,Bilú,Meia,68,35
2005,Figueirense Futebol Clube,Carlos Alberto,Meia,65,27
2005,Figueirense Futebol Clube,Bruno Ribeiro,Meia,65,10
2005,Figueirense Futebol Clube,Axel,Meia,59,14
2005,Figueirense Futebol Clube,Sérgio Manoel,Meia,57,9
2005,Figueirense Futebol Clube,Nildo,Meia,57,8
2005,Figueirense Futebol Clube,Michel Bastos,Ponta,74,35
2005,Figueirense Futebol Clube,Edmundo,Atacante,79,31
2005,Figueirense Futebol Clube,Rodrigo Silva,Atacante,60,8
2005,Figueirense Futebol Clube,Thiago Silvy,Atacante,56,6
2005,Figueirense Futebol Clube,Cléo,Atacante,55,2
2005,Figueirense Futebol Clube,Edno,Atacante,55,2
2005,Fluminense Football Club,Marcelo,Lateral,54,1
2005,Fluminense Football Club,Igor,Zagueiro,67,36
2005,Fluminense Football Club,Milton do Ó,Zagueiro,60,13
2005,Fluminense Football Club,Antônio Carlos,Zagueiro,58,6
2005,Fluminense Football Club,Arouca,Volante,66,33
2005,Fluminense Football Club,Marcão,Volante,65,24
2005,Fluminense Football Club,Radamés,Volante,59,16
2005,Fluminense Football Club,Dejan Petkovic,Meia,76,20
2005,Fluminense Football Club,Juninho Arcanjo,Meia,63,23
2005,Fluminense Football Club,Juliano Mineiro,Meia,55,2
2005,Fluminense Football Club,Tuta,Atacante,79,33
2005,Fluminense Football Club,Leandro,Atacante,68,28
2005,Fluminense Football Club,Rodrigo Tiuí,Atacante,67,28
2005,Fluminense Football Club,Diego Souza,Atacante,55,4
2005,Fortaleza Esporte Clube,Albérico,Goleiro,60,10
2005,Fortaleza Esporte Clube,Amaral,Lateral,64,26
2005,Fortaleza Esporte Clube,Marquinhos Caruaru,Lateral,63,24
2005,Fortaleza Esporte Clube,Alan,Zagueiro,66,33
2005,Fortaleza Esporte Clube,Gabriel,Zagueiro,55,2
2005,Fortaleza Esporte Clube,Nivaldo,Zagueiro,54,1
2005,Fortaleza Esporte Clube,Erandir,Volante,67,38
2005,Fortaleza Esporte Clube,Lúcio,Meia,71,32
2005,Fortaleza Esporte Clube,Fumagalli,Meia,71,34
2005,Fortaleza Esporte Clube,Igor Cearense,Meia,63,24
2005,Fortaleza Esporte Clube,Danilo Cruz,Meia,55,2
2005,Fortaleza Esporte Clube,Alex Afonso,Atacante,67,14
2005,Fortaleza Esporte Clube,Marcos Denner,Atacante,62,18
2005,Fortaleza Esporte Clube,Ari,Atacante,55,3
2005,Fortaleza Esporte Clube,André Neles,Atacante,54,1
2005,Goiás EC,Harlei,Goleiro,72,42
2005,Goiás EC,Vítor,Lateral,59,13
2005,Goiás EC,André Dias,Zagueiro,66,32
2005,Goiás EC,Rogerio Correa,Zagueiro,59,14
2005,Goiás EC,Marcelo Silva,Volante,57,9
2005,Goiás EC,Rodrigo Tabata,Meia,74,39
2005,Goiás EC,Paulo Baier,Meia,71,32
2005,Goiás EC,Tiago Fraga,Meia,58,12
2005,Goiás EC,Válber,Meia,55,3
2005,Goiás EC,Souza,Atacante,81,33
2005,Goiás EC,Roni,Atacante,72,27
2005,Goiás EC,Dodô,Atacante,67,15
2005,Goiás EC,Michel Neves,Atacante,54,1
2005,Paraná Clube,Flávio,Goleiro,71,36
2005,Paraná Clube,Marcos Leandro,Goleiro,54,1
2005,Paraná Clube,Vicente,Lateral,64,31
2005,Paraná Clube,Edinho,Lateral,61,19
2005,Paraná Clube,Parral,Lateral,60,7
2005,Paraná Clube,Alex Ferreira,Lateral,55,4
2005,Paraná Clube,Marcos,Zagueiro,64,29
2005,Paraná Clube,João Paulo,Zagueiro,58,13
2005,Paraná Clube,Neguete,Zagueiro,58,6
2005,Paraná Clube,Beto,Volante,67,33
2005,Paraná Clube,Rafael Muçamba,Volante,65,30
2005,Paraná Clube,Pierre,Volante,58,13
2005,Paraná Clube,Xaves,Volante,55,2
2005,Paraná Clube,Thiago Neves,Meia,67,30
2005,Paraná Clube,Maicosuel,Meia,59,14
2005,Paraná Clube,Goiano,Meia,56,7
2005,Paraná Clube,Flavinho,Ponta,57,9
2005,Paraná Clube,Sandro Mendonça,Atacante,69,16
2005,Paraná Clube,Fernando Gaúcho,Atacante,63,12
2005,Paraná Clube,Renaldo,Atacante,61,6
2005,Paraná Clube,Wellington Paulista,Atacante,58,13
2005,Paysandu SC,Cláudio Roberto,Lateral,56,6
2005,Paysandu SC,Renatinho Carioca,Lateral,55,2
2005,Paysandu SC,João Carlos,Zagueiro,60,11
2005,Paysandu SC,Felipe Saad,Zagueiro,58,13
2005,Paysandu SC,Carlos Alberto,Volante,56,6
2005,Paysandu SC,Rafael Moura,Atacante,74,14
2005,Paysandu SC,Fabrício Ceará,Atacante,56,7
2005,Paysandu SC,Luiz Carlos,Atacante,55,2
2005,Paysandu SC,Anselmo,Atacante,55,4
2005,Santos FC,Saulo,Goleiro,64,24
2005,Santos FC,Kléber,Lateral,59,15
2005,Santos FC,Léo,Lateral,58,6
2005,Santos FC,Halisson,Zagueiro,63,22
2005,Santos FC,Rogério Conceição,Zagueiro,61,19
2005,Santos FC,Matheus Ferraz,Zagueiro,55,4
2005,Santos FC,Leonardo,Zagueiro,55,3
2005,Santos FC,Ricardinho,Meia,74,35
2005,Santos FC,Diogo Barcellos,Meia,62,11
2005,Santos FC,Rossini,Meia,55,3
2005,Santos FC,Tcheco,Meia,55,2
2005,Santos FC,Robinho,Ponta,84,11
2005,Santos FC,Wendel,Ponta,64,26
2005,Santos FC,Paulo César,Ponta,64,29
2005,Santos FC,Danilinho,Ponta,57,9
2005,Santos FC,Geilson,Atacante,75,22
2005,Santos FC,Cláudio Pitbull,Atacante,67,11
2005,Santos FC,Luizão,Atacante,56,5
2005,Sociedade Esportiva Palmeiras,Marcos,Goleiro,62,22
2005,Sociedade Esportiva Palmeiras,Sérgio,Goleiro,62,20
2005,Sociedade Esportiva Palmeiras,Baiano,Lateral,62,16
2005,Sociedade Esportiva Palmeiras,Fabiano,Lateral,62,21
2005,Sociedade Esportiva Palmeiras,Lúcio,Lateral,61,15
2005,Sociedade Esportiva Palmeiras,Daniel da Silva,Zagueiro,68,32
2005,Sociedade Esportiva Palmeiras,Carlos Gamarra,Zagueiro,65,30
2005,Sociedade Esportiva Palmeiras,Leonardo Silva,Zagueiro,60,17
2005,Sociedade Esportiva Palmeiras,Nen,Zagueiro,59,12
2005,Sociedade Esportiva Palmeiras,Roger Bernardo,Zagueiro,59,16
2005,Sociedade Esportiva Palmeiras,Corrêa,Volante,69,36
2005,Sociedade Esportiva Palmeiras,Marcinho Guerreiro,Volante,66,33
2005,Sociedade Esportiva Palmeiras,Alceu,Volante,60,19
2005,Sociedade Esportiva Palmeiras,Marcinho,Meia,78,38
2005,Sociedade Esportiva Palmeiras,Juninho Paulista,Meia,77,37
2005,Sociedade Esportiva Palmeiras,Reinaldo,Meia,60,11
2005,Sociedade Esportiva Palmeiras,Cristian,Meia,58,13
2005,Sociedade Esportiva Palmeiras,Bruno Ribeiro,Meia,55,4
2005,Sociedade Esportiva Palmeiras,Michael,Ponta,60,9
2005,Sociedade Esportiva Palmeiras,Washington,Atacante,77,32
2005,Sociedade Esportiva Palmeiras,Sergio Gioino,Atacante,71,31
2005,Sociedade Esportiva Palmeiras,Osmar,Atacante,63,4
2005,Sociedade Esportiva Palmeiras,Cláudio,Atacante,56,6
2005,Sport Club Corinthians Paulista,Fábio Costa,Goleiro,68,33
2005,Sport Club Corinthians Paulista,Marcelo,Goleiro,58,6
2005,Sport Club Corinthians Paulista,Gustavo Nery,Lateral,69,34
2005,Sport Club Corinthians Paulista,Eduardo Ratinho,Lateral,64,19
2005,Sport Club Corinthians Paulista,Coelho,Lateral,63,16
2005,Sport Club Corinthians Paulista,Betão,Zagueiro,67,37
2005,Sport Club Corinthians Paulista,Marinho,Zagueiro,64,27
2005,Sport Club Corinthians Paulista,Sebastián Domínguez,Zagueiro,59,11
2005,Sport Club Corinthians Paulista,Wescley,Zagueiro,59,11
2005,Sport Club Corinthians Paulista,Rosinei,Volante,71,33
2005,Sport Club Corinthians Paulista,Marcelo Mattos,Volante,69,35
2005,Sport Club Corinthians Paulista,Edson Sitta,Volante,63,22
2005,Sport Club Corinthians Paulista,Wendel,Volante,63,28
2005,Sport Club Corinthians Paulista,Bruno Octávio,Volante,60,17
2005,Sport Club Corinthians Paulista,Fabrício,Volante,59,15
2005,Sport Club Corinthians Paulista,Roger Flores,Meia,73,30
2005,Sport Club Corinthians Paulista,Carlos Alberto,Meia,72,30
2005,Sport Club Corinthians Paulista,Hugo,Meia,64,24
2005,Sport Club Corinthians Paulista,Dinélson,Meia,62,14
2005,Sport Club Corinthians Paulista,Carlos Tevez,Atacante,93,29
2005,Sport Club Corinthians Paulista,Nilmar,Atacante,70,20
2005,Sport Club Corinthians Paulista,Jô,Atacante,67,25
2005,Sport Club Corinthians Paulista,Bobô,Atacante,65,14
2005,Sport Club Internacional,Clemer,Goleiro,69,34
2005,Sport Club Internacional,Marcelo Boeck,Goleiro,58,5
2005,Sport Club Internacional,Élder Granja,Lateral,67,36
2005,Sport Club Internacional,Ceará,Lateral,58,13
2005,Sport Club Internacional,Índio,Zagueiro,63,24
2005,Sport Club Internacional,Vinícius,Zagueiro,62,20
2005,Sport Club Internacional,Wilson,Zagueiro,62,22
2005,Sport Club Internacional,Ediglê,Zagueiro,60,16
2005,Sport Club Internacional,Bolívar,Zagueiro,58,11
2005,Sport Club Internacional,Edinho,Volante,66,37
2005,Sport Club Internacional,Perdigão,Volante,62,25
2005,Sport Club Internacional,Tinga,Meia,69,34
2005,Sport Club Internacional,Alex,Meia,64,18
2005,Sport Club Internacional,Ricardinho,Meia,64,23
2005,Sport Club Internacional,Diego Gavilán,Meia,63,26
2005,Sport Club Internacional,Wellington,Meia,62,24
2005,Sport Club Internacional,Márcio Mossoró,Meia,61,18
2005,Sport Club Internacional,Jorge Wagner,Ponta,74,37
2005,Sport Club Internacional,Rafael Sóbis,Atacante,83,35
2005,Sport Club Internacional,Fernandão,Atacante,77,36
2005,Sport Club Internacional,Wason Rentería,Atacante,69,10
2005,Sport Club Internacional,Iarley,Atacante,68,13
2005,Sport Club Internacional,Gustavo Papa,Atacante,65,18
2005,São Paulo Futebol Clube,Cicinho,Lateral,75,27
2005,São Paulo Futebol Clube,Fábio Santos,Lateral,59,13
2005,São Paulo Futebol Clube,Diego Lugano,Zagueiro,70,27
2005,São Paulo Futebol Clube,Edcarlos,Zagueiro,65,29
2005,São Paulo Futebol Clube,Fabão,Zagueiro,63,24
2005,São Paulo Futebol Clube,Josué,Volante,66,31
2005,São Paulo Futebol Clube,Renan Teixeira,Volante,61,20
2005,São Paulo Futebol Clube,Alê,Volante,57,8
2005,São Paulo Futebol Clube,Denílson,Volante,57,10
2005,São Paulo Futebol Clube,Davi,Volante,55,4
2005,São Paulo Futebol Clube,Danilo,Meia,70,31
2005,São Paulo Futebol Clube,Hernanes,Meia,64,16
2005,São Paulo Futebol Clube,Thiago Ribeiro,Ponta,67,11
2005,São Paulo Futebol Clube,Luizão,Atacante,68,5
2005,São Paulo Futebol Clube,Roger Silva,Atacante,65,18
2005,São Paulo Futebol Clube,Diego Tardelli,Atacante,62,19
2006,AD São Caetano (SP),Anderson Lima,Lateral,67,25
2006,AD São Caetano (SP),Triguinho,Lateral,62,19
2006,AD São Caetano (SP),Alessandro,Lateral,59,14
2006,AD São Caetano (SP),Jonas,Lateral,59,6
2006,AD São Caetano (SP),Maurício Ramos,Zagueiro,56,6
2006,AD São Caetano (SP),Marabá,Volante,65,26
2006,AD São Caetano (SP),Rafael Muçamba,Volante,62,21
2006,AD São Caetano (SP),Élton,Meia,66,29
2006,AD São Caetano (SP),Dinélson,Meia,58,11
2006,AD São Caetano (SP),Fernando Gabriel,Meia,54,1
2006,AD São Caetano (SP),Gustavo Papa,Atacante,66,13
2006,AD São Caetano (SP),Diego Tardelli,Atacante,61,7
2006,AD São Caetano (SP),Igor Castro,Atacante,57,8
2006,Associação Atlética Ponte Preta,Aranha,Goleiro,60,8
2006,Associação Atlética Ponte Preta,Nei,Lateral,64,26
2006,Associação Atlética Ponte Preta,Régis,Zagueiro,63,20
2006,Associação Atlética Ponte Preta,Thiago Matias,Zagueiro,62,19
2006,Associação Atlética Ponte Preta,Rafael Santos,Zagueiro,62,19
2006,Associação Atlética Ponte Preta,Juliano Cavalheiro,Zagueiro,56,6
2006,Associação Atlética Ponte Preta,Ricardo Conceição,Volante,68,33
2006,Associação Atlética Ponte Preta,Thiago Carpini,Volante,58,12
2006,Associação Atlética Ponte Preta,Almir,Meia,68,26
2006,Associação Atlética Ponte Preta,Fábio Baiano,Ponta,58,12
2006,Associação Atlética Ponte Preta,Tuto,Atacante,76,31
2006,Associação Atlética Ponte Preta,Luís Mário,Atacante,66,23
2006,Associação Atlética Ponte Preta,Wanderley,Atacante,58,11
2006,Associação Atlética Ponte Preta,Marco Brito,Atacante,56,5
2006,Associação Atlética Ponte Preta,Ricardinho,Atacante,55,2
2006,Associação Atlética Ponte Preta,Daniel,Atacante,54,1
2006,Atlético Paranaense,Cléber,Goleiro,70,36
2006,Atlético Paranaense,Tiago Cardoso,Goleiro,54,1
2006,Atlético Paranaense,Jancarlos,Lateral,64,26
2006,Atlético Paranaense,Michel,Lateral,62,18
2006,Atlético Paranaense,Ivan,Lateral,60,15
2006,Atlético Paranaense,Danilo,Zagueiro,67,34
2006,Atlético Paranaense,João Leonardo,Zagueiro,64,27
2006,Atlético Paranaense,Alex Fraga,Zagueiro,58,12
2006,Atlético Paranaense,César,Zagueiro,57,7
2006,Atlético Paranaense,Paulo André,Zagueiro,57,9
2006,Atlético Paranaense,Alan Bahia,Volante,68,30
2006,Atlético Paranaense,Erandir,Volante,66,29
2006,Atlético Paranaense,Marcelo Silva,Volante,63,19
2006,Atlético Paranaense,David Ferreira,Meia,72,36
2006,Atlético Paranaense,Cristian,Meia,67,26
2006,Atlético Paranaense,William Fabro,Meia,65,13
2006,Atlético Paranaense,Válber,Meia,64,22
2006,Atlético Paranaense,Evandro,Meia,62,16
2006,Atlético Paranaense,Fabrício,Meia,60,15
2006,Atlético Paranaense,Pedro Oldoni,Atacante,78,15
2006,Atlético Paranaense,Marcos Aurélio,Atacante,76,21
2006,Atlético Paranaense,Denis Marques,Atacante,72,31
2006,Atlético Paranaense,Paulo Rink,Atacante,61,13
2006,Botafogo de Futebol e Regatas,Júlio César,Goleiro,61,2
2006,Botafogo de Futebol e Regatas,Max,Goleiro,59,12
2006,Botafogo de Futebol e Regatas,Jefferson Feijão,Lateral,54,1
2006,Botafogo de Futebol e Regatas,Juninho,Zagueiro,66,26
2006,Botafogo de Futebol e Regatas,Rafael Marques,Zagueiro,63,24
2006,Botafogo de Futebol e Regatas,Rafael Scheidt,Zagueiro,60,15
2006,Botafogo de Futebol e Regatas,Felipe Saad,Zagueiro,57,9
2006,Botafogo de Futebol e Regatas,Alê,Volante,58,11
2006,Botafogo de Futebol e Regatas,Thiago Xavier,Volante,58,11
2006,Botafogo de Futebol e Regatas,Leandro Carvalho,Volante,55,3
2006,Botafogo de Futebol e Regatas,Claiton,Meia,68,31
2006,Botafogo de Futebol e Regatas,Ruy Cabeção,Meia,62,23
2006,Botafogo de Futebol e Regatas,Lúcio Flávio,Meia,61,6
2006,Botafogo de Futebol e Regatas,Ataliba,Meia,60,15
2006,Botafogo de Futebol e Regatas,Sérgio Manoel,Meia,57,8
2006,Botafogo de Futebol e Regatas,Capixaba,Meia,55,2
2006,Botafogo de Futebol e Regatas,Dodô,Atacante,78,12
2006,Botafogo de Futebol e Regatas,Lima,Atacante,68,12
2006,CR Flamengo,Diego,Goleiro,66,20
2006,CR Flamengo,Egídio,Lateral,54,1
2006,CR Flamengo,Emerson,Zagueiro,54,1
2006,CR Flamengo,Renato Abreu,Meia,75,33
2006,CR Flamengo,Renato Augusto,Meia,66,24
2006,CR Flamengo,Vinícius Pacheco,Meia,64,18
2006,CR Flamengo,Jônatas,Meia,60,10
2006,CR Flamengo,Fellype Gabriel,Meia,56,6
2006,CR Flamengo,Sávio,Ponta,60,10
2006,CR Flamengo,Horacio Peralta,Atacante,64,8
2006,CR Flamengo,Luizão,Atacante,61,11
2006,CR Flamengo,Jajá,Atacante,59,5
2006,CR Flamengo,Marcelo Macedo,Atacante,55,2
2006,CR Flamengo,Diego Souza,Atacante,54,1
2006,CR Flamengo,Bruno Mezenga,Atacante,54,1
2006,Clube de Regatas Vasco da Gama,Cássio,Goleiro,71,36
2006,Clube de Regatas Vasco da Gama,Roberto Volpato,Goleiro,55,2
2006,Clube de Regatas Vasco da Gama,Jorge Luiz,Zagueiro,63,24
2006,Clube de Regatas Vasco da Gama,Emiliano Dudar,Zagueiro,57,8
2006,Clube de Regatas Vasco da Gama,Andrade,Volante,68,30
2006,Clube de Regatas Vasco da Gama,Ygor,Volante,68,33
2006,Clube de Regatas Vasco da Gama,Amaral,Volante,60,13
2006,Clube de Regatas Vasco da Gama,Alberoni,Volante,59,6
2006,Clube de Regatas Vasco da Gama,Coutinho,Volante,58,12
2006,Clube de Regatas Vasco da Gama,Morais,Meia,72,26
2006,Clube de Regatas Vasco da Gama,Ramon Menezes,Meia,71,27
2006,Clube de Regatas Vasco da Gama,Fábio Júnior,Atacante,64,10
2006,Clube de Regatas Vasco da Gama,Bruno Meneghel,Atacante,55,2
2006,Clube de Regatas Vasco da Gama,Valdir Papel,Atacante,55,2
2006,Clube de Regatas Vasco da Gama,Luiz Carlos,Atacante,54,1
2006,Cruzeiro Esporte Clube,Fábio,Goleiro,70,36
2006,Cruzeiro Esporte Clube,Lauro,Goleiro,55,2
2006,Cruzeiro Esporte Clube,Michel Gaúcho,Lateral,61,17
2006,Cruzeiro Esporte Clube,Jonathan,Lateral,60,14
2006,Cruzeiro Esporte Clube,Gladstone,Zagueiro,66,17
2006,Cruzeiro Esporte Clube,Luizão,Zagueiro,62,19
2006,Cruzeiro Esporte Clube,Thiago Heleno,Zagueiro,61,17
2006,Cruzeiro Esporte Clube,André Luis,Zagueiro,60,13
2006,Cruzeiro Esporte Clube,Aldo,Volante,55,3
2006,Cruzeiro Esporte Clube,Augusto Recife,Volante,54,1
2006,Cruzeiro Esporte Clube,Geovanni,Meia,63,12
2006,Cruzeiro Esporte Clube,Élson,Meia,62,19
2006,Cruzeiro Esporte Clube,Alecsandro,Atacante,73,10
2006,Cruzeiro Esporte Clube,Gil,Atacante,66,14
2006,Cruzeiro Esporte Clube,Ferreira,Atacante,64,9
2006,Cruzeiro Esporte Clube,Jonathas,Atacante,55,4
2006,Cruzeiro Esporte Clube,Araújo,Atacante,54,1
2006,Esporte Clube Juventude,André,Goleiro,71,38
2006,Esporte Clube Juventude,Bruno,Lateral,61,7
2006,Esporte Clube Juventude,Márcio Azevedo,Lateral,60,17
2006,Esporte Clube Juventude,Ernani,Lateral,55,2
2006,Esporte Clube Juventude,Igor,Zagueiro,65,29
2006,Esporte Clube Juventude,Fabrício Bento,Zagueiro,64,22
2006,Esporte Clube Juventude,Cássio,Zagueiro,54,1
2006,Esporte Clube Juventude,Renan Teixeira,Volante,65,29
2006,Esporte Clube Juventude,Lauro,Volante,64,27
2006,Esporte Clube Juventude,Walker,Volante,62,22
2006,Esporte Clube Juventude,Camazzola,Volante,55,4
2006,Esporte Clube Juventude,Ederson Tormena,Volante,55,3
2006,Esporte Clube Juventude,Wellington Monteiro,Volante,54,1
2006,Esporte Clube Juventude,Wellington,Meia,67,32
2006,Esporte Clube Juventude,Ivo,Meia,56,6
2006,Esporte Clube Juventude,Cristiano,Ponta,65,13
2006,Esporte Clube Juventude,Zé Rodolpho,Ponta,56,5
2006,Esporte Clube Juventude,Josiel,Atacante,54,1
2006,Figueirense Futebol Clube,Andrey,Goleiro,71,37
2006,Figueirense Futebol Clube,Dalton,Goleiro,67,2
2006,Figueirense Futebol Clube,Fininho,Lateral,60,15
2006,Figueirense Futebol Clube,Edson Henrique,Zagueiro,60,16
2006,Figueirense Futebol Clube,Paulão,Zagueiro,55,4
2006,Figueirense Futebol Clube,Cícero,Meia,76,34
2006,Figueirense Futebol Clube,Carlos Alberto,Meia,67,32
2006,Figueirense Futebol Clube,Diego Barcellos,Meia,65,13
2006,Figueirense Futebol Clube,Rodrigo Paulista,Meia,57,8
2006,Figueirense Futebol Clube,Schwenck,Atacante,79,35
2006,Figueirense Futebol Clube,Thiago Silvy,Atacante,61,12
2006,Fluminense Football Club,Fernando Henrique,Goleiro,64,22
2006,Fluminense Football Club,Diego,Goleiro,59,10
2006,Fluminense Football Club,Marcelo,Lateral,74,28
2006,Fluminense Football Club,Ulisses,Lateral,55,2
2006,Fluminense Football Club,Thiago Silva,Zagueiro,70,31
2006,Fluminense Football Club,Marcão,Volante,66,31
2006,Fluminense Football Club,Arouca,Volante,61,20
2006,Fluminense Football Club,Radamés,Volante,59,13
2006,Fluminense Football Club,Dejan Petkovic,Meia,72,19
2006,Fluminense Football Club,Juliano Mineiro,Meia,67,21
2006,Fluminense Football Club,André Moritz,Meia,60,7
2006,Fluminense Football Club,Juninho Arcanjo,Meia,56,5
2006,Fluminense Football Club,Tuta,Atacante,77,32
2006,Fluminense Football Club,Cláudio Pitbull,Atacante,69,23
2006,Fortaleza Esporte Clube,Albérico,Goleiro,62,16
2006,Fortaleza Esporte Clube,Édson Bastos,Goleiro,62,13
2006,Fortaleza Esporte Clube,Patrick,Lateral,57,7
2006,Fortaleza Esporte Clube,Leandro Smith,Lateral,54,1
2006,Fortaleza Esporte Clube,Alan,Zagueiro,66,30
2006,Fortaleza Esporte Clube,Dezinho,Zagueiro,62,22
2006,Fortaleza Esporte Clube,Wendel,Volante,62,20
2006,Fortaleza Esporte Clube,Bileu,Volante,55,3
2006,Fortaleza Esporte Clube,Eusébio,Volante,55,3
2006,Fortaleza Esporte Clube,Lúcio,Meia,68,19
2006,Fortaleza Esporte Clube,Igor Cearense,Meia,55,3
2006,Fortaleza Esporte Clube,Osvaldo,Ponta,55,3
2006,Fortaleza Esporte Clube,Nunes,Atacante,61,8
2006,Fortaleza Esporte Clube,Michael Nascimento,Atacante,57,8
2006,Fortaleza Esporte Clube,Osmar,Atacante,56,5
2006,Fortaleza Esporte Clube,Wanderson,Atacante,56,6
2006,Goiás EC,Harlei,Goleiro,70,36
2006,Goiás EC,Vítor,Lateral,68,34
2006,Goiás EC,Rogerio Correa,Zagueiro,61,15
2006,Goiás EC,Ernando,Zagueiro,55,2
2006,Goiás EC,Amaral,Volante,56,5
2006,Goiás EC,Souza,Atacante,82,30
2006,Goiás EC,Welliton,Atacante,75,29
2006,Goiás EC,Roni,Atacante,64,9
2006,Goiás EC,León Muñoz,Atacante,57,8
2006,Grêmio Foot-Ball Porto Alegrense,Cássio,Goleiro,66,1
2006,Grêmio Foot-Ball Porto Alegrense,Galatto,Goleiro,64,19
2006,Grêmio Foot-Ball Porto Alegrense,Bruno Teles,Lateral,60,12
2006,Grêmio Foot-Ball Porto Alegrense,Evaldo,Zagueiro,65,26
2006,Grêmio Foot-Ball Porto Alegrense,Pereira,Zagueiro,59,11
2006,Grêmio Foot-Ball Porto Alegrense,Lucas Leiva,Volante,71,32
2006,Grêmio Foot-Ball Porto Alegrense,Ramón,Meia,72,30
2006,Grêmio Foot-Ball Porto Alegrense,Hugo,Meia,72,28
2006,Grêmio Foot-Ball Porto Alegrense,Tcheco,Meia,70,29
2006,Grêmio Foot-Ball Porto Alegrense,Marcelo Costa,Meia,61,6
2006,Grêmio Foot-Ball Porto Alegrense,Paulo Ramos,Meia,57,7
2006,Grêmio Foot-Ball Porto Alegrense,Willian Leandro,Meia,54,0
2006,Grêmio Foot-Ball Porto Alegrense,Rafinha,Ponta,67,22
2006,Grêmio Foot-Ball Porto Alegrense,Rômulo Antoneli,Atacante,76,27
2006,Grêmio Foot-Ball Porto Alegrense,Pedro Júnior,Atacante,58,10
2006,Grêmio Foot-Ball Porto Alegrense,Aloísio,Atacante,56,5
2006,Paraná Clube,Flávio,Goleiro,71,34
2006,Paraná Clube,Marcos Leandro,Goleiro,60,6
2006,Paraná Clube,Ângelo,Lateral,64,17
2006,Paraná Clube,Edinho,Lateral,63,24
2006,Paraná Clube,Peter,Lateral,61,16
2006,Paraná Clube,Eltinho,Lateral,61,13
2006,Paraná Clube,Gustavo,Zagueiro,67,34
2006,Paraná Clube,Émerson,Zagueiro,65,25
2006,Paraná Clube,Dubinha,Zagueiro,64,23
2006,Paraná Clube,Neguete,Zagueiro,61,19
2006,Paraná Clube,João Paulo,Zagueiro,59,9
2006,Paraná Clube,Beto,Volante,64,26
2006,Paraná Clube,Pierre,Volante,62,21
2006,Paraná Clube,Serginho,Volante,58,10
2006,Paraná Clube,Maicosuel,Meia,69,31
2006,Paraná Clube,Batista,Meia,69,32
2006,Paraná Clube,Gerson Ramos,Meia,61,20
2006,Paraná Clube,Goiano,Meia,58,10
2006,Paraná Clube,Henrique Dias,Ponta,61,14
2006,Paraná Clube,Cristiano,Atacante,74,30
2006,Paraná Clube,Sandro Mendonça,Atacante,72,30
2006,Paraná Clube,Leonardo,Atacante,71,27
2006,Paraná Clube,Joelson,Atacante,62,15
2006,Santa Cruz FC (PE),Anderson,Goleiro,57,8
2006,Santa Cruz FC (PE),Juninho,Goleiro,55,2
2006,Santa Cruz FC (PE),Augusto Recife,Volante,62,22
2006,Santa Cruz FC (PE),Jorge Henrique,Meia,63,16
2006,Santa Cruz FC (PE),Bruno Lança,Meia,62,16
2006,Santa Cruz FC (PE),Rosembrick,Meia,61,6
2006,Santa Cruz FC (PE),Thiago Gentil,Meia,55,3
2006,Santa Cruz FC (PE),Nenê,Atacante,74,30
2006,Santa Cruz FC (PE),Márcio Mixirica,Atacante,67,21
2006,Santa Cruz FC (PE),Fabrício Ceará,Atacante,61,8
2006,Santa Cruz FC (PE),Paulinho,Atacante,54,1
2006,Santos FC,Fábio Costa,Goleiro,70,31
2006,Santos FC,Felipe Garcia,Goleiro,61,8
2006,Santos FC,Kléber,Lateral,69,34
2006,Santos FC,Domingos,Zagueiro,63,21
2006,Santos FC,Ronaldo,Zagueiro,62,22
2006,Santos FC,Rodrigo Tabata,Meia,73,36
2006,Santos FC,Cléber Santana,Meia,67,29
2006,Santos FC,André Luiz,Meia,59,13
2006,Santos FC,Wendel,Ponta,64,18
2006,Santos FC,Zé Roberto,Ponta,63,12
2006,Santos FC,Wellington Paulista,Atacante,74,30
2006,Santos FC,Rodrigo Tiuí,Atacante,70,29
2006,Santos FC,Jonas,Atacante,62,16
2006,Santos FC,Geilson,Atacante,55,4
2006,Santos FC,Galvão,Atacante,54,1
2006,Santos FC,Gilmar,Atacante,54,1
2006,Sociedade Esportiva Palmeiras,Diego Cavalieri,Goleiro,65,24
2006,Sociedade Esportiva Palmeiras,Sérgio,Goleiro,58,12
2006,Sociedade Esportiva Palmeiras,Wendel,Lateral,65,29
2006,Sociedade Esportiva Palmeiras,Márcio Careca,Lateral,60,12
2006,Sociedade Esportiva Palmeiras,Chiquinho,Lateral,58,11
2006,Sociedade Esportiva Palmeiras,Amaral,Lateral,58,10
2006,Sociedade Esportiva Palmeiras,Nen,Zagueiro,65,25
2006,Sociedade Esportiva Palmeiras,Dininho,Zagueiro,62,16
2006,Sociedade Esportiva Palmeiras,Thiago Gomes,Zagueiro,60,13
2006,Sociedade Esportiva Palmeiras,Daniel da Silva,Zagueiro,60,10
2006,Sociedade Esportiva Palmeiras,Francis,Volante,66,30
2006,Sociedade Esportiva Palmeiras,Alceu,Volante,64,24
2006,Sociedade Esportiva Palmeiras,Marcinho Guerreiro,Volante,61,19
2006,Sociedade Esportiva Palmeiras,Paulo Baier,Meia,80,31
2006,Sociedade Esportiva Palmeiras,Juninho Paulista,Meia,73,26
2006,Sociedade Esportiva Palmeiras,Marcinho,Meia,67,24
2006,Sociedade Esportiva Palmeiras,Jorge Valdivia,Meia,60,15
2006,Sociedade Esportiva Palmeiras,Marcelo Costa,Meia,58,11
2006,Sociedade Esportiva Palmeiras,Michael,Ponta,66,25
2006,Sociedade Esportiva Palmeiras,Ilsinho,Ponta,56,5
2006,Sociedade Esportiva Palmeiras,Edmundo,Atacante,75,29
2006,Sociedade Esportiva Palmeiras,Enílton,Atacante,73,26
2006,Sociedade Esportiva Palmeiras,Roger Silva,Atacante,64,16
2006,Sport Club Corinthians Paulista,Marcelo,Goleiro,68,22
2006,Sport Club Corinthians Paulista,Gustavo Nery,Lateral,60,16
2006,Sport Club Corinthians Paulista,Eduardo Ratinho,Lateral,60,17
2006,Sport Club Corinthians Paulista,Rubens Júnior,Lateral,58,12
2006,Sport Club Corinthians Paulista,Coelho,Lateral,57,9
2006,Sport Club Corinthians Paulista,Betão,Zagueiro,65,29
2006,Sport Club Corinthians Paulista,Marcus Vinícius,Zagueiro,63,22
2006,Sport Club Corinthians Paulista,Marinho,Zagueiro,62,21
2006,Sport Club Corinthians Paulista,Marquinhos,Zagueiro,59,9
2006,Sport Club Corinthians Paulista,Sebastián Domínguez,Zagueiro,58,11
2006,Sport Club Corinthians Paulista,Marcelo Mattos,Volante,67,29
2006,Sport Club Corinthians Paulista,Javier Mascherano,Volante,66,10
2006,Sport Club Corinthians Paulista,Rosinei,Volante,65,29
2006,Sport Club Corinthians Paulista,Edson Sitta,Volante,61,12
2006,Sport Club Corinthians Paulista,Paulo Almeida,Volante,58,11
2006,Sport Club Corinthians Paulista,Roger Flores,Meia,68,28
2006,Sport Club Corinthians Paulista,Carlos Alberto,Meia,65,17
2006,Sport Club Corinthians Paulista,Ramón,Meia,61,12
2006,Sport Club Corinthians Paulista,César,Ponta,61,13
2006,Sport Club Corinthians Paulista,Willian,Ponta,56,5
2006,Sport Club Corinthians Paulista,Carlos Tevez,Atacante,83,9
2006,Sport Club Corinthians Paulista,Rafael Moura,Atacante,72,29
2006,Sport Club Corinthians Paulista,Nilmar,Atacante,61,11
2006,Sport Club Internacional,Renan Soares,Goleiro,68,14
2006,Sport Club Internacional,Clemer,Goleiro,65,22
2006,Sport Club Internacional,Ceará,Lateral,67,32
2006,Sport Club Internacional,Rubens Cardoso,Lateral,58,12
2006,Sport Club Internacional,Índio,Zagueiro,67,29
2006,Sport Club Internacional,Bolívar,Zagueiro,60,10
2006,Sport Club Internacional,Ediglê,Zagueiro,60,16
2006,Sport Club Internacional,Edinho,Volante,65,29
2006,Sport Club Internacional,Perdigão,Volante,64,24
2006,Sport Club Internacional,Wellington Monteiro,Volante,64,27
2006,Sport Club Internacional,Alex,Meia,70,16
2006,Sport Club Internacional,Adriano Gabirú,Meia,67,24
2006,Sport Club Internacional,Tinga,Meia,60,7
2006,Sport Club Internacional,Caio,Meia,57,8
2006,Sport Club Internacional,Márcio Mossoró,Meia,57,9
2006,Sport Club Internacional,Jorge Wagner,Ponta,69,9
2006,Sport Club Internacional,Iarley,Atacante,75,31
2006,Sport Club Internacional,Fernandão,Atacante,73,21
2006,Sport Club Internacional,Rafael Sóbis,Atacante,67,10
2006,Sport Club Internacional,Wason Rentería,Atacante,66,25
2006,Sport Club Internacional,Michel Neves,Atacante,62,18
2006,Sport Club Internacional,Léo,Atacante,61,11
2006,Sport Club Internacional,Luiz Adriano,Atacante,58,12
2006,São Paulo Futebol Clube,Lúcio,Lateral,61,11
2006,São Paulo Futebol Clube,Fábio Santos,Lateral,55,2
2006,São Paulo Futebol Clube,Fabão,Zagueiro,66,28
2006,São Paulo Futebol Clube,Miranda,Zagueiro,64,14
2006,São Paulo Futebol Clube,Diego Lugano,Zagueiro,63,11
2006,São Paulo Futebol Clube,André Dias,Zagueiro,61,18
2006,São Paulo Futebol Clube,Edcarlos,Zagueiro,60,16
2006,São Paulo Futebol Clube,Josué,Volante,65,30
2006,São Paulo Futebol Clube,Denílson,Volante,55,2
2006,São Paulo Futebol Clube,Alê,Volante,54,1
2006,São Paulo Futebol Clube,Lenílson,Meia,74,25
2006,São Paulo Futebol Clube,Danilo,Meia,70,29
2006,São Paulo Futebol Clube,Allan Dias,Meia,54,1
2006,São Paulo Futebol Clube,Thiago Ribeiro,Ponta,71,29
2006,São Paulo Futebol Clube,Ilsinho,Ponta,68,20
2006,São Paulo Futebol Clube,Ricardo Oliveira,Atacante,76,8
2006,São Paulo Futebol Clube,Leandro,Atacante,71,30
2006,São Paulo Futebol Clube,Aloisio Chulapa,Atacante,69,19
2006,São Paulo Futebol Clube,Lima,Atacante,55,4
2006,São Paulo Futebol Clube,Edgar Bruno,Atacante,55,3
2006,São Paulo Futebol Clube,Tadeu,Atacante,55,2
2007,América FC,Fernandes,Lateral,55,3
2007,América FC,Cris,Zagueiro,57,8
2007,América FC,Adalberto,Zagueiro,55,2
2007,América FC,Ney Santos,Volante,64,25
2007,América FC,Rafael Muçamba,Volante,55,4
2007,América FC,Reinaldo,Meia,64,22
2007,América FC,Tony,Meia,58,11
2007,América FC,William,Atacante,55,2
2007,América FC,Nunes,Atacante,54,1
2007,Atlético Paranaense,Guilherme,Goleiro,66,18
2007,Atlético Paranaense,Julián Viáfara,Goleiro,65,18
2007,Atlético Paranaense,Jancarlos,Lateral,66,25
2007,Atlético Paranaense,Michel,Lateral,62,15
2007,Atlético Paranaense,Nei,Lateral,61,15
2007,Atlético Paranaense,Danilo,Zagueiro,68,34
2007,Atlético Paranaense,Rhodolfo,Zagueiro,63,21
2007,Atlético Paranaense,Antônio Carlos,Zagueiro,62,16
2007,Atlético Paranaense,Alan Bahia,Volante,64,24
2007,Atlético Paranaense,Edwin Valencia,Volante,64,23
2007,Atlético Paranaense,Erandir,Volante,60,17
2007,Atlético Paranaense,David Ferreira,Meia,77,28
2007,Atlético Paranaense,Netinho,Meia,69,24
2007,Atlético Paranaense,Ramon Menezes,Meia,67,12
2007,Atlético Paranaense,Evandro,Meia,65,15
2007,Atlético Paranaense,Claiton,Meia,63,22
2007,Atlético Paranaense,Alex Mineiro,Ponta,77,18
2007,Atlético Paranaense,Tiago Maringá,Ponta,62,4
2007,Atlético Paranaense,Pedro Oldoni,Atacante,70,20
2007,Atlético Paranaense,Marcelo Ramos,Atacante,68,13
2007,Atlético Paranaense,Marcelo Macedo,Atacante,66,12
2007,Atlético Paranaense,Edno,Atacante,65,21
2007,Atlético Paranaense,Dinei,Atacante,64,17
2007,Botafogo de Futebol e Regatas,Júlio César,Goleiro,63,18
2007,Botafogo de Futebol e Regatas,Max,Goleiro,58,8
2007,Botafogo de Futebol e Regatas,Marcos Leandro,Goleiro,58,4
2007,Botafogo de Futebol e Regatas,Alessandro,Lateral,64,27
2007,Botafogo de Futebol e Regatas,Moreno,Lateral,58,10
2007,Botafogo de Futebol e Regatas,Athirson,Lateral,55,3
2007,Botafogo de Futebol e Regatas,Juninho,Zagueiro,71,32
2007,Botafogo de Futebol e Regatas,Vágner,Zagueiro,55,2
2007,Botafogo de Futebol e Regatas,Rafael Pereira,Zagueiro,54,1
2007,Botafogo de Futebol e Regatas,Túlio Guerreiro,Volante,65,24
2007,Botafogo de Futebol e Regatas,Coutinho,Volante,58,10
2007,Botafogo de Futebol e Regatas,Alberoni,Volante,54,1
2007,Botafogo de Futebol e Regatas,Lúcio Flávio,Meia,78,34
2007,Botafogo de Futebol e Regatas,Jorge Henrique,Meia,75,25
2007,Botafogo de Futebol e Regatas,Ricardinho,Meia,59,13
2007,Botafogo de Futebol e Regatas,Dodô,Atacante,81,27
2007,Botafogo de Futebol e Regatas,André Lima,Atacante,80,17
2007,CR Flamengo,Diego,Goleiro,61,2
2007,CR Flamengo,Marcelo Lomba,Goleiro,54,0
2007,CR Flamengo,Egídio,Lateral,59,6
2007,CR Flamengo,Fabio Luciano,Zagueiro,64,22
2007,CR Flamengo,Jaílton,Volante,64,24
2007,CR Flamengo,Hugo Colace,Volante,55,4
2007,CR Flamengo,Renato Augusto,Meia,75,23
2007,CR Flamengo,Renato Abreu,Meia,72,6
2007,CR Flamengo,Cristian,Meia,67,27
2007,CR Flamengo,Claiton,Meia,66,5
2007,CR Flamengo,Roger Flores,Meia,65,15
2007,CR Flamengo,Gerson Magrão,Ponta,55,2
2007,CR Flamengo,Souza,Atacante,70,22
2007,CR Flamengo,Leonardo,Atacante,66,13
2007,CR Flamengo,Paulo Sérgio,Atacante,66,18
2007,CR Flamengo,Kayke,Atacante,55,4
2007,CR Flamengo,Roni,Atacante,54,1
2007,CR Flamengo,Bruno Mezenga,Atacante,54,1
2007,Clube Atlético Mineiro,Édson,Goleiro,62,13
2007,Clube Atlético Mineiro,Diego Alves,Goleiro,61,13
2007,Clube Atlético Mineiro,Juninho,Goleiro,61,12
2007,Clube Atlético Mineiro,Coelho,Lateral,71,29
2007,Clube Atlético Mineiro,Thiago Feltri,Lateral,68,34
2007,Clube Atlético Mineiro,Marcos,Zagueiro,69,34
2007,Clube Atlético Mineiro,Leandro Almeida,Zagueiro,64,21
2007,Clube Atlético Mineiro,Vinícius,Zagueiro,62,16
2007,Clube Atlético Mineiro,Lima,Zagueiro,61,13
2007,Clube Atlético Mineiro,Xaves,Volante,63,22
2007,Clube Atlético Mineiro,Rafael Miranda,Volante,61,16
2007,Clube Atlético Mineiro,Marcinho,Meia,75,24
2007,Clube Atlético Mineiro,Bilú,Meia,66,29
2007,Clube Atlético Mineiro,Gerson Ramos,Meia,66,18
2007,Clube Atlético Mineiro,Lúcio,Meia,62,16
2007,Clube Atlético Mineiro,Marquinhos,Meia,61,12
2007,Clube Atlético Mineiro,Tchô,Meia,60,16
2007,Clube Atlético Mineiro,Éder Luís,Ponta,76,34
2007,Clube Atlético Mineiro,Danilinho,Ponta,75,31
2007,Clube Atlético Mineiro,Marinho,Atacante,73,13
2007,Clube Atlético Mineiro,Vanderlei,Atacante,70,30
2007,Clube Atlético Mineiro,Paulo Henrique,Atacante,67,13
2007,Clube Atlético Mineiro,Galvão,Atacante,62,17
2007,Clube Náutico Capibaribe,Rodolpho,Goleiro,55,4
2007,Clube Náutico Capibaribe,Sidny,Lateral,69,31
2007,Clube Náutico Capibaribe,Hamilton,Lateral,64,17
2007,Clube Náutico Capibaribe,Deleu,Lateral,59,13
2007,Clube Náutico Capibaribe,Baiano,Lateral,56,5
2007,Clube Náutico Capibaribe,Vágner,Zagueiro,60,12
2007,Clube Náutico Capibaribe,Cris,Zagueiro,59,6
2007,Clube Náutico Capibaribe,Marquinhos,Zagueiro,55,2
2007,Clube Náutico Capibaribe,Breno,Zagueiro,55,4
2007,Clube Náutico Capibaribe,Elicarlos,Volante,67,34
2007,Clube Náutico Capibaribe,Radamés,Volante,64,19
2007,Clube Náutico Capibaribe,Walker,Volante,55,2
2007,Clube Náutico Capibaribe,Geraldo,Meia,77,19
2007,Clube Náutico Capibaribe,Hélton Luiz,Meia,55,3
2007,Clube Náutico Capibaribe,Felipe,Atacante,74,26
2007,Clube Náutico Capibaribe,Ferreira,Atacante,68,13
2007,Clube Náutico Capibaribe,Kuki,Atacante,58,10
2007,Clube Náutico Capibaribe,Danilo Lins,Atacante,54,1
2007,Clube de Regatas Vasco da Gama,Cássio,Goleiro,60,6
2007,Clube de Regatas Vasco da Gama,Guilherme Santos,Lateral,65,24
2007,Clube de Regatas Vasco da Gama,Rubens Júnior,Lateral,64,21
2007,Clube de Regatas Vasco da Gama,Eduardo,Lateral,56,6
2007,Clube de Regatas Vasco da Gama,Jorge Luiz,Zagueiro,68,35
2007,Clube de Regatas Vasco da Gama,Vilson,Zagueiro,62,20
2007,Clube de Regatas Vasco da Gama,Emiliano Dudar,Zagueiro,58,11
2007,Clube de Regatas Vasco da Gama,Luizão,Zagueiro,57,8
2007,Clube de Regatas Vasco da Gama,Amaral,Volante,67,33
2007,Clube de Regatas Vasco da Gama,Perdigão,Volante,64,25
2007,Clube de Regatas Vasco da Gama,Andrade,Volante,61,11
2007,Clube de Regatas Vasco da Gama,Darío Conca,Meia,75,30
2007,Clube de Regatas Vasco da Gama,Morais,Meia,73,7
2007,Clube de Regatas Vasco da Gama,Alan Kardec,Atacante,76,26
2007,Clube de Regatas Vasco da Gama,Enílton,Atacante,61,9
2007,Clube de Regatas Vasco da Gama,Abuda,Atacante,57,9
2007,Cruzeiro Esporte Clube,Fábio,Goleiro,67,28
2007,Cruzeiro Esporte Clube,Lauro,Goleiro,55,4
2007,Cruzeiro Esporte Clube,Fernandinho,Lateral,68,25
2007,Cruzeiro Esporte Clube,Jonathan,Lateral,67,23
2007,Cruzeiro Esporte Clube,Mariano,Lateral,61,18
2007,Cruzeiro Esporte Clube,Fábio Santos,Lateral,59,4
2007,Cruzeiro Esporte Clube,Ângelo,Lateral,59,4
2007,Cruzeiro Esporte Clube,Thiago Heleno,Zagueiro,64,27
2007,Cruzeiro Esporte Clube,Gladstone,Zagueiro,61,4
2007,Cruzeiro Esporte Clube,Renan Teixeira,Volante,56,6
2007,Cruzeiro Esporte Clube,Paulinho Dias,Volante,56,6
2007,Cruzeiro Esporte Clube,Aldo,Volante,55,3
2007,Cruzeiro Esporte Clube,Ramires,Meia,74,32
2007,Cruzeiro Esporte Clube,Maicosuel,Meia,72,24
2007,Cruzeiro Esporte Clube,Marcinho,Meia,58,11
2007,Cruzeiro Esporte Clube,Fellype Gabriel,Meia,55,2
2007,Cruzeiro Esporte Clube,Leandro Domingues,Ponta,77,23
2007,Cruzeiro Esporte Clube,Roni,Atacante,77,30
2007,Cruzeiro Esporte Clube,Alecsandro,Atacante,77,18
2007,Cruzeiro Esporte Clube,Marcelo Moreno Martins,Atacante,73,13
2007,Cruzeiro Esporte Clube,Rômulo Antoneli,Atacante,70,2
2007,Cruzeiro Esporte Clube,Araújo,Atacante,70,14
2007,Cruzeiro Esporte Clube,Nenê,Atacante,65,14
2007,Esporte Clube Juventude,Michel Alves,Goleiro,71,38
2007,Esporte Clube Juventude,Dida,Goleiro,54,0
2007,Esporte Clube Juventude,Bruno,Lateral,64,19
2007,Esporte Clube Juventude,Barão,Lateral,64,24
2007,Esporte Clube Juventude,Márcio Azevedo,Lateral,62,12
2007,Esporte Clube Juventude,Wescley,Zagueiro,64,18
2007,Esporte Clube Juventude,Leonardo Silva,Zagueiro,62,19
2007,Esporte Clube Juventude,Luiz Nunes,Zagueiro,60,15
2007,Esporte Clube Juventude,Marcão,Volante,65,22
2007,Esporte Clube Juventude,Júlio César,Volante,62,18
2007,Esporte Clube Juventude,Marco Vanzini,Volante,61,12
2007,Esporte Clube Juventude,Lauro,Volante,61,17
2007,Esporte Clube Juventude,Marabá,Volante,60,15
2007,Esporte Clube Juventude,Renato Cajá,Meia,73,28
2007,Esporte Clube Juventude,Ivo,Meia,67,13
2007,Esporte Clube Juventude,William Fabro,Meia,63,17
2007,Esporte Clube Juventude,Marcelo Costa,Meia,61,12
2007,Esporte Clube Juventude,Fábio Baiano,Ponta,69,17
2007,Esporte Clube Juventude,Zé Rodolpho,Ponta,62,21
2007,Esporte Clube Juventude,Tadeu,Atacante,68,15
2007,Esporte Clube Juventude,Éber,Atacante,66,16
2007,Esporte Clube Juventude,Luciano,Atacante,62,16
2007,Esporte Clube Juventude,Michel Neves,Atacante,58,11
2007,Figueirense Futebol Clube,Wilson,Goleiro,70,35
2007,Figueirense Futebol Clube,Dalton,Goleiro,54,1
2007,Figueirense Futebol Clube,Ânderson Luís,Lateral,58,11
2007,Figueirense Futebol Clube,Lucas,Lateral,54,1
2007,Figueirense Futebol Clube,Edson Henrique,Zagueiro,61,18
2007,Figueirense Futebol Clube,Rafael Lima,Zagueiro,57,9
2007,Figueirense Futebol Clube,Ruy Cabeção,Meia,69,25
2007,Figueirense Futebol Clube,Cleiton Xavier,Meia,65,28
2007,Figueirense Futebol Clube,Thiago Gentil,Meia,60,11
2007,Figueirense Futebol Clube,Adriano Gabirú,Meia,56,5
2007,Figueirense Futebol Clube,Léo,Atacante,64,9
2007,Fluminense Football Club,Fernando Henrique,Goleiro,71,32
2007,Fluminense Football Club,Ivan,Lateral,57,7
2007,Fluminense Football Club,Thiago Silva,Zagueiro,71,30
2007,Fluminense Football Club,Sandro,Zagueiro,54,1
2007,Fluminense Football Club,Arouca,Volante,70,30
2007,Fluminense Football Club,Maurício,Volante,65,20
2007,Fluminense Football Club,Thiago Neves,Meia,82,33
2007,Fluminense Football Club,Cícero,Meia,71,27
2007,Fluminense Football Club,Tartá,Meia,68,2
2007,Fluminense Football Club,David,Meia,66,26
2007,Fluminense Football Club,Carlos Alberto,Meia,61,5
2007,Fluminense Football Club,André Moritz,Meia,55,4
2007,Fluminense Football Club,Rodrigo Tiuí,Atacante,66,20
2007,Fluminense Football Club,Léo Itaperuna,Atacante,63,4
2007,Fluminense Football Club,Rafael Moura,Atacante,55,4
2007,Goiás EC,Harlei,Goleiro,71,38
2007,Goiás EC,Vítor,Lateral,66,28
2007,Goiás EC,Chiquinho,Lateral,58,11
2007,Goiás EC,Ernando,Zagueiro,63,21
2007,Goiás EC,Amaral,Volante,64,25
2007,Goiás EC,Paulo Baier,Meia,83,34
2007,Goiás EC,Élson,Meia,72,28
2007,Goiás EC,Felipe Menezes,Meia,69,28
2007,Goiás EC,Dejan Petkovic,Meia,68,2
2007,Goiás EC,Harison,Ponta,63,17
2007,Goiás EC,Welliton,Atacante,80,12
2007,Goiás EC,Cristiano,Atacante,62,15
2007,Grêmio Foot-Ball Porto Alegrense,Sebastián Saja,Goleiro,69,30
2007,Grêmio Foot-Ball Porto Alegrense,Galatto,Goleiro,55,2
2007,Grêmio Foot-Ball Porto Alegrense,Anderson Pico,Lateral,66,18
2007,Grêmio Foot-Ball Porto Alegrense,Lúcio,Lateral,59,6
2007,Grêmio Foot-Ball Porto Alegrense,Bruno Teles,Lateral,59,8
2007,Grêmio Foot-Ball Porto Alegrense,Jucemar,Lateral,55,3
2007,Grêmio Foot-Ball Porto Alegrense,Pereira,Zagueiro,60,12
2007,Grêmio Foot-Ball Porto Alegrense,Willian Thiego,Zagueiro,58,10
2007,Grêmio Foot-Ball Porto Alegrense,Lucas Leiva,Volante,63,3
2007,Grêmio Foot-Ball Porto Alegrense,Maylson,Volante,63,2
2007,Grêmio Foot-Ball Porto Alegrense,Itaqui,Volante,57,8
2007,Grêmio Foot-Ball Porto Alegrense,Carlos Eduardo,Meia,78,10
2007,Grêmio Foot-Ball Porto Alegrense,Tcheco,Meia,74,21
2007,Grêmio Foot-Ball Porto Alegrense,Ramón,Meia,66,23
2007,Grêmio Foot-Ball Porto Alegrense,Diego Gavilán,Meia,60,17
2007,Grêmio Foot-Ball Porto Alegrense,Edmílson,Meia,58,11
2007,Grêmio Foot-Ball Porto Alegrense,Diego Souza,Atacante,80,34
2007,Grêmio Foot-Ball Porto Alegrense,Tuta,Atacante,74,25
2007,Grêmio Foot-Ball Porto Alegrense,Marcel,Atacante,69,16
2007,Grêmio Foot-Ball Porto Alegrense,Jonas,Atacante,66,12
2007,Grêmio Foot-Ball Porto Alegrense,Éverton Costa,Atacante,59,13
2007,Grêmio Foot-Ball Porto Alegrense,Douglas,Atacante,57,8
2007,Paraná Clube,Flávio,Goleiro,66,24
2007,Paraná Clube,Gabriel Leite,Goleiro,63,12
2007,Paraná Clube,Marcos Leandro,Goleiro,58,4
2007,Paraná Clube,Márcio Careca,Lateral,64,20
2007,Paraná Clube,Parral,Lateral,59,6
2007,Paraná Clube,Alex Ferreira,Lateral,59,13
2007,Paraná Clube,André Luiz,Lateral,54,1
2007,Paraná Clube,Neguete,Zagueiro,65,27
2007,Paraná Clube,João Paulo,Zagueiro,57,9
2007,Paraná Clube,Beto,Volante,65,23
2007,Paraná Clube,Serginho,Volante,56,6
2007,Paraná Clube,Xaves,Volante,56,6
2007,Paraná Clube,Rafael Muçamba,Volante,56,5
2007,Paraná Clube,Vinícius Pacheco,Meia,69,26
2007,Paraná Clube,Batista,Meia,65,16
2007,Paraná Clube,Giuliano,Meia,63,10
2007,Paraná Clube,Goiano,Meia,60,16
2007,Paraná Clube,Gerson Ramos,Meia,55,2
2007,Paraná Clube,Éverton,Ponta,66,29
2007,Paraná Clube,Josiel,Atacante,84,36
2007,Paraná Clube,Jefferson,Atacante,64,9
2007,Paraná Clube,Lima,Atacante,62,17
2007,Paraná Clube,Joelson,Atacante,61,14
2007,Santos FC,Fábio Costa,Goleiro,69,31
2007,Santos FC,Felipe Garcia,Goleiro,55,2
2007,Santos FC,Kléber,Lateral,70,24
2007,Santos FC,Baiano,Lateral,61,11
2007,Santos FC,Thiago Carleto,Lateral,54,1
2007,Santos FC,Marcelo,Zagueiro,68,25
2007,Santos FC,Domingos,Zagueiro,66,30
2007,Santos FC,Leonardo,Zagueiro,56,2
2007,Santos FC,Dionísio,Volante,60,16
2007,Santos FC,Húdson,Volante,54,1
2007,Santos FC,Rodrigo Tabata,Meia,77,37
2007,Santos FC,Dejan Petkovic,Meia,67,21
2007,Santos FC,Cléber Santana,Meia,61,6
2007,Santos FC,Wesley,Meia,55,4
2007,Santos FC,Zé Roberto,Ponta,54,1
2007,Santos FC,Marcos Aurélio,Atacante,73,33
2007,Santos FC,Júnior Moraes,Atacante,62,15
2007,Santos FC,Jonas,Atacante,56,5
2007,Sociedade Esportiva Palmeiras,Diego Cavalieri,Goleiro,75,38
2007,Sociedade Esportiva Palmeiras,Wendel,Lateral,67,33
2007,Sociedade Esportiva Palmeiras,Amaral,Lateral,54,1
2007,Sociedade Esportiva Palmeiras,Gustavo,Zagueiro,66,29
2007,Sociedade Esportiva Palmeiras,Dininho,Zagueiro,66,29
2007,Sociedade Esportiva Palmeiras,Nen,Zagueiro,63,18
2007,Sociedade Esportiva Palmeiras,David Braz,Zagueiro,60,15
2007,Sociedade Esportiva Palmeiras,Dubinha,Zagueiro,56,5
2007,Sociedade Esportiva Palmeiras,Makelele,Volante,68,27
2007,Sociedade Esportiva Palmeiras,Pierre,Volante,64,28
2007,Sociedade Esportiva Palmeiras,Francis,Volante,59,7
2007,Sociedade Esportiva Palmeiras,Caio,Meia,76,28
2007,Sociedade Esportiva Palmeiras,Jorge Valdivia,Meia,74,22
2007,Sociedade Esportiva Palmeiras,William,Meia,60,15
2007,Sociedade Esportiva Palmeiras,Marcelo Costa,Meia,54,1
2007,Sociedade Esportiva Palmeiras,Vinícius Reche,Meia,54,1
2007,Sociedade Esportiva Palmeiras,Michael,Ponta,61,6
2007,Sociedade Esportiva Palmeiras,Osmar,Atacante,74,1
2007,Sociedade Esportiva Palmeiras,Edmundo,Atacante,67,20
2007,Sociedade Esportiva Palmeiras,Max,Atacante,61,13
2007,Sociedade Esportiva Palmeiras,Alex Afonso,Atacante,55,4
2007,Sociedade Esportiva Palmeiras,Cristiano,Atacante,55,3
2007,Sport Club Corinthians Paulista,Felipe,Goleiro,70,37
2007,Sport Club Corinthians Paulista,Marcelo,Goleiro,54,1
2007,Sport Club Corinthians Paulista,Gustavo Nery,Lateral,63,14
2007,Sport Club Corinthians Paulista,Pedro Silva,Lateral,57,8
2007,Sport Club Corinthians Paulista,Eduardo Ratinho,Lateral,56,5
2007,Sport Club Corinthians Paulista,Amaral,Lateral,55,3
2007,Sport Club Corinthians Paulista,Betão,Zagueiro,70,29
2007,Sport Club Corinthians Paulista,Carlão,Zagueiro,58,11
2007,Sport Club Corinthians Paulista,Kadu,Zagueiro,57,7
2007,Sport Club Corinthians Paulista,Marcus Vinícius,Zagueiro,56,1
2007,Sport Club Corinthians Paulista,Marinho,Zagueiro,54,1
2007,Sport Club Corinthians Paulista,Marcelo Mattos,Volante,63,8
2007,Sport Club Corinthians Paulista,Bruno Octávio,Volante,63,22
2007,Sport Club Corinthians Paulista,Nilton,Volante,63,4
2007,Sport Club Corinthians Paulista,Edson Sitta,Volante,62,15
2007,Sport Club Corinthians Paulista,Moradei,Volante,61,19
2007,Sport Club Corinthians Paulista,Rosinei,Volante,59,14
2007,Sport Club Corinthians Paulista,Dinélson,Meia,68,7
2007,Sport Club Corinthians Paulista,Carlos Alberto,Meia,64,23
2007,Sport Club Corinthians Paulista,Everton Ribeiro,Meia,55,4
2007,Sport Club Corinthians Paulista,Willian,Ponta,75,15
2007,Sport Club Corinthians Paulista,Dentinho,Atacante,63,19
2007,Sport Club Corinthians Paulista,Wilson,Atacante,61,11
2007,Sport Club Internacional,Clemer,Goleiro,70,32
2007,Sport Club Internacional,Renan Soares,Goleiro,58,6
2007,Sport Club Internacional,Mineiro,Lateral,61,6
2007,Sport Club Internacional,Ceará,Lateral,60,10
2007,Sport Club Internacional,Jonas,Lateral,60,13
2007,Sport Club Internacional,Élder Granja,Lateral,59,10
2007,Sport Club Internacional,Rubens Cardoso,Lateral,59,11
2007,Sport Club Internacional,Índio,Zagueiro,66,32
2007,Sport Club Internacional,Marcão,Zagueiro,62,19
2007,Sport Club Internacional,Sidnei,Zagueiro,62,21
2007,Sport Club Internacional,Gonzalo Sorondo,Zagueiro,59,8
2007,Sport Club Internacional,Andrés Orozco,Zagueiro,59,6
2007,Sport Club Internacional,Wellington Monteiro,Volante,68,29
2007,Sport Club Internacional,Edinho,Volante,66,32
2007,Sport Club Internacional,Alex,Meia,75,28
2007,Sport Club Internacional,André Pinga,Meia,70,26
2007,Sport Club Internacional,Roger Gaúcho,Meia,64,18
2007,Sport Club Internacional,Ji-Paraná,Meia,57,8
2007,Sport Club Internacional,Alexandre Pato,Atacante,82,9
2007,Sport Club Internacional,Fernandão,Atacante,75,16
2007,Sport Club Internacional,Adriano,Atacante,73,29
2007,Sport Club Internacional,Iarley,Atacante,67,25
2007,Sport Club Internacional,Gil,Atacante,61,12
2007,Sport Club do Recife,Magrão,Goleiro,67,26
2007,Sport Club do Recife,Cléber,Goleiro,60,12
2007,Sport Club do Recife,Bruno Recife,Lateral,65,20
2007,Sport Club do Recife,Luisinho Netto,Lateral,64,15
2007,Sport Club do Recife,Igor,Zagueiro,63,22
2007,Sport Club do Recife,Adriano Gabirú,Meia,66,15
2007,Sport Club do Recife,Fumagalli,Meia,66,9
2007,Sport Club do Recife,Rosembrick,Meia,62,16
2007,Sport Club do Recife,Da Silva,Atacante,70,20
2007,Sport Club do Recife,Anderson Aquino,Atacante,67,20
2007,Sport Club do Recife,Washington,Atacante,67,17
2007,Sport Club do Recife,Jadílson,Atacante,55,2
2007,São Paulo Futebol Clube,Miranda,Zagueiro,74,35
2007,São Paulo Futebol Clube,André Dias,Zagueiro,70,30
2007,São Paulo Futebol Clube,Edcarlos,Zagueiro,56,5
2007,São Paulo Futebol Clube,Josué,Volante,63,11
2007,São Paulo Futebol Clube,Frédson,Volante,54,1
2007,São Paulo Futebol Clube,Hernanes,Meia,73,31
2007,São Paulo Futebol Clube,Hugo,Meia,66,19
2007,São Paulo Futebol Clube,Lenílson,Meia,61,5
2007,São Paulo Futebol Clube,Sérgio Mota,Meia,54,1
2007,São Paulo Futebol Clube,Jorge Wagner,Ponta,78,34
2007,São Paulo Futebol Clube,Ilsinho,Ponta,68,13
2007,São Paulo Futebol Clube,Rafinha,Ponta,54,0
2007,São Paulo Futebol Clube,Jackson,Ponta,54,1
2007,São Paulo Futebol Clube,Dagoberto,Atacante,72,29
2007,São Paulo Futebol Clube,Aloisio Chulapa,Atacante,70,24
2007,São Paulo Futebol Clube,Leandro,Atacante,70,35
2007,São Paulo Futebol Clube,Diego Tardelli,Atacante,63,20
2007,São Paulo Futebol Clube,Marcel,Atacante,55,3
2008,Atlético Paranaense,Galatto,Goleiro,69,31
2008,Atlético Paranaense,Vinícius,Goleiro,63,8
2008,Atlético Paranaense,Nei,Lateral,67,17
2008,Atlético Paranaense,Márcio Azevedo,Lateral,64,21
2008,Atlético Paranaense,Antônio Carlos,Zagueiro,68,33
2008,Atlético Paranaense,Danilo,Zagueiro,68,26
2008,Atlético Paranaense,Chico,Zagueiro,66,26
2008,Atlético Paranaense,Rhodolfo,Zagueiro,63,19
2008,Atlético Paranaense,Alex Fraga,Zagueiro,58,11
2008,Atlético Paranaense,Alan Bahia,Volante,71,33
2008,Atlético Paranaense,Edwin Valencia,Volante,64,27
2008,Atlético Paranaense,Rodriguinho,Volante,59,9
2008,Atlético Paranaense,Netinho,Meia,73,20
2008,Atlético Paranaense,David Ferreira,Meia,69,30
2008,Atlético Paranaense,Fernando,Meia,56,6
2008,Atlético Paranaense,Alberto Valentim,Ponta,60,7
2008,Atlético Paranaense,Tiago Maringá,Ponta,54,1
2008,Atlético Paranaense,Rafael Moura,Atacante,74,14
2008,Atlético Paranaense,Pedro Oldoni,Atacante,73,25
2008,Atlético Paranaense,Marcelo Ramos,Atacante,64,9
2008,Atlético Paranaense,Anderson Aquino,Atacante,61,13
2008,Atlético Paranaense,Wallyson,Atacante,57,8
2008,Atlético Paranaense,Willian Bigode,Atacante,56,6
2008,Botafogo de Futebol e Regatas,Renan,Goleiro,66,22
2008,Botafogo de Futebol e Regatas,Zé Carlos,Lateral,66,24
2008,Botafogo de Futebol e Regatas,Triguinho,Lateral,65,28
2008,Botafogo de Futebol e Regatas,Alessandro,Lateral,64,23
2008,Botafogo de Futebol e Regatas,André Luis,Zagueiro,65,28
2008,Botafogo de Futebol e Regatas,Édson Silva,Zagueiro,58,12
2008,Botafogo de Futebol e Regatas,Alexis Ferrero,Zagueiro,55,4
2008,Botafogo de Futebol e Regatas,Túlio Guerreiro,Volante,68,30
2008,Botafogo de Futebol e Regatas,Eduardo Neto,Volante,61,9
2008,Botafogo de Futebol e Regatas,Túlio Souza,Volante,57,8
2008,Botafogo de Futebol e Regatas,Lúcio Flávio,Meia,79,34
2008,Botafogo de Futebol e Regatas,Jorge Henrique,Meia,75,29
2008,Botafogo de Futebol e Regatas,Carlos Alberto,Meia,72,23
2008,Botafogo de Futebol e Regatas,Lucas Silva,Meia,60,15
2008,Botafogo de Futebol e Regatas,Wellington Paulista,Atacante,75,28
2008,Botafogo de Futebol e Regatas,Leandro Zárate,Atacante,65,7
2008,Botafogo de Futebol e Regatas,Gil,Atacante,62,16
2008,Botafogo de Futebol e Regatas,Fábio Santos,Atacante,59,13
2008,Botafogo de Futebol e Regatas,Vanderlei,Atacante,55,4
2008,CR Flamengo,Diego,Goleiro,66,1
2008,CR Flamengo,Egídio,Lateral,54,1
2008,CR Flamengo,Eltinho,Lateral,54,1
2008,CR Flamengo,Fabio Luciano,Zagueiro,68,32
2008,CR Flamengo,Dininho,Zagueiro,57,8
2008,CR Flamengo,Jaílton,Volante,68,33
2008,CR Flamengo,Marcelinho Paraíba,Meia,77,19
2008,CR Flamengo,Marcinho,Meia,74,11
2008,CR Flamengo,Kléberson,Meia,74,24
2008,CR Flamengo,Renato Augusto,Meia,72,6
2008,CR Flamengo,Cristian,Meia,67,18
2008,CR Flamengo,Rubens Sambueza,Meia,60,7
2008,CR Flamengo,Jônatas,Meia,59,13
2008,CR Flamengo,Erick Flores,Meia,57,8
2008,CR Flamengo,Éverton,Ponta,65,10
2008,CR Flamengo,Souza,Atacante,66,11
2008,CR Flamengo,Vandinho,Atacante,64,10
2008,CR Flamengo,Diego Tardelli,Atacante,60,16
2008,CR Flamengo,Josiel,Atacante,56,5
2008,CR Flamengo,Éder Lima,Atacante,56,5
2008,CR Flamengo,Paulo Sérgio,Atacante,55,3
2008,CR Flamengo,Fernandão,Atacante,54,1
2008,Clube Atlético Mineiro,Juninho,Goleiro,64,15
2008,Clube Atlético Mineiro,Édson,Goleiro,64,24
2008,Clube Atlético Mineiro,Mariano,Lateral,65,17
2008,Clube Atlético Mineiro,Coelho,Lateral,64,7
2008,Clube Atlético Mineiro,Thiago Feltri,Lateral,55,3
2008,Clube Atlético Mineiro,Leandro Almeida,Zagueiro,71,29
2008,Clube Atlético Mineiro,Vinícius,Zagueiro,63,20
2008,Clube Atlético Mineiro,Marcos,Zagueiro,62,21
2008,Clube Atlético Mineiro,Nen,Zagueiro,57,9
2008,Clube Atlético Mineiro,Márcio Araújo,Volante,69,35
2008,Clube Atlético Mineiro,Serginho,Volante,68,27
2008,Clube Atlético Mineiro,Rafael Miranda,Volante,63,19
2008,Clube Atlético Mineiro,Renan,Volante,62,16
2008,Clube Atlético Mineiro,Francis,Volante,56,5
2008,Clube Atlético Mineiro,Dejan Petkovic,Meia,76,27
2008,Clube Atlético Mineiro,Renan Oliveira,Meia,72,22
2008,Clube Atlético Mineiro,Lenílson,Meia,63,8
2008,Clube Atlético Mineiro,Tchô,Meia,60,9
2008,Clube Atlético Mineiro,Almir,Meia,57,8
2008,Clube Atlético Mineiro,Danilinho,Ponta,65,6
2008,Clube Atlético Mineiro,Edu,Atacante,66,15
2008,Clube Atlético Mineiro,Jael,Atacante,63,13
2008,Clube Atlético Mineiro,Marinho,Atacante,56,5
2008,Clube Náutico Capibaribe,Piauí,Lateral,61,7
2008,Clube Náutico Capibaribe,Alessandro,Lateral,59,10
2008,Clube Náutico Capibaribe,Anderson Mineiro,Lateral,56,5
2008,Clube Náutico Capibaribe,Vágner,Zagueiro,67,31
2008,Clube Náutico Capibaribe,Adriano Alves,Zagueiro,61,17
2008,Clube Náutico Capibaribe,Titi,Zagueiro,59,7
2008,Clube Náutico Capibaribe,Radamés,Volante,63,14
2008,Clube Náutico Capibaribe,Alceu,Volante,61,20
2008,Clube Náutico Capibaribe,Itaqui,Volante,60,12
2008,Clube Náutico Capibaribe,Derley,Volante,58,11
2008,Clube Náutico Capibaribe,Paulo Almeida,Volante,56,5
2008,Clube Náutico Capibaribe,Ruy Cabeção,Meia,71,27
2008,Clube Náutico Capibaribe,Geraldo,Meia,69,21
2008,Clube Náutico Capibaribe,William,Meia,68,19
2008,Clube Náutico Capibaribe,Paulo Santos,Meia,64,21
2008,Clube Náutico Capibaribe,Hélton Luiz,Meia,60,9
2008,Clube Náutico Capibaribe,Reinaldo,Meia,57,8
2008,Clube Náutico Capibaribe,Roger Gaúcho,Meia,55,4
2008,Clube Náutico Capibaribe,Ricardo Laborde,Ponta,54,1
2008,Clube Náutico Capibaribe,Felipe,Atacante,78,33
2008,Clube Náutico Capibaribe,Wellington,Atacante,70,14
2008,Clube Náutico Capibaribe,Gilmar,Atacante,69,23
2008,Clube Náutico Capibaribe,Kuki,Atacante,63,22
2008,Clube de Regatas Vasco da Gama,Tiago,Goleiro,62,20
2008,Clube de Regatas Vasco da Gama,Roberto Volpato,Goleiro,61,9
2008,Clube de Regatas Vasco da Gama,Eduardo,Lateral,60,3
2008,Clube de Regatas Vasco da Gama,Pablo,Lateral,60,12
2008,Clube de Regatas Vasco da Gama,Baiano,Lateral,56,6
2008,Clube de Regatas Vasco da Gama,Jorge Luiz,Zagueiro,64,22
2008,Clube de Regatas Vasco da Gama,Luizão,Zagueiro,59,8
2008,Clube de Regatas Vasco da Gama,Souza,Zagueiro,59,7
2008,Clube de Regatas Vasco da Gama,Vilson,Zagueiro,57,9
2008,Clube de Regatas Vasco da Gama,Odvan,Zagueiro,57,7
2008,Clube de Regatas Vasco da Gama,Mateus,Volante,62,18
2008,Clube de Regatas Vasco da Gama,Morais,Meia,65,11
2008,Clube de Regatas Vasco da Gama,Vinícius Reche,Meia,56,5
2008,Clube de Regatas Vasco da Gama,Serginho,Meia,55,4
2008,Clube de Regatas Vasco da Gama,Bruno Gallo,Meia,55,2
2008,Clube de Regatas Vasco da Gama,Edmundo,Atacante,79,26
2008,Clube de Regatas Vasco da Gama,Alex Teixeira,Atacante,73,29
2008,Clube de Regatas Vasco da Gama,Alan Kardec,Atacante,66,19
2008,Clube de Regatas Vasco da Gama,Mauricio Pinilla,Atacante,55,3
2008,Clube de Regatas Vasco da Gama,José Luis Villanueva,Atacante,55,2
2008,Coritiba Foot Ball Club,Vanderlei,Goleiro,66,24
2008,Coritiba Foot Ball Club,Édson Bastos,Goleiro,63,14
2008,Coritiba Foot Ball Club,Ricardinho,Lateral,70,37
2008,Coritiba Foot Ball Club,Rubens Cardoso,Lateral,64,16
2008,Coritiba Foot Ball Club,Rodrigo Heffner,Lateral,62,14
2008,Coritiba Foot Ball Club,Guarú,Lateral,61,18
2008,Coritiba Foot Ball Club,Marcos Tamandaré,Lateral,60,15
2008,Coritiba Foot Ball Club,Maurício Ramos,Zagueiro,70,34
2008,Coritiba Foot Ball Club,Felipe Trevizan,Zagueiro,63,23
2008,Coritiba Foot Ball Club,Tiago Bernardini,Zagueiro,60,14
2008,Coritiba Foot Ball Club,Nené,Zagueiro,59,13
2008,Coritiba Foot Ball Club,Rodrigo Mancha,Volante,66,31
2008,Coritiba Foot Ball Club,Alê,Volante,66,29
2008,Coritiba Foot Ball Club,Leandro Donizete,Volante,62,18
2008,Coritiba Foot Ball Club,Carlinhos Paraíba,Meia,69,33
2008,Coritiba Foot Ball Club,João Henrique,Meia,64,19
2008,Coritiba Foot Ball Club,Marlos,Ponta,78,33
2008,Coritiba Foot Ball Club,Henrique Dias,Ponta,62,17
2008,Coritiba Foot Ball Club,Keirrison,Atacante,93,31
2008,Coritiba Foot Ball Club,Hugo Almeida,Atacante,70,21
2008,Coritiba Foot Ball Club,Ariel Nahuelpán,Atacante,66,12
2008,Coritiba Foot Ball Club,Michael Nascimento,Atacante,64,11
2008,Coritiba Foot Ball Club,Thiago Silvy,Atacante,61,7
2008,Cruzeiro Esporte Clube,Fábio,Goleiro,72,38
2008,Cruzeiro Esporte Clube,Jonathan,Lateral,69,25
2008,Cruzeiro Esporte Clube,Fernandinho,Lateral,65,18
2008,Cruzeiro Esporte Clube,Thiago Heleno,Zagueiro,66,32
2008,Cruzeiro Esporte Clube,Fabrício,Volante,67,26
2008,Cruzeiro Esporte Clube,Elicarlos,Volante,63,20
2008,Cruzeiro Esporte Clube,Ramires,Meia,80,25
2008,Cruzeiro Esporte Clube,Maicosuel,Meia,65,3
2008,Cruzeiro Esporte Clube,Camilo,Meia,64,18
2008,Cruzeiro Esporte Clube,Marcinho,Meia,55,2
2008,Cruzeiro Esporte Clube,Zé Eduardo,Meia,54,1
2008,Cruzeiro Esporte Clube,Thiago Ribeiro,Ponta,69,13
2008,Cruzeiro Esporte Clube,Gerson Magrão,Ponta,67,18
2008,Cruzeiro Esporte Clube,Apodi,Ponta,55,1
2008,Cruzeiro Esporte Clube,Marcelo Moreno Martins,Atacante,74,1
2008,Cruzeiro Esporte Clube,Rômulo Antoneli,Atacante,61,6
2008,Cruzeiro Esporte Clube,Wanderley,Atacante,61,9
2008,Cruzeiro Esporte Clube,Jonathas,Atacante,55,2
2008,Esporte Clube Vitória,Julián Viáfara,Goleiro,71,33
2008,Esporte Clube Vitória,Leonardo Silva,Zagueiro,65,27
2008,Esporte Clube Vitória,Anderson Martins,Zagueiro,65,30
2008,Esporte Clube Vitória,Wallace,Zagueiro,60,15
2008,Esporte Clube Vitória,Marcelo Batatais,Zagueiro,59,6
2008,Esporte Clube Vitória,Thiago Gomes,Zagueiro,58,11
2008,Esporte Clube Vitória,Victor Ramos,Zagueiro,54,1
2008,Esporte Clube Vitória,Renan Teixeira,Volante,65,31
2008,Esporte Clube Vitória,Ramon Menezes,Meia,75,30
2008,Esporte Clube Vitória,Ricardinho,Meia,68,26
2008,Esporte Clube Vitória,Jackson,Meia,67,23
2008,Esporte Clube Vitória,Marquinhos,Ponta,81,31
2008,Esporte Clube Vitória,Willians Santana,Ponta,71,33
2008,Esporte Clube Vitória,Leandro Domingues,Ponta,68,15
2008,Esporte Clube Vitória,Muriqui,Ponta,58,12
2008,Esporte Clube Vitória,Dinei,Atacante,76,14
2008,Esporte Clube Vitória,Adriano Pardal,Atacante,63,14
2008,Esporte Clube Vitória,Osmar,Atacante,56,5
2008,Figueirense Futebol Clube,Wilson,Goleiro,70,38
2008,Figueirense Futebol Clube,Ânderson Luís,Lateral,65,25
2008,Figueirense Futebol Clube,William Matheus,Lateral,63,22
2008,Figueirense Futebol Clube,Alex Cazumba,Lateral,56,5
2008,Figueirense Futebol Clube,Peter,Lateral,54,1
2008,Figueirense Futebol Clube,Bruno Aguiar,Zagueiro,62,20
2008,Figueirense Futebol Clube,Rafael Lima,Zagueiro,55,2
2008,Figueirense Futebol Clube,Roger Bernardo,Zagueiro,54,1
2008,Figueirense Futebol Clube,Leandro Carvalho,Volante,60,17
2008,Figueirense Futebol Clube,Jackson,Volante,58,12
2008,Figueirense Futebol Clube,Makelele,Volante,55,3
2008,Figueirense Futebol Clube,Cleiton Xavier,Meia,84,33
2008,Figueirense Futebol Clube,Ramón,Meia,65,20
2008,Figueirense Futebol Clube,Tadeu,Atacante,72,31
2008,Figueirense Futebol Clube,Edu Sales,Atacante,64,17
2008,Figueirense Futebol Clube,Lima,Atacante,55,4
2008,Fluminense Football Club,Fernando Henrique,Goleiro,69,32
2008,Fluminense Football Club,Diego,Goleiro,59,3
2008,Fluminense Football Club,Eduardo Ratinho,Lateral,56,6
2008,Fluminense Football Club,Uendel,Lateral,55,3
2008,Fluminense Football Club,João Paulo,Lateral,55,2
2008,Fluminense Football Club,Thiago Silva,Zagueiro,71,20
2008,Fluminense Football Club,Edcarlos,Zagueiro,59,7
2008,Fluminense Football Club,Sandro,Zagueiro,56,6
2008,Fluminense Football Club,Maurício,Volante,67,22
2008,Fluminense Football Club,Arouca,Volante,66,29
2008,Fluminense Football Club,Wellington Monteiro,Volante,58,11
2008,Fluminense Football Club,Ygor,Volante,57,9
2008,Fluminense Football Club,Tartá,Meia,73,27
2008,Fluminense Football Club,Darío Conca,Meia,72,30
2008,Fluminense Football Club,Thiago Neves,Meia,66,5
2008,Fluminense Football Club,David,Meia,58,10
2008,Fluminense Football Club,Cícero,Meia,55,4
2008,Fluminense Football Club,Elias,Meia,54,1
2008,Fluminense Football Club,Marinho,Ponta,57,7
2008,Fluminense Football Club,Dodô,Atacante,69,16
2008,Fluminense Football Club,Alan,Atacante,61,13
2008,Fluminense Football Club,Ciel,Atacante,57,7
2008,Fluminense Football Club,Léo Itaperuna,Atacante,56,6
2008,Goiás EC,Harlei,Goleiro,71,38
2008,Goiás EC,Vítor,Lateral,72,36
2008,Goiás EC,Thiago Feltri,Lateral,65,18
2008,Goiás EC,Alex Ferreira,Lateral,55,2
2008,Goiás EC,Ernando,Zagueiro,67,33
2008,Goiás EC,Rafael Marques,Zagueiro,65,24
2008,Goiás EC,João Paulo,Zagueiro,57,9
2008,Goiás EC,Fahel,Volante,63,18
2008,Goiás EC,Amaral,Volante,56,6
2008,Goiás EC,Frédson,Volante,56,6
2008,Goiás EC,Lusmar,Volante,55,4
2008,Goiás EC,Paulo Baier,Meia,78,29
2008,Goiás EC,Felipe Menezes,Meia,61,13
2008,Goiás EC,Adriano Gabirú,Meia,59,14
2008,Goiás EC,Evandro,Meia,57,3
2008,Goiás EC,Anderson Gomes,Ponta,67,8
2008,Goiás EC,Iarley,Atacante,77,31
2008,Goiás EC,Anderson Aquino,Atacante,63,4
2008,Goiás EC,Schwenck,Atacante,57,7
2008,Grêmio Foot-Ball Porto Alegrense,Victor,Goleiro,73,38
2008,Grêmio Foot-Ball Porto Alegrense,Anderson Pico,Lateral,64,17
2008,Grêmio Foot-Ball Porto Alegrense,Hélder Santos,Lateral,64,22
2008,Grêmio Foot-Ball Porto Alegrense,Felipe Mattioni,Lateral,62,13
2008,Grêmio Foot-Ball Porto Alegrense,Bruno Teles,Lateral,54,1
2008,Grêmio Foot-Ball Porto Alegrense,Réver,Zagueiro,68,35
2008,Grêmio Foot-Ball Porto Alegrense,Pereira,Zagueiro,66,27
2008,Grêmio Foot-Ball Porto Alegrense,Héverton,Zagueiro,62,2
2008,Grêmio Foot-Ball Porto Alegrense,Willian Thiego,Zagueiro,60,14
2008,Grêmio Foot-Ball Porto Alegrense,Rafael Carioca,Volante,73,37
2008,Grêmio Foot-Ball Porto Alegrense,Makelele,Volante,60,16
2008,Grêmio Foot-Ball Porto Alegrense,Amaral,Volante,58,10
2008,Grêmio Foot-Ball Porto Alegrense,Maylson,Volante,54,1
2008,Grêmio Foot-Ball Porto Alegrense,Roger Flores,Meia,73,8
2008,Grêmio Foot-Ball Porto Alegrense,Tcheco,Meia,73,25
2008,Grêmio Foot-Ball Porto Alegrense,Douglas Costa,Ponta,73,6
2008,Grêmio Foot-Ball Porto Alegrense,Rodrigo Mendes,Ponta,68,7
2008,Grêmio Foot-Ball Porto Alegrense,Marcel,Atacante,74,29
2008,Grêmio Foot-Ball Porto Alegrense,Edixon Perea,Atacante,73,27
2008,Grêmio Foot-Ball Porto Alegrense,Richard Morales,Atacante,61,6
2008,Grêmio Foot-Ball Porto Alegrense,Jonas,Atacante,57,3
2008,Ipatinga Futebol Clube (MG),Fernando Leal,Goleiro,64,18
2008,Ipatinga Futebol Clube (MG),Beto,Lateral,63,16
2008,Ipatinga Futebol Clube (MG),Márcio Gabriel,Lateral,63,25
2008,Ipatinga Futebol Clube (MG),Mariano,Lateral,57,6
2008,Ipatinga Futebol Clube (MG),Edimar,Lateral,56,5
2008,Ipatinga Futebol Clube (MG),Tiago,Zagueiro,60,13
2008,Ipatinga Futebol Clube (MG),Augusto Recife,Volante,66,33
2008,Ipatinga Futebol Clube (MG),Xaves,Volante,62,20
2008,Ipatinga Futebol Clube (MG),Paulinho Dias,Volante,60,15
2008,Ipatinga Futebol Clube (MG),Sandro Manoel,Volante,55,3
2008,Ipatinga Futebol Clube (MG),Jackson,Volante,55,4
2008,Ipatinga Futebol Clube (MG),Marcelo Costa,Meia,61,5
2008,Ipatinga Futebol Clube (MG),William,Meia,61,5
2008,Ipatinga Futebol Clube (MG),Gerson Magrão,Ponta,71,6
2008,Ipatinga Futebol Clube (MG),Ferreira,Atacante,71,18
2008,Ipatinga Futebol Clube (MG),Marinho,Atacante,61,10
2008,Ipatinga Futebol Clube (MG),Neto Baiano,Atacante,61,10
2008,Ipatinga Futebol Clube (MG),Kempes,Atacante,61,14
2008,Ipatinga Futebol Clube (MG),Michel Neves,Atacante,56,5
2008,Ipatinga Futebol Clube (MG),Ricardinho,Atacante,56,6
2008,Ipatinga Futebol Clube (MG),Igor,Atacante,55,2
2008,Ipatinga Futebol Clube (MG),Marcelo Macedo,Atacante,54,1
2008,Portuguesa,Gottardi,Goleiro,60,10
2008,Portuguesa,Sérgio,Goleiro,58,12
2008,Portuguesa,Athirson,Lateral,63,13
2008,Portuguesa,Bruno Recife,Lateral,60,15
2008,Portuguesa,Bruno Teles,Lateral,56,6
2008,Portuguesa,Halisson,Zagueiro,63,20
2008,Portuguesa,Ediglê,Zagueiro,61,16
2008,Portuguesa,Carlos Alberto,Volante,62,21
2008,Portuguesa,Claudecir,Volante,60,3
2008,Portuguesa,Fellype Gabriel,Meia,70,20
2008,Portuguesa,Diego Gavilán,Meia,62,22
2008,Portuguesa,Jonas,Atacante,77,25
2008,Portuguesa,Edno,Atacante,77,36
2008,Portuguesa,Washington,Atacante,68,23
2008,Santos FC,Douglas Jesus,Goleiro,66,17
2008,Santos FC,Fábio Costa,Goleiro,65,18
2008,Santos FC,Kléber,Lateral,67,32
2008,Santos FC,Wendel,Lateral,61,17
2008,Santos FC,Pará,Lateral,61,15
2008,Santos FC,Thiago Carleto,Lateral,57,9
2008,Santos FC,Fábio Santos,Lateral,56,5
2008,Santos FC,Domingos,Zagueiro,64,28
2008,Santos FC,Marcelo,Zagueiro,64,16
2008,Santos FC,Betão,Zagueiro,61,5
2008,Santos FC,Fabão,Zagueiro,60,15
2008,Santos FC,Roberto Brum,Volante,61,18
2008,Santos FC,Dionísio,Volante,57,9
2008,Santos FC,Mauricio Molina,Meia,76,32
2008,Santos FC,Wesley,Meia,61,20
2008,Santos FC,Robinho,Meia,57,9
2008,Santos FC,Rodrigo Tabata,Meia,56,6
2008,Santos FC,Maikon Leite,Ponta,74,11
2008,Santos FC,Michael,Ponta,66,19
2008,Santos FC,Nelson Cuevas,Ponta,65,17
2008,Santos FC,Apodi,Ponta,61,12
2008,Santos FC,Lima,Atacante,62,21
2008,Santos FC,Tiago Luis,Atacante,61,13
2008,Sociedade Esportiva Palmeiras,Marcos,Goleiro,72,37
2008,Sociedade Esportiva Palmeiras,Élder Granja,Lateral,65,24
2008,Sociedade Esportiva Palmeiras,Fabinho Capixaba,Lateral,60,15
2008,Sociedade Esportiva Palmeiras,Wendel,Lateral,56,5
2008,Sociedade Esportiva Palmeiras,Jefferson,Lateral,56,5
2008,Sociedade Esportiva Palmeiras,Henrique,Zagueiro,65,5
2008,Sociedade Esportiva Palmeiras,Gladstone,Zagueiro,64,16
2008,Sociedade Esportiva Palmeiras,Gustavo,Zagueiro,63,22
2008,Sociedade Esportiva Palmeiras,David Braz,Zagueiro,62,2
2008,Sociedade Esportiva Palmeiras,Jeci,Zagueiro,62,18
2008,Sociedade Esportiva Palmeiras,Maurício,Zagueiro,61,13
2008,Sociedade Esportiva Palmeiras,Roque Júnior,Zagueiro,56,5
2008,Sociedade Esportiva Palmeiras,Sandro Silva,Volante,67,28
2008,Sociedade Esportiva Palmeiras,Pierre,Volante,64,22
2008,Sociedade Esportiva Palmeiras,Jorge Valdivia,Meia,75,16
2008,Sociedade Esportiva Palmeiras,Evandro,Meia,68,27
2008,Sociedade Esportiva Palmeiras,Maicosuel,Meia,62,14
2008,Sociedade Esportiva Palmeiras,Alex Mineiro,Ponta,83,35
2008,Sociedade Esportiva Palmeiras,Diego Souza,Atacante,78,33
2008,Sociedade Esportiva Palmeiras,Kléber,Atacante,73,30
2008,Sport Club Internacional,Clemer,Goleiro,64,19
2008,Sport Club Internacional,Renan Soares,Goleiro,61,10
2008,Sport Club Internacional,Lauro,Goleiro,60,10
2008,Sport Club Internacional,Gustavo Nery,Lateral,62,15
2008,Sport Club Internacional,Ângelo,Lateral,62,10
2008,Sport Club Internacional,Jonas,Lateral,56,5
2008,Sport Club Internacional,Marcão,Zagueiro,67,28
2008,Sport Club Internacional,Índio,Zagueiro,67,28
2008,Sport Club Internacional,Sidnei,Zagueiro,64,4
2008,Sport Club Internacional,Bolívar,Zagueiro,60,15
2008,Sport Club Internacional,Gonzalo Sorondo,Zagueiro,57,7
2008,Sport Club Internacional,Andrés Orozco,Zagueiro,57,8
2008,Sport Club Internacional,Edinho,Volante,65,27
2008,Sport Club Internacional,Rosinei,Volante,60,14
2008,Sport Club Internacional,Wellington Monteiro,Volante,55,4
2008,Sport Club Internacional,Alex,Meia,78,23
2008,Sport Club Internacional,Jogador 3445,Meia,72,11
2008,Sport Club Internacional,Sandro,Meia,69,7
2008,Sport Club Internacional,Taison,Ponta,70,30
2008,Sport Club Internacional,Nilmar,Atacante,80,27
2008,Sport Club Internacional,Adriano,Atacante,64,20
2008,Sport Club Internacional,Walter,Atacante,58,11
2008,Sport Club Internacional,Luiz Carlos,Atacante,56,6
2008,Sport Club do Recife,Magrão,Goleiro,71,36
2008,Sport Club do Recife,Cléber,Goleiro,61,2
2008,Sport Club do Recife,Sidny,Lateral,64,15
2008,Sport Club do Recife,Luisinho Netto,Lateral,60,12
2008,Sport Club do Recife,Igor,Zagueiro,66,32
2008,Sport Club do Recife,Andrade,Volante,60,11
2008,Sport Club do Recife,Moacir,Volante,60,14
2008,Sport Club do Recife,Fumagalli,Meia,69,17
2008,Sport Club do Recife,Roger Silva,Atacante,76,28
2008,Sport Club do Recife,Wilson,Atacante,70,10
2008,Sport Club do Recife,Leandro Machado,Atacante,64,9
2008,Sport Club do Recife,Enílton,Atacante,62,21
2008,São Paulo Futebol Clube,Jancarlos,Lateral,60,14
2008,São Paulo Futebol Clube,Alex Cazumba,Lateral,59,5
2008,São Paulo Futebol Clube,André Dias,Zagueiro,73,32
2008,São Paulo Futebol Clube,Miranda,Zagueiro,70,24
2008,São Paulo Futebol Clube,Juninho,Zagueiro,57,8
2008,São Paulo Futebol Clube,Anderson,Zagueiro,56,6
2008,São Paulo Futebol Clube,Bruno Silva,Volante,55,3
2008,São Paulo Futebol Clube,Wellington,Volante,54,1
2008,São Paulo Futebol Clube,Hugo,Meia,80,33
2008,São Paulo Futebol Clube,Hernanes,Meia,80,24
2008,São Paulo Futebol Clube,Sérgio Mota,Meia,55,3
2008,São Paulo Futebol Clube,Jorge Wagner,Ponta,77,36
2008,São Paulo Futebol Clube,Éder Luís,Ponta,69,27
2008,São Paulo Futebol Clube,Dagoberto,Atacante,71,29
2008,São Paulo Futebol Clube,André Lima,Atacante,66,16
2008,São Paulo Futebol Clube,Aloisio Chulapa,Atacante,62,18
2009,Atlético Paranaense,Galatto,Goleiro,68,27
2009,Atlético Paranaense,Vinícius,Goleiro,61,10
2009,Atlético Paranaense,Márcio Azevedo,Lateral,69,28
2009,Atlético Paranaense,Nei,Lateral,63,24
2009,Atlético Paranaense,Alex Sandro,Lateral,61,16
2009,Atlético Paranaense,Manoel,Zagueiro,66,27
2009,Atlético Paranaense,Rafael Santos,Zagueiro,64,11
2009,Atlético Paranaense,Rhodolfo,Zagueiro,64,22
2009,Atlético Paranaense,Chico,Zagueiro,64,22
2009,Atlético Paranaense,Antônio Carlos,Zagueiro,57,9
2009,Atlético Paranaense,Rafael Miranda,Volante,67,30
2009,Atlético Paranaense,Edwin Valencia,Volante,65,31
2009,Atlético Paranaense,Paulo Baier,Meia,81,29
2009,Atlético Paranaense,Marcinho,Meia,78,35
2009,Atlético Paranaense,Wesley,Meia,69,33
2009,Atlético Paranaense,Netinho,Meia,61,6
2009,Atlético Paranaense,Fransérgio,Meia,58,10
2009,Atlético Paranaense,Alex Mineiro,Ponta,63,14
2009,Atlético Paranaense,Marcelo Cirino,Ponta,62,4
2009,Atlético Paranaense,Wallyson,Atacante,71,28
2009,Atlético Paranaense,Rafael Moura,Atacante,63,13
2009,Atlético Paranaense,Zulu,Atacante,55,3
2009,Atlético Paranaense,Rodrigo Tiuí,Atacante,55,4
2009,Avaí FC,Paes,Goleiro,66,1
2009,Avaí FC,Eltinho,Lateral,68,29
2009,Avaí FC,Uendel,Lateral,61,18
2009,Avaí FC,Fabinho Capixaba,Lateral,60,13
2009,Avaí FC,Emerson,Zagueiro,68,32
2009,Avaí FC,Turatto,Zagueiro,57,7
2009,Avaí FC,Júnior Alves,Zagueiro,54,0
2009,Avaí FC,Léo Gago,Volante,70,31
2009,Avaí FC,Marcus Winícius,Volante,62,23
2009,Avaí FC,Xaves,Volante,55,2
2009,Avaí FC,Marquinhos,Meia,78,31
2009,Avaí FC,Caio,Meia,69,27
2009,Avaí FC,Ricardinho,Meia,68,4
2009,Avaí FC,Bruno Silva,Meia,56,5
2009,Avaí FC,Medina,Meia,55,4
2009,Avaí FC,Muriqui,Ponta,81,31
2009,Avaí FC,William,Atacante,77,26
2009,Avaí FC,Roberto,Atacante,64,17
2009,Avaí FC,Lima,Atacante,61,8
2009,Avaí FC,Leonardo,Atacante,57,8
2009,Botafogo de Futebol e Regatas,Jefferson,Goleiro,64,15
2009,Botafogo de Futebol e Regatas,Renan,Goleiro,60,6
2009,Botafogo de Futebol e Regatas,Alessandro,Lateral,68,32
2009,Botafogo de Futebol e Regatas,Juninho,Zagueiro,70,34
2009,Botafogo de Futebol e Regatas,Diego Giaretta,Zagueiro,62,12
2009,Botafogo de Futebol e Regatas,Fahel,Volante,64,25
2009,Botafogo de Futebol e Regatas,Eduardo Neto,Volante,64,21
2009,Botafogo de Futebol e Regatas,Túlio Souza,Volante,56,6
2009,Botafogo de Futebol e Regatas,Lúcio Flávio,Meia,76,33
2009,Botafogo de Futebol e Regatas,Batista,Meia,66,19
2009,Botafogo de Futebol e Regatas,Marquinho,Meia,64,3
2009,Botafogo de Futebol e Regatas,Tony,Meia,63,9
2009,Botafogo de Futebol e Regatas,Jônatas,Meia,61,18
2009,Botafogo de Futebol e Regatas,Lucas Silva,Meia,54,1
2009,Botafogo de Futebol e Regatas,Michael,Ponta,65,6
2009,Botafogo de Futebol e Regatas,André Lima,Atacante,73,22
2009,Botafogo de Futebol e Regatas,Jean Coral,Atacante,56,5
2009,CR Flamengo,Diego,Goleiro,66,1
2009,CR Flamengo,Marcelo Lomba,Goleiro,54,0
2009,CR Flamengo,Éverton Silva,Lateral,58,12
2009,CR Flamengo,Welinton,Zagueiro,64,22
2009,CR Flamengo,Álvaro,Zagueiro,59,13
2009,CR Flamengo,David Braz,Zagueiro,59,10
2009,CR Flamengo,Fabrício,Zagueiro,57,7
2009,CR Flamengo,Willians,Volante,71,31
2009,CR Flamengo,Dejan Petkovic,Meia,78,23
2009,CR Flamengo,Kléberson,Meia,65,16
2009,CR Flamengo,Erick Flores,Meia,57,8
2009,CR Flamengo,Camacho,Meia,57,9
2009,CR Flamengo,Rafael Galhardo,Meia,55,3
2009,CR Flamengo,Jônatas,Meia,54,0
2009,CR Flamengo,Emerson,Ponta,72,14
2009,CR Flamengo,Éverton,Ponta,67,28
2009,CR Flamengo,Bruno Paulo,Ponta,62,4
2009,CR Flamengo,Adriano,Atacante,84,30
2009,CR Flamengo,Josiel,Atacante,68,5
2009,CR Flamengo,Denis Marques,Atacante,63,12
2009,CR Flamengo,Bruno Mezenga,Atacante,57,7
2009,CR Flamengo,Gil,Atacante,54,1
2009,CR Flamengo,Paulo Sérgio,Atacante,54,0
2009,Clube Atlético Mineiro,Aranha,Goleiro,64,13
2009,Clube Atlético Mineiro,Fabián Carini,Goleiro,62,14
2009,Clube Atlético Mineiro,Juninho,Goleiro,55,3
2009,Clube Atlético Mineiro,Thiago Feltri,Lateral,70,35
2009,Clube Atlético Mineiro,Marcos Rocha,Lateral,62,10
2009,Clube Atlético Mineiro,Coelho,Lateral,59,5
2009,Clube Atlético Mineiro,Felipe Cordeiro,Lateral,55,2
2009,Clube Atlético Mineiro,Werley,Zagueiro,66,32
2009,Clube Atlético Mineiro,Leandro Almeida,Zagueiro,60,4
2009,Clube Atlético Mineiro,Jorge Luiz,Zagueiro,58,9
2009,Clube Atlético Mineiro,Márcio Araújo,Volante,67,26
2009,Clube Atlético Mineiro,Renan Teixeira,Volante,64,28
2009,Clube Atlético Mineiro,Corrêa,Volante,63,16
2009,Clube Atlético Mineiro,Serginho,Volante,63,12
2009,Clube Atlético Mineiro,Evandro,Meia,73,28
2009,Clube Atlético Mineiro,Carlos Alberto,Meia,71,30
2009,Clube Atlético Mineiro,Renan Oliveira,Meia,67,13
2009,Clube Atlético Mineiro,Ricardinho,Meia,65,12
2009,Clube Atlético Mineiro,Tchô,Meia,57,8
2009,Clube Atlético Mineiro,Éder Luís,Ponta,78,35
2009,Clube Atlético Mineiro,Diego Tardelli,Atacante,83,33
2009,Clube Atlético Mineiro,Wason Rentería,Atacante,62,15
2009,Clube Atlético Mineiro,Pedro Oldoni,Atacante,55,4
2009,Clube Náutico Capibaribe,Glédson,Goleiro,66,25
2009,Clube Náutico Capibaribe,Anderson Mineiro,Lateral,65,24
2009,Clube Náutico Capibaribe,Michel,Lateral,64,20
2009,Clube Náutico Capibaribe,Sidny,Lateral,59,11
2009,Clube Náutico Capibaribe,Edson Canhão,Lateral,54,1
2009,Clube Náutico Capibaribe,Vágner,Zagueiro,64,27
2009,Clube Náutico Capibaribe,Gladstone,Zagueiro,61,12
2009,Clube Náutico Capibaribe,Márcio,Zagueiro,60,16
2009,Clube Náutico Capibaribe,Derley,Volante,64,23
2009,Clube Náutico Capibaribe,Mariano Torres,Meia,57,7
2009,Clube Náutico Capibaribe,David,Meia,54,1
2009,Clube Náutico Capibaribe,Bruno Mineiro,Atacante,78,10
2009,Clube Náutico Capibaribe,Gilmar,Atacante,76,21
2009,Clube Náutico Capibaribe,Kuki,Atacante,57,9
2009,Clube Náutico Capibaribe,Tuta,Atacante,56,5
2009,Clube Náutico Capibaribe,Ferreira,Atacante,55,4
2009,Clube Náutico Capibaribe,Fernando Karanga,Atacante,54,0
2009,Coritiba Foot Ball Club,Vanderlei,Goleiro,64,20
2009,Coritiba Foot Ball Club,Édson Bastos,Goleiro,63,18
2009,Coritiba Foot Ball Club,Rodrigo Heffner,Lateral,66,18
2009,Coritiba Foot Ball Club,Márcio Gabriel,Lateral,63,23
2009,Coritiba Foot Ball Club,Luciano Amaral,Lateral,59,12
2009,Coritiba Foot Ball Club,Pereira,Zagueiro,64,21
2009,Coritiba Foot Ball Club,Jeci,Zagueiro,63,21
2009,Coritiba Foot Ball Club,Demerson,Zagueiro,59,11
2009,Coritiba Foot Ball Club,Dirceu,Zagueiro,59,14
2009,Coritiba Foot Ball Club,Cleiton Sulzbacher,Zagueiro,58,12
2009,Coritiba Foot Ball Club,Leandro Donizete,Volante,67,34
2009,Coritiba Foot Ball Club,Jaílton,Volante,66,32
2009,Coritiba Foot Ball Club,Douglas Silva,Volante,59,10
2009,Coritiba Foot Ball Club,Marcelinho Paraíba,Meia,83,34
2009,Coritiba Foot Ball Club,Pedro Ken,Meia,71,33
2009,Coritiba Foot Ball Club,Carlinhos Paraíba,Meia,70,31
2009,Coritiba Foot Ball Club,Renatinho,Meia,66,22
2009,Coritiba Foot Ball Club,Thiago Gentil,Meia,65,16
2009,Coritiba Foot Ball Club,Leozinho,Meia,63,11
2009,Coritiba Foot Ball Club,Marlos,Ponta,57,1
2009,Coritiba Foot Ball Club,Marcos Aurélio,Atacante,72,32
2009,Coritiba Foot Ball Club,Ariel Nahuelpán,Atacante,70,21
2009,Coritiba Foot Ball Club,Bruno Batata,Atacante,68,22
2009,Cruzeiro Esporte Clube,Fábio,Goleiro,70,34
2009,Cruzeiro Esporte Clube,Andrey,Goleiro,58,4
2009,Cruzeiro Esporte Clube,Jonathan,Lateral,76,27
2009,Cruzeiro Esporte Clube,Gilberto,Lateral,68,19
2009,Cruzeiro Esporte Clube,Diego Renan,Lateral,67,29
2009,Cruzeiro Esporte Clube,Athirson,Lateral,59,11
2009,Cruzeiro Esporte Clube,Jancarlos,Lateral,59,11
2009,Cruzeiro Esporte Clube,Fernandinho,Lateral,55,4
2009,Cruzeiro Esporte Clube,Gil,Zagueiro,65,19
2009,Cruzeiro Esporte Clube,Leonardo Silva,Zagueiro,65,25
2009,Cruzeiro Esporte Clube,Thiago Heleno,Zagueiro,60,16
2009,Cruzeiro Esporte Clube,Anderson,Zagueiro,56,5
2009,Cruzeiro Esporte Clube,Fabrício,Volante,69,30
2009,Cruzeiro Esporte Clube,Elicarlos,Volante,64,25
2009,Cruzeiro Esporte Clube,Ramires,Meia,69,4
2009,Cruzeiro Esporte Clube,Bernardo,Meia,61,13
2009,Cruzeiro Esporte Clube,Thiago Ribeiro,Ponta,81,30
2009,Cruzeiro Esporte Clube,Gerson Magrão,Ponta,62,10
2009,Cruzeiro Esporte Clube,Dudu,Ponta,61,6
2009,Cruzeiro Esporte Clube,Wellington Paulista,Atacante,85,24
2009,Cruzeiro Esporte Clube,Kléber,Atacante,74,15
2009,Cruzeiro Esporte Clube,Zé Carlos,Atacante,61,8
2009,Cruzeiro Esporte Clube,Wanderley,Atacante,56,5
2009,EC Santo André,Neneca,Goleiro,70,37
2009,EC Santo André,Diego,Goleiro,54,0
2009,EC Santo André,Gustavo Nery,Lateral,63,20
2009,EC Santo André,Cicinho,Lateral,63,18
2009,EC Santo André,Eduardo Ratinho,Lateral,56,6
2009,EC Santo André,Júnior Caiçara,Lateral,54,1
2009,EC Santo André,Cris,Zagueiro,59,6
2009,EC Santo André,Vinícius Simon,Zagueiro,55,2
2009,EC Santo André,Dininho,Zagueiro,54,0
2009,EC Santo André,Fernando,Volante,67,35
2009,EC Santo André,Ricardo Conceição,Volante,66,31
2009,EC Santo André,Dionísio,Volante,58,11
2009,EC Santo André,Camilo,Meia,73,9
2009,EC Santo André,Élvis,Meia,64,21
2009,EC Santo André,Nunes,Atacante,78,32
2009,EC Santo André,Júnior Moraes,Atacante,70,2
2009,EC Santo André,Wanderley,Atacante,70,10
2009,EC Santo André,Júnior Dutra,Atacante,65,23
2009,EC Santo André,Ricardo Goulart,Atacante,61,14
2009,EC Santo André,Bruno Moraes,Atacante,54,1
2009,Esporte Clube Vitória,Julián Viáfara,Goleiro,68,27
2009,Esporte Clube Vitória,Nino Paraíba,Lateral,60,9
2009,Esporte Clube Vitória,Wallace,Zagueiro,67,28
2009,Esporte Clube Vitória,Anderson Martins,Zagueiro,64,23
2009,Esporte Clube Vitória,Victor Ramos,Zagueiro,61,16
2009,Esporte Clube Vitória,Reniê,Zagueiro,55,3
2009,Esporte Clube Vitória,Carlos Alberto,Volante,62,18
2009,Esporte Clube Vitória,Gil,Volante,57,8
2009,Esporte Clube Vitória,Ramon Menezes,Meia,73,23
2009,Esporte Clube Vitória,Jackson,Meia,68,15
2009,Esporte Clube Vitória,William,Meia,65,20
2009,Esporte Clube Vitória,Leandro Domingues,Ponta,77,30
2009,Esporte Clube Vitória,Apodi,Ponta,70,27
2009,Esporte Clube Vitória,Neto Berola,Ponta,67,22
2009,Esporte Clube Vitória,Roger Silva,Atacante,80,31
2009,Esporte Clube Vitória,Derlei,Atacante,74,1
2009,Esporte Clube Vitória,Leandrão,Atacante,64,10
2009,Esporte Clube Vitória,Neto Baiano,Atacante,63,4
2009,Esporte Clube Vitória,Elkeson,Atacante,61,12
2009,Esporte Clube Vitória,Adriano Pardal,Atacante,61,12
2009,Esporte Clube Vitória,Washington,Atacante,54,0
2009,Fluminense Football Club,Fernando Henrique,Goleiro,60,11
2009,Fluminense Football Club,Mariano,Lateral,65,20
2009,Fluminense Football Club,João Paulo,Lateral,62,17
2009,Fluminense Football Club,Augusto,Lateral,55,3
2009,Fluminense Football Club,Eduardo Ratinho,Lateral,55,2
2009,Fluminense Football Club,Gum,Zagueiro,63,16
2009,Fluminense Football Club,Edcarlos,Zagueiro,61,17
2009,Fluminense Football Club,Cássio,Zagueiro,59,13
2009,Fluminense Football Club,Dalton,Zagueiro,59,13
2009,Fluminense Football Club,Sandro,Zagueiro,54,0
2009,Fluminense Football Club,Maurício,Volante,61,10
2009,Fluminense Football Club,Wellington Monteiro,Volante,61,19
2009,Fluminense Football Club,Radamés,Volante,54,0
2009,Fluminense Football Club,Darío Conca,Meia,80,36
2009,Fluminense Football Club,Ruy Cabeção,Meia,64,18
2009,Fluminense Football Club,Tartá,Meia,61,12
2009,Fluminense Football Club,Eduardo,Meia,60,9
2009,Fluminense Football Club,Thiago Neves,Meia,60,7
2009,Fluminense Football Club,Paulo César,Ponta,55,4
2009,Fluminense Football Club,Fred,Atacante,79,20
2009,Fluminense Football Club,Alan,Atacante,69,23
2009,Fluminense Football Club,Roni,Atacante,63,12
2009,Goiás EC,Harlei,Goleiro,70,38
2009,Goiás EC,Vítor,Lateral,67,25
2009,Goiás EC,Douglas,Lateral,62,14
2009,Goiás EC,Zé Carlos,Lateral,60,15
2009,Goiás EC,Rafael Tolói,Zagueiro,68,20
2009,Goiás EC,Ernando,Zagueiro,67,34
2009,Goiás EC,João Paulo,Zagueiro,60,14
2009,Goiás EC,Valmir Lucas,Zagueiro,60,15
2009,Goiás EC,Adriano Alves,Zagueiro,54,0
2009,Goiás EC,Amaral,Volante,67,31
2009,Goiás EC,Rithely,Volante,59,5
2009,Goiás EC,Geovane,Volante,54,0
2009,Goiás EC,Felipe Menezes,Meia,67,21
2009,Goiás EC,Eduardo Ramos,Meia,55,2
2009,Goiás EC,Ricardinho,Meia,54,1
2009,Goiás EC,Rafinha,Ponta,55,3
2009,Goiás EC,Anderson Gomes,Ponta,54,1
2009,Goiás EC,Felipe,Atacante,78,30
2009,Goiás EC,Iarley,Atacante,77,34
2009,Goiás EC,Fernandão,Atacante,68,14
2009,Goiás EC,Bruno Meneghel,Atacante,64,17
2009,Goiás EC,Jael,Atacante,56,6
2009,Goiás EC,Johnathan,Atacante,55,3
2009,Grêmio Barueri Futebol Ltda.,Márcio Careca,Lateral,71,34
2009,Grêmio Barueri Futebol Ltda.,André Luis,Zagueiro,66,27
2009,Grêmio Barueri Futebol Ltda.,Paulão,Zagueiro,54,1
2009,Grêmio Barueri Futebol Ltda.,João Leonardo,Zagueiro,54,0
2009,Grêmio Barueri Futebol Ltda.,Diego Giaretta,Zagueiro,54,1
2009,Grêmio Barueri Futebol Ltda.,João Vitor,Volante,65,26
2009,Grêmio Barueri Futebol Ltda.,Bruno Ribeiro,Meia,60,15
2009,Grêmio Barueri Futebol Ltda.,Camilo,Meia,55,2
2009,Grêmio Barueri Futebol Ltda.,Flavinho,Ponta,69,21
2009,Grêmio Barueri Futebol Ltda.,Henrique Dias,Ponta,60,7
2009,Grêmio Barueri Futebol Ltda.,Willian José,Atacante,57,7
2009,Grêmio Foot-Ball Porto Alegrense,Victor,Goleiro,66,28
2009,Grêmio Foot-Ball Porto Alegrense,Matheus Cavichioli,Goleiro,54,0
2009,Grêmio Foot-Ball Porto Alegrense,Mário Fernandes,Lateral,65,19
2009,Grêmio Foot-Ball Porto Alegrense,Fábio Santos,Lateral,65,20
2009,Grêmio Foot-Ball Porto Alegrense,Bruno Collaço,Lateral,59,10
2009,Grêmio Foot-Ball Porto Alegrense,Lúcio,Lateral,59,14
2009,Grêmio Foot-Ball Porto Alegrense,Rafael Marques,Zagueiro,70,27
2009,Grêmio Foot-Ball Porto Alegrense,Réver,Zagueiro,68,31
2009,Grêmio Foot-Ball Porto Alegrense,Willian Thiego,Zagueiro,62,21
2009,Grêmio Foot-Ball Porto Alegrense,Saimon,Zagueiro,54,1
2009,Grêmio Foot-Ball Porto Alegrense,Túlio Guerreiro,Volante,67,32
2009,Grêmio Foot-Ball Porto Alegrense,Maylson,Volante,58,11
2009,Grêmio Foot-Ball Porto Alegrense,Makelele,Volante,56,5
2009,Grêmio Foot-Ball Porto Alegrense,Tcheco,Meia,78,32
2009,Grêmio Foot-Ball Porto Alegrense,Isael,Meia,68,2
2009,Grêmio Foot-Ball Porto Alegrense,Ruy Cabeção,Meia,56,6
2009,Grêmio Foot-Ball Porto Alegrense,Renato Cajá,Meia,56,5
2009,Grêmio Foot-Ball Porto Alegrense,Douglas Costa,Ponta,73,22
2009,Grêmio Foot-Ball Porto Alegrense,Alex Mineiro,Ponta,69,6
2009,Grêmio Foot-Ball Porto Alegrense,Jonas,Atacante,83,26
2009,Grêmio Foot-Ball Porto Alegrense,Maxi López,Atacante,82,25
2009,Grêmio Foot-Ball Porto Alegrense,Edixon Perea,Atacante,66,13
2009,Grêmio Foot-Ball Porto Alegrense,Roberson,Atacante,65,3
2009,Santos FC,Felipe Garcia,Goleiro,72,26
2009,Santos FC,Fábio Costa,Goleiro,58,6
2009,Santos FC,Douglas Jesus,Goleiro,58,7
2009,Santos FC,Pará,Lateral,67,33
2009,Santos FC,Léo,Lateral,65,24
2009,Santos FC,George Lucas,Lateral,64,9
2009,Santos FC,Triguinho,Lateral,60,14
2009,Santos FC,Fabão,Zagueiro,64,25
2009,Santos FC,Domingos,Zagueiro,57,9
2009,Santos FC,Alan Santos,Zagueiro,54,1
2009,Santos FC,Germano,Volante,65,23
2009,Santos FC,Rodrigo Mancha,Volante,62,18
2009,Santos FC,Roberto Brum,Volante,59,14
2009,Santos FC,Neymar,Meia,85,33
2009,Santos FC,Ganso,Meia,82,31
2009,Santos FC,Robinho,Meia,69,23
2009,Santos FC,Mauricio Molina,Meia,66,9
2009,Santos FC,Alan Patrick,Meia,55,3
2009,Santos FC,Felipe Azevedo,Ponta,63,16
2009,Santos FC,Maikon Leite,Ponta,55,3
2009,Santos FC,André Felipe,Atacante,64,9
2009,Santos FC,Roni,Atacante,61,6
2009,Santos FC,Tiago Luis,Atacante,55,3
2009,Sociedade Esportiva Palmeiras,Marcos,Goleiro,70,35
2009,Sociedade Esportiva Palmeiras,Wendel,Lateral,65,26
2009,Sociedade Esportiva Palmeiras,Jefferson,Lateral,59,5
2009,Sociedade Esportiva Palmeiras,Fabinho Capixaba,Lateral,55,3
2009,Sociedade Esportiva Palmeiras,Danilo,Zagueiro,74,35
2009,Sociedade Esportiva Palmeiras,Maurício Ramos,Zagueiro,68,22
2009,Sociedade Esportiva Palmeiras,Marcão,Zagueiro,66,27
2009,Sociedade Esportiva Palmeiras,Maurício,Zagueiro,63,15
2009,Sociedade Esportiva Palmeiras,Jeci,Zagueiro,54,0
2009,Sociedade Esportiva Palmeiras,Souza,Volante,65,29
2009,Sociedade Esportiva Palmeiras,Pierre,Volante,63,21
2009,Sociedade Esportiva Palmeiras,Edmílson,Volante,62,22
2009,Sociedade Esportiva Palmeiras,Sandro Silva,Volante,60,15
2009,Sociedade Esportiva Palmeiras,Cleiton Xavier,Meia,86,32
2009,Sociedade Esportiva Palmeiras,Felipe Silva,Meia,54,1
2009,Sociedade Esportiva Palmeiras,Pablo Armero,Ponta,72,29
2009,Sociedade Esportiva Palmeiras,Willians Santana,Ponta,63,15
2009,Sociedade Esportiva Palmeiras,Marquinhos,Ponta,57,8
2009,Sociedade Esportiva Palmeiras,Keirrison,Atacante,85,7
2009,Sociedade Esportiva Palmeiras,Diego Souza,Atacante,80,34
2009,Sociedade Esportiva Palmeiras,Vágner Love,Atacante,78,12
2009,Sociedade Esportiva Palmeiras,Robert,Atacante,71,12
2009,Sociedade Esportiva Palmeiras,José Ortigoza,Atacante,69,29
2009,Sport Club Corinthians Paulista,Felipe,Goleiro,68,31
2009,Sport Club Corinthians Paulista,Júlio César,Goleiro,58,4
2009,Sport Club Corinthians Paulista,Rafael Santos,Goleiro,55,3
2009,Sport Club Corinthians Paulista,Danilo Fernandes,Goleiro,54,0
2009,Sport Club Corinthians Paulista,Dodô,Lateral,55,4
2009,Sport Club Corinthians Paulista,Sergio Escudero,Lateral,55,2
2009,Sport Club Corinthians Paulista,Paulo André,Zagueiro,61,12
2009,Sport Club Corinthians Paulista,Diego Sacoman,Zagueiro,61,20
2009,Sport Club Corinthians Paulista,Jucilei,Volante,72,32
2009,Sport Club Corinthians Paulista,Moradei,Volante,61,17
2009,Sport Club Corinthians Paulista,Marcelo Mattos,Volante,57,8
2009,Sport Club Corinthians Paulista,Douglas,Meia,72,9
2009,Sport Club Corinthians Paulista,Jorge Henrique,Meia,72,29
2009,Sport Club Corinthians Paulista,Cristian,Meia,72,9
2009,Sport Club Corinthians Paulista,Matías Defederico,Meia,72,12
2009,Sport Club Corinthians Paulista,Marcinho,Meia,64,14
2009,Sport Club Corinthians Paulista,Morais,Meia,60,11
2009,Sport Club Corinthians Paulista,Dentinho,Atacante,80,29
2009,Sport Club Corinthians Paulista,Ronaldo,Atacante,79,20
2009,Sport Club Corinthians Paulista,Souza,Atacante,67,20
2009,Sport Club Corinthians Paulista,Bill,Atacante,63,13
2009,Sport Club Corinthians Paulista,Edno,Atacante,60,8
2009,Sport Club Internacional,Lauro,Goleiro,72,35
2009,Sport Club Internacional,Michel Alves,Goleiro,58,4
2009,Sport Club Internacional,Kléber,Lateral,70,28
2009,Sport Club Internacional,Arilton,Lateral,54,1
2009,Sport Club Internacional,Bolívar,Zagueiro,65,30
2009,Sport Club Internacional,Índio,Zagueiro,64,25
2009,Sport Club Internacional,Gonzalo Sorondo,Zagueiro,62,17
2009,Sport Club Internacional,Álvaro,Zagueiro,56,5
2009,Sport Club Internacional,Igor Rossi,Zagueiro,54,0
2009,Sport Club Internacional,Rosinei,Volante,55,2
2009,Sport Club Internacional,Elton,Volante,54,0
2009,Sport Club Internacional,Giuliano,Meia,84,27
2009,Sport Club Internacional,Sandro,Meia,73,27
2009,Sport Club Internacional,Jogador 3445,Meia,70,22
2009,Sport Club Internacional,Marquinhos Gabriel,Meia,67,14
2009,Sport Club Internacional,Taison,Ponta,76,28
2009,Sport Club Internacional,Marinho,Ponta,54,0
2009,Sport Club Internacional,Alecsandro,Atacante,81,35
2009,Sport Club Internacional,Nilmar,Atacante,77,7
2009,Sport Club Internacional,Edú,Atacante,64,9
2009,Sport Club Internacional,Leandrão,Atacante,61,6
2009,Sport Club Internacional,Alan Kardec,Atacante,56,2
2009,Sport Club Internacional,Léo,Atacante,54,1
2009,Sport Club do Recife,Magrão,Goleiro,69,37
2009,Sport Club do Recife,Cléber,Goleiro,54,1
2009,Sport Club do Recife,Élder Granja,Lateral,64,20
2009,Sport Club do Recife,Fininho,Lateral,59,11
2009,Sport Club do Recife,Bruno Teles,Lateral,55,4
2009,Sport Club do Recife,Jonas,Lateral,55,4
2009,Sport Club do Recife,Igor,Zagueiro,66,30
2009,Sport Club do Recife,Juliano Cavalheiro,Zagueiro,60,13
2009,Sport Club do Recife,Freire,Zagueiro,56,5
2009,Sport Club do Recife,Andrade,Volante,65,20
2009,Sport Club do Recife,Moacir,Volante,63,23
2009,Sport Club do Recife,Renan,Volante,55,2
2009,Sport Club do Recife,Everton Heleno,Volante,54,1
2009,Sport Club do Recife,Fabiano,Meia,74,26
2009,Sport Club do Recife,Fumagalli,Meia,68,11
2009,Sport Club do Recife,Isael,Meia,56,5
2009,Sport Club do Recife,Paulo Baier,Meia,55,2
2009,Sport Club do Recife,Wilson,Atacante,73,23
2009,Sport Club do Recife,Vandinho,Atacante,72,22
2009,Sport Club do Recife,Paulinho,Atacante,63,4
2009,Sport Club do Recife,Edu,Atacante,56,6
2009,Sport Club do Recife,Lincom,Atacante,55,3
2009,São Paulo Futebol Clube,Diogo Silvestre,Lateral,54,0
2009,São Paulo Futebol Clube,Miranda,Zagueiro,72,28
2009,São Paulo Futebol Clube,André Dias,Zagueiro,70,29
2009,São Paulo Futebol Clube,Arouca,Volante,62,21
2009,São Paulo Futebol Clube,Wellington,Volante,56,6
2009,São Paulo Futebol Clube,Hernanes,Meia,86,33
2009,São Paulo Futebol Clube,Hugo,Meia,73,25
2009,São Paulo Futebol Clube,Oscar,Meia,65,11
2009,São Paulo Futebol Clube,Sérgio Mota,Meia,54,0
2009,São Paulo Futebol Clube,Jorge Wagner,Ponta,74,34
2009,São Paulo Futebol Clube,Marlos,Ponta,70,26
2009,São Paulo Futebol Clube,Mazola,Ponta,54,0
2009,São Paulo Futebol Clube,Dagoberto,Atacante,72,29
2009,São Paulo Futebol Clube,André Lima,Atacante,70,2
2009,São Paulo Futebol Clube,Henrique Almeida,Atacante,55,2
2010,Atlético Clube Goianiense,Édson,Goleiro,59,3
2010,Atlético Clube Goianiense,Thiago Feltri,Lateral,65,25
2010,Atlético Clube Goianiense,Adriano Lara,Lateral,59,11
2010,Atlético Clube Goianiense,Ayrton,Lateral,55,4
2010,Atlético Clube Goianiense,Márcio Gabriel,Lateral,55,4
2010,Atlético Clube Goianiense,Wescley,Zagueiro,54,1
2010,Atlético Clube Goianiense,Erandir,Volante,57,7
2010,Atlético Clube Goianiense,Elias,Meia,80,26
2010,Atlético Clube Goianiense,Rodrigo Andrade,Meia,65,11
2010,Atlético Clube Goianiense,William,Meia,65,20
2010,Atlético Clube Goianiense,Renatinho,Meia,65,10
2010,Atlético Clube Goianiense,Victor Ferraz,Meia,63,14
2010,Atlético Clube Goianiense,Wesley,Meia,55,2
2010,Atlético Clube Goianiense,Diogo Campos,Meia,55,2
2010,Atlético Clube Goianiense,Raphael Luz,Meia,54,0
2010,Atlético Clube Goianiense,Marcão,Atacante,72,29
2010,Atlético Clube Goianiense,Rodrigo Tiuí,Atacante,66,11
2010,Atlético Clube Goianiense,Josiel,Atacante,61,7
2010,Atlético Paranaense,Neto,Goleiro,74,34
2010,Atlético Paranaense,João Carlos,Goleiro,58,5
2010,Atlético Paranaense,Paulinho,Lateral,65,29
2010,Atlético Paranaense,Márcio Azevedo,Lateral,64,10
2010,Atlético Paranaense,Élder Granja,Lateral,57,9
2010,Atlético Paranaense,Manoel,Zagueiro,70,31
2010,Atlético Paranaense,Rhodolfo,Zagueiro,70,33
2010,Atlético Paranaense,Chico,Zagueiro,70,33
2010,Atlético Paranaense,Rafael Santos,Zagueiro,59,5
2010,Atlético Paranaense,Deivid,Volante,60,17
2010,Atlético Paranaense,Edwin Valencia,Volante,56,5
2010,Atlético Paranaense,Alan Bahia,Volante,55,4
2010,Atlético Paranaense,Paulo Baier,Meia,78,31
2010,Atlético Paranaense,Branquinho,Meia,72,31
2010,Atlético Paranaense,Netinho,Meia,63,10
2010,Atlético Paranaense,Claiton,Meia,61,6
2010,Atlético Paranaense,Fransérgio,Meia,55,4
2010,Atlético Paranaense,Maikon Leite,Ponta,68,22
2010,Atlético Paranaense,Alex Mineiro,Ponta,63,10
2010,Atlético Paranaense,Marcelo Cirino,Ponta,60,10
2010,Atlético Paranaense,Bruno Mineiro,Atacante,71,31
2010,Atlético Paranaense,Federico Nieto,Atacante,61,12
2010,Atlético Paranaense,Thiago Santos,Atacante,57,7
2010,Avaí FC,Renan,Goleiro,68,24
2010,Avaí FC,Zé Carlos,Goleiro,62,16
2010,Avaí FC,Patric,Lateral,68,33
2010,Avaí FC,Eltinho,Lateral,65,22
2010,Avaí FC,Pará,Lateral,64,17
2010,Avaí FC,Emerson,Zagueiro,69,33
2010,Avaí FC,Léo San,Zagueiro,56,5
2010,Avaí FC,Davi,Volante,68,23
2010,Avaí FC,Diogo Orlando,Volante,61,18
2010,Avaí FC,Marcinho Guerreiro,Volante,61,20
2010,Avaí FC,Rodrigo Thiesen,Volante,55,4
2010,Avaí FC,Caio,Meia,76,27
2010,Avaí FC,Robinho,Meia,72,28
2010,Avaí FC,Jéferson,Meia,70,15
2010,Avaí FC,Válber,Meia,60,10
2010,Avaí FC,Batista,Meia,60,10
2010,Avaí FC,Bruno Silva,Meia,59,13
2010,Avaí FC,Medina,Meia,55,3
2010,Avaí FC,Sávio,Ponta,57,8
2010,Avaí FC,Roberto,Atacante,72,21
2010,Avaí FC,Vandinho,Atacante,66,20
2010,Avaí FC,Anselmo Ramon,Atacante,55,4
2010,Avaí FC,Rafael Costa,Atacante,55,4
2010,Botafogo de Futebol e Regatas,Jefferson,Goleiro,71,36
2010,Botafogo de Futebol e Regatas,Renan,Goleiro,61,2
2010,Botafogo de Futebol e Regatas,Alessandro,Lateral,68,35
2010,Botafogo de Futebol e Regatas,Jancarlos,Lateral,54,0
2010,Botafogo de Futebol e Regatas,Antônio Carlos,Zagueiro,69,30
2010,Botafogo de Futebol e Regatas,Edson Henrique,Zagueiro,55,2
2010,Botafogo de Futebol e Regatas,Fahel,Volante,66,31
2010,Botafogo de Futebol e Regatas,Marcelo Mattos,Volante,63,14
2010,Botafogo de Futebol e Regatas,Sandro Silva,Volante,59,6
2010,Botafogo de Futebol e Regatas,Túlio Souza,Volante,58,12
2010,Botafogo de Futebol e Regatas,Maicosuel,Meia,76,13
2010,Botafogo de Futebol e Regatas,Lúcio Flávio,Meia,74,27
2010,Botafogo de Futebol e Regatas,Renato Cajá,Meia,69,27
2010,Botafogo de Futebol e Regatas,Rodrigo Andrade,Meia,54,1
2010,Botafogo de Futebol e Regatas,Edno,Atacante,74,36
2010,Botafogo de Futebol e Regatas,William,Atacante,54,0
2010,CR Flamengo,Marcelo Lomba,Goleiro,68,30
2010,CR Flamengo,Paulo Victor,Goleiro,66,1
2010,CR Flamengo,Éverton Silva,Lateral,55,2
2010,CR Flamengo,Rodrigo Alvim,Lateral,55,3
2010,CR Flamengo,David Braz,Zagueiro,63,18
2010,CR Flamengo,Welinton,Zagueiro,63,17
2010,CR Flamengo,Álvaro,Zagueiro,55,2
2010,CR Flamengo,Fabrício,Zagueiro,55,3
2010,CR Flamengo,Willians,Volante,70,29
2010,CR Flamengo,Corrêa,Volante,63,25
2010,CR Flamengo,Renato Abreu,Meia,73,22
2010,CR Flamengo,Dejan Petkovic,Meia,71,30
2010,CR Flamengo,Kléberson,Meia,67,21
2010,CR Flamengo,Vinícius Pacheco,Meia,65,16
2010,CR Flamengo,Camacho,Meia,61,6
2010,CR Flamengo,Rafael Galhardo,Meia,56,5
2010,CR Flamengo,Marquinhos,Ponta,66,9
2010,CR Flamengo,Michael,Ponta,60,8
2010,CR Flamengo,Negueba,Ponta,55,3
2010,CR Flamengo,Vágner Love,Atacante,85,5
2010,CR Flamengo,Diego Maurício,Atacante,73,29
2010,CR Flamengo,Cristian Martínez,Atacante,57,7
2010,CR Flamengo,Bruno Mezenga,Atacante,56,2
2010,Ceará Sporting Club,Diego,Goleiro,67,17
2010,Ceará Sporting Club,Michel Alves,Goleiro,65,21
2010,Ceará Sporting Club,Ernandes,Lateral,63,22
2010,Ceará Sporting Club,Oziel,Lateral,62,21
2010,Ceará Sporting Club,Boiadeiro,Lateral,61,13
2010,Ceará Sporting Club,Vicente,Lateral,59,8
2010,Ceará Sporting Club,Arlindo Maracanã,Lateral,55,2
2010,Ceará Sporting Club,Diego Sacoman,Zagueiro,62,19
2010,Ceará Sporting Club,Pablo,Zagueiro,55,3
2010,Ceará Sporting Club,Jorge Luiz,Zagueiro,55,2
2010,Ceará Sporting Club,Michel,Volante,67,33
2010,Ceará Sporting Club,João Marcos,Volante,66,31
2010,Ceará Sporting Club,Careca,Volante,64,25
2010,Ceará Sporting Club,Eusébio,Volante,57,7
2010,Ceará Sporting Club,Geraldo,Meia,73,33
2010,Ceará Sporting Club,Lopes,Meia,71,3
2010,Ceará Sporting Club,Tony,Meia,65,15
2010,Ceará Sporting Club,Javier Reina,Meia,63,10
2010,Ceará Sporting Club,Erick Flores,Meia,63,10
2010,Ceará Sporting Club,Camilo,Meia,62,17
2010,Ceará Sporting Club,Magno Alves,Atacante,75,21
2010,Ceará Sporting Club,Washington,Atacante,67,20
2010,Ceará Sporting Club,Kempes,Atacante,57,9
2010,Clube Atlético Mineiro,Renan Ribeiro,Goleiro,64,14
2010,Clube Atlético Mineiro,Fábio Costa,Goleiro,62,16
2010,Clube Atlético Mineiro,Aranha,Goleiro,58,5
2010,Clube Atlético Mineiro,Marcelo,Goleiro,55,4
2010,Clube Atlético Mineiro,Coelho,Lateral,59,5
2010,Clube Atlético Mineiro,Fernandinho,Lateral,59,8
2010,Clube Atlético Mineiro,Eron,Lateral,58,10
2010,Clube Atlético Mineiro,Werley,Zagueiro,67,34
2010,Clube Atlético Mineiro,Réver,Zagueiro,62,18
2010,Clube Atlético Mineiro,Lima,Zagueiro,58,12
2010,Clube Atlético Mineiro,Julio Cáceres,Zagueiro,57,8
2010,Clube Atlético Mineiro,Serginho,Volante,72,28
2010,Clube Atlético Mineiro,Alê,Volante,58,11
2010,Clube Atlético Mineiro,Corrêa,Volante,55,4
2010,Clube Atlético Mineiro,Ricardinho,Meia,74,29
2010,Clube Atlético Mineiro,Renan Oliveira,Meia,71,12
2010,Clube Atlético Mineiro,Fabiano,Meia,60,16
2010,Clube Atlético Mineiro,Muriqui,Ponta,73,7
2010,Clube Atlético Mineiro,Neto Berola,Ponta,72,23
2010,Clube Atlético Mineiro,Diego Souza,Atacante,75,28
2010,Clube Atlético Mineiro,Diego Tardelli,Atacante,75,27
2010,Clube Atlético Mineiro,Ricardo Bueno,Atacante,64,17
2010,Clube Atlético Mineiro,João Pedro,Atacante,62,11
2010,Clube de Regatas Vasco da Gama,Fernando Prass,Goleiro,71,38
2010,Clube de Regatas Vasco da Gama,Tiago,Goleiro,54,0
2010,Clube de Regatas Vasco da Gama,Fagner,Lateral,69,28
2010,Clube de Regatas Vasco da Gama,Ernani,Lateral,61,7
2010,Clube de Regatas Vasco da Gama,Diogo Barbosa,Lateral,56,5
2010,Clube de Regatas Vasco da Gama,Élder Granja,Lateral,56,5
2010,Clube de Regatas Vasco da Gama,Dedé,Zagueiro,69,36
2010,Clube de Regatas Vasco da Gama,Souza,Zagueiro,60,7
2010,Clube de Regatas Vasco da Gama,Titi,Zagueiro,59,13
2010,Clube de Regatas Vasco da Gama,Rafael Carioca,Volante,71,34
2010,Clube de Regatas Vasco da Gama,Rômulo,Volante,68,22
2010,Clube de Regatas Vasco da Gama,Nilton,Volante,65,22
2010,Clube de Regatas Vasco da Gama,Allan,Volante,60,15
2010,Clube de Regatas Vasco da Gama,Léo Gago,Volante,59,8
2010,Clube de Regatas Vasco da Gama,Philippe Coutinho,Meia,73,7
2010,Clube de Regatas Vasco da Gama,Carlos Alberto,Meia,66,9
2010,Clube de Regatas Vasco da Gama,Fellipe Bastos,Meia,65,14
2010,Clube de Regatas Vasco da Gama,Fumagalli,Meia,63,16
2010,Clube de Regatas Vasco da Gama,Jéferson,Meia,56,5
2010,Clube de Regatas Vasco da Gama,Éder Luís,Ponta,76,27
2010,Clube de Regatas Vasco da Gama,Bruno Paulo,Ponta,68,2
2010,Clube de Regatas Vasco da Gama,Nunes,Atacante,66,13
2010,Clube de Regatas Vasco da Gama,Élton,Atacante,64,8
2010,Cruzeiro Esporte Clube,Fábio,Goleiro,73,36
2010,Cruzeiro Esporte Clube,Rafael,Goleiro,55,2
2010,Cruzeiro Esporte Clube,Jonathan,Lateral,71,27
2010,Cruzeiro Esporte Clube,Diego Renan,Lateral,65,28
2010,Cruzeiro Esporte Clube,Gilberto,Lateral,63,11
2010,Cruzeiro Esporte Clube,Pablo,Lateral,58,12
2010,Cruzeiro Esporte Clube,Fernandinho,Lateral,56,5
2010,Cruzeiro Esporte Clube,Gil,Zagueiro,67,24
2010,Cruzeiro Esporte Clube,Edcarlos,Zagueiro,64,24
2010,Cruzeiro Esporte Clube,Thiago Heleno,Zagueiro,55,4
2010,Cruzeiro Esporte Clube,Leonardo Silva,Zagueiro,55,4
2010,Cruzeiro Esporte Clube,Fabrício,Volante,68,27
2010,Cruzeiro Esporte Clube,Elicarlos,Volante,57,8
2010,Cruzeiro Esporte Clube,Walter Montillo,Meia,78,23
2010,Cruzeiro Esporte Clube,Roger Flores,Meia,69,29
2010,Cruzeiro Esporte Clube,Javier Reina,Meia,68,2
2010,Cruzeiro Esporte Clube,Pedro Ken,Meia,58,6
2010,Cruzeiro Esporte Clube,Thiago Ribeiro,Ponta,86,35
2010,Cruzeiro Esporte Clube,Wellington Paulista,Atacante,75,21
2010,Cruzeiro Esporte Clube,Kléber,Atacante,70,4
2010,Cruzeiro Esporte Clube,Robert,Atacante,66,14
2010,Cruzeiro Esporte Clube,Ernesto Farías,Atacante,66,16
2010,Cruzeiro Esporte Clube,Wallyson,Atacante,66,14
2010,Esporte Clube Vitória,Julián Viáfara,Goleiro,66,25
2010,Esporte Clube Vitória,Vinícius,Goleiro,58,5
2010,Esporte Clube Vitória,Egídio,Lateral,69,30
2010,Esporte Clube Vitória,Nino Paraíba,Lateral,61,14
2010,Esporte Clube Vitória,Jonas,Lateral,60,13
2010,Esporte Clube Vitória,Eduardo Diniz,Lateral,59,13
2010,Esporte Clube Vitória,Wallace,Zagueiro,67,27
2010,Esporte Clube Vitória,Anderson Martins,Zagueiro,63,24
2010,Esporte Clube Vitória,Reniê,Zagueiro,59,13
2010,Esporte Clube Vitória,Gabriel Paulista,Zagueiro,58,11
2010,Esporte Clube Vitória,Vilson,Zagueiro,55,3
2010,Esporte Clube Vitória,Ricardo Conceição,Volante,65,27
2010,Esporte Clube Vitória,Ramon Menezes,Meia,68,19
2010,Esporte Clube Vitória,Evandro,Meia,64,7
2010,Esporte Clube Vitória,Renan Oliveira,Meia,61,5
2010,Esporte Clube Vitória,Fernando,Meia,57,9
2010,Esporte Clube Vitória,Lenílson,Meia,56,6
2010,Esporte Clube Vitória,Adaílton,Ponta,68,11
2010,Esporte Clube Vitória,Jacson,Ponta,55,3
2010,Esporte Clube Vitória,Júnior,Atacante,73,31
2010,Esporte Clube Vitória,Elkeson,Atacante,72,34
2010,Esporte Clube Vitória,Schwenck,Atacante,72,21
2010,Esporte Clube Vitória,Henrique Almeida,Atacante,68,17
2010,Fluminense Football Club,Fernando Henrique,Goleiro,64,17
2010,Fluminense Football Club,Mariano,Lateral,76,34
2010,Fluminense Football Club,Gum,Zagueiro,69,34
2010,Fluminense Football Club,André Luis,Zagueiro,61,20
2010,Fluminense Football Club,Cássio,Zagueiro,55,2
2010,Fluminense Football Club,Edwin Valencia,Volante,60,17
2010,Fluminense Football Club,Darío Conca,Meia,84,38
2010,Fluminense Football Club,Tartá,Meia,69,6
2010,Fluminense Football Club,Deco,Meia,66,16
2010,Fluminense Football Club,Emerson,Ponta,74,11
2010,Fluminense Football Club,Willians Santana,Ponta,55,2
2010,Fluminense Football Club,Fred,Atacante,70,14
2010,Fluminense Football Club,Alan,Atacante,70,10
2010,Fluminense Football Club,André Lima,Atacante,55,4
2010,Goiás EC,Harlei,Goleiro,65,26
2010,Goiás EC,Douglas,Lateral,66,24
2010,Goiás EC,Wendel,Lateral,63,21
2010,Goiás EC,Clayton,Lateral,54,0
2010,Goiás EC,Rafael Tolói,Zagueiro,69,26
2010,Goiás EC,Ernando,Zagueiro,66,30
2010,Goiás EC,Valmir Lucas,Zagueiro,62,21
2010,Goiás EC,Marcão,Zagueiro,61,16
2010,Goiás EC,Pedro Henrique,Zagueiro,54,1
2010,Goiás EC,Amaral,Volante,67,30
2010,Goiás EC,Wellington Monteiro,Volante,67,28
2010,Goiás EC,Rithely,Volante,57,9
2010,Goiás EC,Thiago Mendes,Volante,54,0
2010,Goiás EC,Túlio Guerreiro,Volante,54,0
2010,Goiás EC,Bernardo,Meia,72,26
2010,Goiás EC,Marcelo Costa,Meia,69,6
2010,Goiás EC,Carlos Alberto,Meia,64,20
2010,Goiás EC,Camacho,Meia,55,3
2010,Goiás EC,Assuério,Meia,54,1
2010,Goiás EC,Felipe Amorim,Ponta,68,2
2010,Goiás EC,Rafael Moura,Atacante,74,25
2010,Goiás EC,Felipe,Atacante,66,17
2010,Goiás EC,Johnathan,Atacante,55,2
2010,Grêmio Barueri Futebol Ltda.,Giovanni,Goleiro,66,25
2010,Grêmio Barueri Futebol Ltda.,Tom,Goleiro,54,0
2010,Grêmio Barueri Futebol Ltda.,Thiago Schmidt,Goleiro,54,0
2010,Grêmio Barueri Futebol Ltda.,Diego Giaretta,Zagueiro,67,34
2010,Grêmio Barueri Futebol Ltda.,Leonardo,Zagueiro,63,20
2010,Grêmio Barueri Futebol Ltda.,Paulão,Zagueiro,57,7
2010,Grêmio Barueri Futebol Ltda.,João Vitor,Volante,70,32
2010,Grêmio Barueri Futebol Ltda.,Roberto,Volante,63,20
2010,Grêmio Barueri Futebol Ltda.,Rodrigo Mancha,Volante,62,23
2010,Grêmio Barueri Futebol Ltda.,Lucas Sasha,Volante,60,13
2010,Grêmio Barueri Futebol Ltda.,Rhayner,Meia,69,9
2010,Grêmio Barueri Futebol Ltda.,Eduardo,Meia,61,15
2010,Grêmio Barueri Futebol Ltda.,Bruno Ribeiro,Meia,58,12
2010,Grêmio Barueri Futebol Ltda.,Eduardo Ramos,Meia,55,3
2010,Grêmio Barueri Futebol Ltda.,Flavinho,Ponta,64,7
2010,Grêmio Barueri Futebol Ltda.,Henrique Dias,Ponta,63,17
2010,Grêmio Barueri Futebol Ltda.,Paulo César,Ponta,63,15
2010,Grêmio Barueri Futebol Ltda.,Willian José,Atacante,70,19
2010,Grêmio Barueri Futebol Ltda.,Gilmar,Atacante,70,2
2010,Grêmio Barueri Futebol Ltda.,Wanderley,Atacante,69,17
2010,Grêmio Barueri Futebol Ltda.,Tadeu,Atacante,65,3
2010,Grêmio Barueri Futebol Ltda.,Rafael Martins,Atacante,61,12
2010,Grêmio Barueri Futebol Ltda.,Hugo Almeida,Atacante,56,5
2010,Grêmio Foot-Ball Porto Alegrense,Victor,Goleiro,71,35
2010,Grêmio Foot-Ball Porto Alegrense,Fábio Santos,Lateral,65,24
2010,Grêmio Foot-Ball Porto Alegrense,Lúcio,Lateral,64,19
2010,Grêmio Foot-Ball Porto Alegrense,Edílson,Lateral,62,16
2010,Grêmio Foot-Ball Porto Alegrense,Gilson,Lateral,60,12
2010,Grêmio Foot-Ball Porto Alegrense,Mário Fernandes,Lateral,58,2
2010,Grêmio Foot-Ball Porto Alegrense,Bruno Collaço,Lateral,57,7
2010,Grêmio Foot-Ball Porto Alegrense,Rafael Marques,Zagueiro,67,30
2010,Grêmio Foot-Ball Porto Alegrense,Neuton,Zagueiro,61,14
2010,Grêmio Foot-Ball Porto Alegrense,Vilson,Zagueiro,60,15
2010,Grêmio Foot-Ball Porto Alegrense,Paulão,Zagueiro,59,14
2010,Grêmio Foot-Ball Porto Alegrense,Ozéia,Zagueiro,59,12
2010,Grêmio Foot-Ball Porto Alegrense,Maylson,Volante,65,20
2010,Grêmio Foot-Ball Porto Alegrense,Fernando,Volante,61,13
2010,Grêmio Foot-Ball Porto Alegrense,Douglas,Meia,81,30
2010,Grêmio Foot-Ball Porto Alegrense,Hugo,Meia,67,12
2010,Grêmio Foot-Ball Porto Alegrense,Jonas,Atacante,93,33
2010,Grêmio Foot-Ball Porto Alegrense,André Lima,Atacante,77,21
2010,Grêmio Foot-Ball Porto Alegrense,Júnior Viçosa,Atacante,62,5
2010,Grêmio Foot-Ball Porto Alegrense,Roberson,Atacante,60,15
2010,Grêmio Foot-Ball Porto Alegrense,Leandro,Atacante,58,10
2010,Grêmio Foot-Ball Porto Alegrense,William,Atacante,56,5
2010,Grêmio Foot-Ball Porto Alegrense,Bérgson,Atacante,55,4
2010,Guarani Futebol Clube (SP),Douglas,Goleiro,66,24
2010,Guarani Futebol Clube (SP),Emerson,Goleiro,62,14
2010,Guarani Futebol Clube (SP),Juliano,Goleiro,54,0
2010,Guarani Futebol Clube (SP),Baiano,Lateral,68,30
2010,Guarani Futebol Clube (SP),Márcio Careca,Lateral,67,35
2010,Guarani Futebol Clube (SP),Rodrigo Heffner,Lateral,64,27
2010,Guarani Futebol Clube (SP),Fabiano,Lateral,57,9
2010,Guarani Futebol Clube (SP),Moreno,Lateral,57,9
2010,Guarani Futebol Clube (SP),Fabão,Zagueiro,65,26
2010,Guarani Futebol Clube (SP),Héverton,Zagueiro,55,3
2010,Guarani Futebol Clube (SP),Paulo Roberto,Volante,67,34
2010,Guarani Futebol Clube (SP),Renan Teixeira,Volante,66,30
2010,Guarani Futebol Clube (SP),Paulinho,Meia,56,5
2010,Guarani Futebol Clube (SP),Mazola,Ponta,75,29
2010,Guarani Futebol Clube (SP),Fabinho,Ponta,61,6
2010,Guarani Futebol Clube (SP),Apodi,Ponta,61,20
2010,Guarani Futebol Clube (SP),Pablo,Ponta,55,3
2010,Guarani Futebol Clube (SP),Roger Silva,Atacante,76,6
2010,Guarani Futebol Clube (SP),Rômulo Antoneli,Atacante,61,8
2010,Guarani Futebol Clube (SP),Douglas Tanque,Atacante,55,3
2010,Guarani Futebol Clube (SP),Anderson Costa,Atacante,55,2
2010,Santos FC,Rafael Cabral,Goleiro,74,32
2010,Santos FC,Felipe Garcia,Goleiro,56,6
2010,Santos FC,Alex Sandro,Lateral,67,24
2010,Santos FC,Pará,Lateral,66,31
2010,Santos FC,Maranhão,Lateral,63,18
2010,Santos FC,Léo,Lateral,62,18
2010,Santos FC,Danilo,Zagueiro,70,26
2010,Santos FC,Vinícius Simon,Zagueiro,59,5
2010,Santos FC,Bruno Aguiar,Zagueiro,58,10
2010,Santos FC,Arouca,Volante,65,28
2010,Santos FC,Rodriguinho,Volante,61,14
2010,Santos FC,Roberto Brum,Volante,60,16
2010,Santos FC,Neymar,Meia,91,31
2010,Santos FC,Marquinhos,Meia,71,28
2010,Santos FC,Ganso,Meia,70,11
2010,Santos FC,Alan Patrick,Meia,68,18
2010,Santos FC,Wesley,Meia,63,11
2010,Santos FC,Rodrigo Possebon,Meia,55,3
2010,Santos FC,Robinho,Ponta,64,2
2010,Santos FC,Felipe Anderson,Ponta,61,5
2010,Santos FC,André Felipe,Atacante,80,9
2010,Santos FC,Marcel,Atacante,72,24
2010,Santos FC,Keirrison,Atacante,71,11
2010,Sociedade Esportiva Palmeiras,Marcos,Goleiro,63,13
2010,Sociedade Esportiva Palmeiras,Fábio,Goleiro,54,0
2010,Sociedade Esportiva Palmeiras,Gabriel Silva,Lateral,64,17
2010,Sociedade Esportiva Palmeiras,Vítor,Lateral,64,27
2010,Sociedade Esportiva Palmeiras,Danilo,Zagueiro,70,28
2010,Sociedade Esportiva Palmeiras,Maurício Ramos,Zagueiro,69,27
2010,Sociedade Esportiva Palmeiras,Fabrício,Zagueiro,61,16
2010,Sociedade Esportiva Palmeiras,Tinga,Volante,67,24
2010,Sociedade Esportiva Palmeiras,Edinho,Volante,67,30
2010,Sociedade Esportiva Palmeiras,Márcio Araújo,Volante,67,33
2010,Sociedade Esportiva Palmeiras,Pierre,Volante,64,26
2010,Sociedade Esportiva Palmeiras,Cleiton Xavier,Meia,77,7
2010,Sociedade Esportiva Palmeiras,Lincoln,Meia,68,19
2010,Sociedade Esportiva Palmeiras,Jorge Valdivia,Meia,65,15
2010,Sociedade Esportiva Palmeiras,Jean Carlos,Meia,55,3
2010,Sociedade Esportiva Palmeiras,Vinícius,Ponta,64,12
2010,Sociedade Esportiva Palmeiras,Luan,Ponta,63,13
2010,Sociedade Esportiva Palmeiras,Pablo Armero,Ponta,61,7
2010,Sociedade Esportiva Palmeiras,Kléber,Atacante,73,22
2010,Sociedade Esportiva Palmeiras,Ewerthon,Atacante,72,25
2010,Sociedade Esportiva Palmeiras,Dinei,Atacante,64,10
2010,Sociedade Esportiva Palmeiras,Tadeu,Atacante,61,13
2010,Sociedade Esportiva Palmeiras,Paulo Henrique,Atacante,58,5
2010,Sport Club Corinthians Paulista,Júlio César,Goleiro,70,31
2010,Sport Club Corinthians Paulista,Felipe,Goleiro,60,7
2010,Sport Club Corinthians Paulista,Rafael Santos,Goleiro,54,0
2010,Sport Club Corinthians Paulista,Roberto Carlos,Lateral,70,35
2010,Sport Club Corinthians Paulista,Dodô,Lateral,54,0
2010,Sport Club Corinthians Paulista,Paulo André,Zagueiro,61,15
2010,Sport Club Corinthians Paulista,Thiago Heleno,Zagueiro,59,5
2010,Sport Club Corinthians Paulista,Jucilei,Volante,77,34
2010,Sport Club Corinthians Paulista,Moacir,Volante,58,10
2010,Sport Club Corinthians Paulista,Jorge Henrique,Meia,73,25
2010,Sport Club Corinthians Paulista,Paulinho,Meia,71,27
2010,Sport Club Corinthians Paulista,Danilo,Meia,70,31
2010,Sport Club Corinthians Paulista,Matías Defederico,Meia,67,18
2010,Sport Club Corinthians Paulista,Tcheco,Meia,56,5
2010,Sport Club Corinthians Paulista,Ronaldo,Atacante,74,11
2010,Sport Club Corinthians Paulista,Iarley,Atacante,73,33
2010,Sport Club Corinthians Paulista,Dentinho,Atacante,69,17
2010,Sport Club Corinthians Paulista,Souza,Atacante,63,12
2010,Sport Club Internacional,Renan Soares,Goleiro,69,24
2010,Sport Club Internacional,Lauro,Goleiro,56,6
2010,Sport Club Internacional,Kléber,Lateral,68,30
2010,Sport Club Internacional,Nei,Lateral,64,26
2010,Sport Club Internacional,Bolívar,Zagueiro,66,30
2010,Sport Club Internacional,Índio,Zagueiro,64,23
2010,Sport Club Internacional,Gonzalo Sorondo,Zagueiro,60,14
2010,Sport Club Internacional,Juan Jesus,Zagueiro,57,7
2010,Sport Club Internacional,Derley,Volante,58,11
2010,Sport Club Internacional,Elton,Volante,54,0
2010,Sport Club Internacional,Giuliano,Meia,82,29
2010,Sport Club Internacional,Sandro,Meia,71,9
2010,Sport Club Internacional,Jogador 3445,Meia,70,20
2010,Sport Club Internacional,Wilson Matías,Meia,65,26
2010,Sport Club Internacional,Tinga,Meia,63,17
2010,Sport Club Internacional,Marquinhos Gabriel,Meia,58,12
2010,Sport Club Internacional,Taison,Ponta,75,11
2010,Sport Club Internacional,Alecsandro,Atacante,76,20
2010,Sport Club Internacional,Leandro Damião,Atacante,75,25
2010,Sport Club Internacional,Rafael Sóbis,Atacante,67,16
2010,Sport Club Internacional,Walter,Atacante,66,6
2010,Sport Club Internacional,Edú,Atacante,62,17
2010,Sport Club Internacional,Éverton Costa,Atacante,58,10
2010,São Paulo Futebol Clube,Léo Vieira,Goleiro,54,0
2010,São Paulo Futebol Clube,Cicinho,Lateral,60,6
2010,São Paulo Futebol Clube,Diogo Silvestre,Lateral,56,6
2010,São Paulo Futebol Clube,Thiago Carleto,Lateral,55,2
2010,São Paulo Futebol Clube,Miranda,Zagueiro,71,27
2010,São Paulo Futebol Clube,Bruno Uvini,Zagueiro,55,2
2010,São Paulo Futebol Clube,Casemiro,Volante,65,18
2010,São Paulo Futebol Clube,Wellington,Volante,55,4
2010,São Paulo Futebol Clube,Hernanes,Meia,83,11
2010,São Paulo Futebol Clube,Cléber Santana,Meia,66,22
2010,São Paulo Futebol Clube,Marcelinho Paraíba,Meia,64,7
2010,São Paulo Futebol Clube,Carlinhos Paraíba,Meia,60,17
2010,São Paulo Futebol Clube,Sérgio Mota,Meia,55,3
2010,São Paulo Futebol Clube,Marlos,Ponta,77,33
2010,São Paulo Futebol Clube,Lucas Moura,Ponta,75,25
2010,São Paulo Futebol Clube,Jorge Wagner,Ponta,68,21
2010,São Paulo Futebol Clube,Ilsinho,Ponta,66,9
2010,São Paulo Futebol Clube,Ricardo Oliveira,Atacante,74,15
2010,São Paulo Futebol Clube,Fernandão,Atacante,73,26
2010,São Paulo Futebol Clube,Dagoberto,Atacante,72,23
2010,São Paulo Futebol Clube,Lucas Gaúcho,Atacante,62,5
2010,São Paulo Futebol Clube,Henrique Almeida,Atacante,54,0
2010,São Paulo Futebol Clube,Alfredo,Atacante,54,0
2011,América Futebol Clube (MG),Neneca,Goleiro,66,27
2011,América Futebol Clube (MG),Flávio,Goleiro,58,10
2011,América Futebol Clube (MG),Marcos Rocha,Lateral,71,30
2011,América Futebol Clube (MG),Gilson,Lateral,66,26
2011,América Futebol Clube (MG),Thiago Carleto,Lateral,63,15
2011,América Futebol Clube (MG),Anderson,Zagueiro,62,18
2011,América Futebol Clube (MG),Amaral,Volante,70,33
2011,América Futebol Clube (MG),Dudu Pitbull,Volante,63,24
2011,América Futebol Clube (MG),Rodriguinho,Meia,74,36
2011,América Futebol Clube (MG),Fabrício,Meia,57,9
2011,América Futebol Clube (MG),Netinho,Meia,57,9
2011,América Futebol Clube (MG),Camilo,Meia,55,3
2011,América Futebol Clube (MG),Kempes,Atacante,78,32
2011,América Futebol Clube (MG),Léo Mineiro,Atacante,61,14
2011,Atlético Clube Goianiense,Thiago Feltri,Lateral,70,35
2011,Atlético Clube Goianiense,Ernandes,Lateral,64,22
2011,Atlético Clube Goianiense,Adriano Lara,Lateral,60,14
2011,Atlético Clube Goianiense,Gérson,Lateral,54,1
2011,Atlético Clube Goianiense,Leonardo,Zagueiro,60,14
2011,Atlético Clube Goianiense,Rogério,Zagueiro,54,0
2011,Atlético Clube Goianiense,Marino,Volante,58,11
2011,Atlético Clube Goianiense,Diogo Campos,Meia,67,14
2011,Atlético Clube Goianiense,Élvis,Meia,55,2
2011,Atlético Clube Goianiense,Anselmo,Atacante,77,35
2011,Atlético Clube Goianiense,Felipe,Atacante,73,26
2011,Atlético Clube Goianiense,Marcão,Atacante,64,18
2011,Atlético Paranaense,Santos,Goleiro,54,0
2011,Atlético Paranaense,Edílson,Lateral,65,18
2011,Atlético Paranaense,Paulinho,Lateral,62,19
2011,Atlético Paranaense,Wendel,Lateral,62,19
2011,Atlético Paranaense,Manoel,Zagueiro,69,33
2011,Atlético Paranaense,Fabrício,Zagueiro,62,20
2011,Atlético Paranaense,Gustavo Lazzaretti,Zagueiro,60,17
2011,Atlético Paranaense,Rafael Santos,Zagueiro,59,14
2011,Atlético Paranaense,Deivid,Volante,67,34
2011,Atlético Paranaense,Paulo Roberto,Volante,54,1
2011,Atlético Paranaense,Marcinho,Meia,75,26
2011,Atlético Paranaense,Paulo Baier,Meia,70,22
2011,Atlético Paranaense,Cléber Santana,Meia,69,30
2011,Atlético Paranaense,Kléberson,Meia,65,18
2011,Atlético Paranaense,Fransérgio,Meia,60,9
2011,Atlético Paranaense,Branquinho,Meia,60,17
2011,Atlético Paranaense,Adaílton,Ponta,61,19
2011,Atlético Paranaense,Federico Nieto,Atacante,67,19
2011,Atlético Paranaense,Santiago García,Atacante,66,15
2011,Atlético Paranaense,Pablo,Atacante,55,4
2011,Atlético Paranaense,Jenison,Atacante,54,1
2011,Avaí FC,Felipe Garcia,Goleiro,67,27
2011,Avaí FC,Moretto,Goleiro,55,3
2011,Avaí FC,Romano,Lateral,62,17
2011,Avaí FC,Fernandinho,Lateral,61,11
2011,Avaí FC,George Lucas,Lateral,59,4
2011,Avaí FC,Pará,Lateral,56,5
2011,Avaí FC,Dirceu,Zagueiro,61,17
2011,Avaí FC,Cássio,Zagueiro,59,9
2011,Avaí FC,Diogo Orlando,Volante,62,20
2011,Avaí FC,Marcos Paulo,Volante,57,7
2011,Avaí FC,Marcinho Guerreiro,Volante,55,4
2011,Avaí FC,Lincoln,Meia,76,17
2011,Avaí FC,Robinho,Meia,71,29
2011,Avaí FC,Pedro Ken,Meia,67,26
2011,Avaí FC,Bruno Silva,Meia,65,31
2011,Avaí FC,Fabiano,Meia,62,17
2011,Avaí FC,Batista,Meia,62,17
2011,Avaí FC,Júnior Urso,Meia,60,11
2011,Avaí FC,Marquinhos Gabriel,Meia,56,5
2011,Avaí FC,Maurício Alves,Ponta,60,9
2011,Avaí FC,William,Atacante,79,29
2011,Avaí FC,Robert,Atacante,65,3
2011,Avaí FC,Fábio Santos,Atacante,61,8
2011,Botafogo de Futebol e Regatas,Jefferson,Goleiro,68,30
2011,Botafogo de Futebol e Regatas,Renan,Goleiro,60,8
2011,Botafogo de Futebol e Regatas,Bruno Cortez,Lateral,69,28
2011,Botafogo de Futebol e Regatas,Alessandro,Lateral,64,23
2011,Botafogo de Futebol e Regatas,Lucas,Lateral,64,22
2011,Botafogo de Futebol e Regatas,Márcio Azevedo,Lateral,59,9
2011,Botafogo de Futebol e Regatas,Antônio Carlos,Zagueiro,69,32
2011,Botafogo de Futebol e Regatas,Gustavo,Zagueiro,59,11
2011,Botafogo de Futebol e Regatas,João Filipe,Zagueiro,54,1
2011,Botafogo de Futebol e Regatas,Marcelo Mattos,Volante,67,32
2011,Botafogo de Futebol e Regatas,Maicosuel,Meia,78,35
2011,Botafogo de Futebol e Regatas,Renato,Meia,73,28
2011,Botafogo de Futebol e Regatas,Felipe Menezes,Meia,69,22
2011,Botafogo de Futebol e Regatas,Cidinho,Meia,63,15
2011,Botafogo de Futebol e Regatas,Éverton,Ponta,63,17
2011,Botafogo de Futebol e Regatas,Elkeson,Atacante,74,35
2011,Botafogo de Futebol e Regatas,Alexandre Oliveira,Atacante,56,6
2011,Botafogo de Futebol e Regatas,William,Atacante,54,1
2011,CR Flamengo,Felipe,Goleiro,71,35
2011,CR Flamengo,Paulo Victor,Goleiro,59,3
2011,CR Flamengo,Vinícius,Goleiro,54,0
2011,CR Flamengo,César,Goleiro,54,0
2011,CR Flamengo,Egídio,Lateral,60,3
2011,CR Flamengo,Rodrigo Alvim,Lateral,55,3
2011,CR Flamengo,Welinton,Zagueiro,70,32
2011,CR Flamengo,David Braz,Zagueiro,62,16
2011,CR Flamengo,Willians,Volante,71,31
2011,CR Flamengo,Thiago Neves,Meia,80,33
2011,CR Flamengo,Renato Abreu,Meia,72,36
2011,CR Flamengo,Rafael Galhardo,Meia,66,5
2011,CR Flamengo,Adryan,Meia,54,0
2011,CR Flamengo,João Vitor,Meia,54,1
2011,CR Flamengo,Dejan Petkovic,Meia,54,1
2011,CR Flamengo,Ronaldinho,Ponta,81,31
2011,CR Flamengo,Negueba,Ponta,65,18
2011,CR Flamengo,Thomás,Ponta,57,9
2011,CR Flamengo,Diego Maurício,Atacante,67,21
2011,CR Flamengo,Jael,Atacante,67,16
2011,CR Flamengo,Wanderley,Atacante,56,6
2011,Ceará Sporting Club,Fernando Henrique,Goleiro,65,23
2011,Ceará Sporting Club,Diego,Goleiro,62,15
2011,Ceará Sporting Club,Vicente,Lateral,67,27
2011,Ceará Sporting Club,Boiadeiro,Lateral,66,26
2011,Ceará Sporting Club,Egídio,Lateral,61,11
2011,Ceará Sporting Club,Clebão,Zagueiro,60,3
2011,Ceará Sporting Club,Diego Sacoman,Zagueiro,58,12
2011,Ceará Sporting Club,Thiago Matias,Zagueiro,57,7
2011,Ceará Sporting Club,Michel,Volante,67,31
2011,Ceará Sporting Club,João Marcos,Volante,64,26
2011,Ceará Sporting Club,Eusébio,Volante,63,21
2011,Ceará Sporting Club,Edmílson,Volante,61,11
2011,Ceará Sporting Club,Careca,Volante,55,3
2011,Ceará Sporting Club,Leandro Chaves,Meia,63,9
2011,Ceará Sporting Club,Enrico,Meia,57,8
2011,Ceará Sporting Club,Emerson Sinho,Meia,56,6
2011,Ceará Sporting Club,Geraldo,Meia,56,5
2011,Ceará Sporting Club,Rodrigo Andrade,Meia,55,2
2011,Ceará Sporting Club,Osvaldo,Ponta,77,36
2011,Ceará Sporting Club,Felipe Azevedo,Ponta,75,29
2011,Ceará Sporting Club,Washington,Atacante,73,28
2011,Ceará Sporting Club,Roger Silva,Atacante,64,10
2011,Ceará Sporting Club,Iarley,Atacante,61,6
2011,Clube Atlético Mineiro,Renan Ribeiro,Goleiro,69,28
2011,Clube Atlético Mineiro,Giovanni,Goleiro,60,10
2011,Clube Atlético Mineiro,Carlos César,Lateral,61,12
2011,Clube Atlético Mineiro,Triguinho,Lateral,60,15
2011,Clube Atlético Mineiro,Patric,Lateral,60,13
2011,Clube Atlético Mineiro,Guilherme Santos,Lateral,59,8
2011,Clube Atlético Mineiro,Eron,Lateral,56,6
2011,Clube Atlético Mineiro,Leonardo Silva,Zagueiro,69,32
2011,Clube Atlético Mineiro,Réver,Zagueiro,69,30
2011,Clube Atlético Mineiro,Werley,Zagueiro,60,14
2011,Clube Atlético Mineiro,Lima,Zagueiro,57,7
2011,Clube Atlético Mineiro,Serginho,Volante,66,28
2011,Clube Atlético Mineiro,Pierre,Volante,61,19
2011,Clube Atlético Mineiro,Gilberto Jr,Volante,56,6
2011,Clube Atlético Mineiro,Dudu Cearense,Meia,68,13
2011,Clube Atlético Mineiro,Giovanni Augusto,Meia,63,10
2011,Clube Atlético Mineiro,Renan Oliveira,Meia,63,11
2011,Clube Atlético Mineiro,Caio,Meia,60,10
2011,Clube Atlético Mineiro,Neto Berola,Ponta,72,26
2011,Clube Atlético Mineiro,Bernard,Ponta,70,23
2011,Clube Atlético Mineiro,André Felipe,Atacante,76,22
2011,Clube Atlético Mineiro,Magno Alves,Atacante,72,31
2011,Clube Atlético Mineiro,Jônatas Obina,Atacante,64,10
2011,Clube de Regatas Vasco da Gama,Fernando Prass,Goleiro,73,38
2011,Clube de Regatas Vasco da Gama,Fagner,Lateral,74,35
2011,Clube de Regatas Vasco da Gama,Márcio Careca,Lateral,60,15
2011,Clube de Regatas Vasco da Gama,Dedé,Zagueiro,68,30
2011,Clube de Regatas Vasco da Gama,Anderson Martins,Zagueiro,60,15
2011,Clube de Regatas Vasco da Gama,Victor Ramos,Zagueiro,56,6
2011,Clube de Regatas Vasco da Gama,Douglas,Zagueiro,55,4
2011,Clube de Regatas Vasco da Gama,Luan,Zagueiro,54,0
2011,Clube de Regatas Vasco da Gama,Rômulo,Volante,71,32
2011,Clube de Regatas Vasco da Gama,Allan,Volante,63,19
2011,Clube de Regatas Vasco da Gama,Nilton,Volante,59,6
2011,Clube de Regatas Vasco da Gama,Bernardo,Meia,75,29
2011,Clube de Regatas Vasco da Gama,Fellipe Bastos,Meia,68,17
2011,Clube de Regatas Vasco da Gama,Jéferson,Meia,68,4
2011,Clube de Regatas Vasco da Gama,Enrico,Meia,64,3
2011,Clube de Regatas Vasco da Gama,Diego Rosa,Meia,58,11
2011,Clube de Regatas Vasco da Gama,Éder Luís,Ponta,76,32
2011,Clube de Regatas Vasco da Gama,Diego Souza,Atacante,82,32
2011,Clube de Regatas Vasco da Gama,Élton,Atacante,76,28
2011,Clube de Regatas Vasco da Gama,Alecsandro,Atacante,66,21
2011,Clube de Regatas Vasco da Gama,Leandro,Atacante,60,17
2011,Clube de Regatas Vasco da Gama,Patric,Atacante,54,0
2011,Coritiba Foot Ball Club,Vanderlei,Goleiro,67,20
2011,Coritiba Foot Ball Club,Édson Bastos,Goleiro,63,18
2011,Coritiba Foot Ball Club,Jonas,Lateral,67,33
2011,Coritiba Foot Ball Club,Maranhão,Lateral,64,13
2011,Coritiba Foot Ball Club,Eltinho,Lateral,61,17
2011,Coritiba Foot Ball Club,Emerson,Zagueiro,69,33
2011,Coritiba Foot Ball Club,Jeci,Zagueiro,66,23
2011,Coritiba Foot Ball Club,Lucas Mendes,Zagueiro,63,24
2011,Coritiba Foot Ball Club,Pereira,Zagueiro,59,11
2011,Coritiba Foot Ball Club,Léo Gago,Volante,70,31
2011,Coritiba Foot Ball Club,Davi,Volante,63,16
2011,Coritiba Foot Ball Club,Willian Farias,Volante,62,23
2011,Coritiba Foot Ball Club,Leandro Donizete,Volante,61,20
2011,Coritiba Foot Ball Club,Gil,Volante,58,11
2011,Coritiba Foot Ball Club,Tcheco,Meia,69,27
2011,Coritiba Foot Ball Club,Everton Ribeiro,Meia,63,14
2011,Coritiba Foot Ball Club,Rafinha,Ponta,73,28
2011,Coritiba Foot Ball Club,Geraldo,Ponta,60,15
2011,Coritiba Foot Ball Club,Bill,Atacante,76,31
2011,Coritiba Foot Ball Club,Marcos Aurélio,Atacante,74,30
2011,Coritiba Foot Ball Club,Leonardo,Atacante,70,22
2011,Coritiba Foot Ball Club,Anderson Aquino,Atacante,69,21
2011,Coritiba Foot Ball Club,Éverton Costa,Atacante,66,26
2011,Cruzeiro Esporte Clube,Fábio,Goleiro,70,34
2011,Cruzeiro Esporte Clube,Rafael,Goleiro,58,5
2011,Cruzeiro Esporte Clube,Vítor,Lateral,63,21
2011,Cruzeiro Esporte Clube,Diego Renan,Lateral,61,19
2011,Cruzeiro Esporte Clube,Gilberto,Lateral,59,14
2011,Cruzeiro Esporte Clube,Gabriel Araújo,Lateral,56,5
2011,Cruzeiro Esporte Clube,Gil,Zagueiro,64,15
2011,Cruzeiro Esporte Clube,Naldo,Zagueiro,64,22
2011,Cruzeiro Esporte Clube,Mauricio Victorino,Zagueiro,60,15
2011,Cruzeiro Esporte Clube,Cribari,Zagueiro,56,5
2011,Cruzeiro Esporte Clube,Fabrício,Volante,68,29
2011,Cruzeiro Esporte Clube,Sandro Manoel,Volante,55,4
2011,Cruzeiro Esporte Clube,Walter Montillo,Meia,81,34
2011,Cruzeiro Esporte Clube,Roger Flores,Meia,70,28
2011,Cruzeiro Esporte Clube,Dudu,Ponta,68,6
2011,Cruzeiro Esporte Clube,Thiago Ribeiro,Ponta,65,7
2011,Cruzeiro Esporte Clube,Anselmo Ramon,Atacante,75,25
2011,Cruzeiro Esporte Clube,Wallyson,Atacante,68,15
2011,Cruzeiro Esporte Clube,Wellington Paulista,Atacante,66,14
2011,Cruzeiro Esporte Clube,José Ortigoza,Atacante,65,24
2011,Cruzeiro Esporte Clube,Ernesto Farías,Atacante,64,9
2011,Cruzeiro Esporte Clube,Bobô,Atacante,64,6
2011,Cruzeiro Esporte Clube,Keirrison,Atacante,64,8
2011,Esporte Clube Bahia,Marcelo Lomba,Goleiro,69,33
2011,Esporte Clube Bahia,Tiago,Goleiro,58,5
2011,Esporte Clube Bahia,Dodô,Lateral,60,14
2011,Esporte Clube Bahia,Jancarlos,Lateral,59,11
2011,Esporte Clube Bahia,William Matheus,Lateral,55,0
2011,Esporte Clube Bahia,Madson,Lateral,54,0
2011,Esporte Clube Bahia,Titi,Zagueiro,67,32
2011,Esporte Clube Bahia,Willian Thiego,Zagueiro,59,5
2011,Esporte Clube Bahia,Fahel,Volante,69,34
2011,Esporte Clube Bahia,Ricardinho,Meia,65,21
2011,Esporte Clube Bahia,Nikão,Meia,63,8
2011,Esporte Clube Bahia,Camacho,Meia,63,13
2011,Esporte Clube Bahia,Gabriel,Meia,62,18
2011,Esporte Clube Bahia,Carlos Alberto,Meia,61,19
2011,Esporte Clube Bahia,Maranhão,Ponta,63,16
2011,Esporte Clube Bahia,Souza,Atacante,77,21
2011,Esporte Clube Bahia,Júnior,Atacante,69,26
2011,Esporte Clube Bahia,Magno Cruz,Atacante,55,3
2011,Esporte Clube Bahia,Reis,Atacante,54,0
2011,Figueirense Futebol Clube,Wilson,Goleiro,71,36
2011,Figueirense Futebol Clube,Juninho,Lateral,70,35
2011,Figueirense Futebol Clube,Bruno,Lateral,66,32
2011,Figueirense Futebol Clube,Hélder Santos,Lateral,57,7
2011,Figueirense Futebol Clube,Pablo,Lateral,56,5
2011,Figueirense Futebol Clube,Édson Silva,Zagueiro,69,34
2011,Figueirense Futebol Clube,Roger Carvalho,Zagueiro,64,27
2011,Figueirense Futebol Clube,João Paulo,Zagueiro,64,26
2011,Figueirense Futebol Clube,Edson Henrique,Zagueiro,54,0
2011,Figueirense Futebol Clube,Guti,Zagueiro,54,0
2011,Figueirense Futebol Clube,Ygor,Volante,69,33
2011,Figueirense Futebol Clube,Túlio Guerreiro,Volante,66,30
2011,Figueirense Futebol Clube,Coutinho,Volante,64,27
2011,Figueirense Futebol Clube,Elias,Meia,74,22
2011,Figueirense Futebol Clube,Jônatas,Meia,61,12
2011,Figueirense Futebol Clube,Rhayner,Meia,59,14
2011,Figueirense Futebol Clube,Leandro Chaves,Meia,55,4
2011,Figueirense Futebol Clube,Wellington Nem,Ponta,81,25
2011,Figueirense Futebol Clube,William Pottker,Ponta,54,1
2011,Figueirense Futebol Clube,Júlio César,Atacante,77,22
2011,Figueirense Futebol Clube,Aloísio,Atacante,67,21
2011,Figueirense Futebol Clube,Héber,Atacante,66,16
2011,Figueirense Futebol Clube,Wellington,Atacante,63,4
2011,Fluminense Football Club,Diego Cavalieri,Goleiro,71,34
2011,Fluminense Football Club,Kléver,Goleiro,54,0
2011,Fluminense Football Club,Mariano,Lateral,76,36
2011,Fluminense Football Club,Jefferson,Lateral,54,1
2011,Fluminense Football Club,Gum,Zagueiro,63,24
2011,Fluminense Football Club,André Luis,Zagueiro,54,0
2011,Fluminense Football Club,Edinho,Volante,67,33
2011,Fluminense Football Club,Edwin Valencia,Volante,63,19
2011,Fluminense Football Club,Rodrigo Lindoso,Volante,55,4
2011,Fluminense Football Club,Manuel Lanzini,Meia,69,22
2011,Fluminense Football Club,Deco,Meia,69,18
2011,Fluminense Football Club,Darío Conca,Meia,60,7
2011,Fluminense Football Club,Tartá,Meia,54,1
2011,Fluminense Football Club,Matheus Carvalho,Ponta,60,8
2011,Fluminense Football Club,Willians Santana,Ponta,54,1
2011,Fluminense Football Club,Fred,Atacante,83,25
2011,Fluminense Football Club,Rafael Moura,Atacante,76,25
2011,Fluminense Football Club,Rafael Sóbis,Atacante,75,26
2011,Fluminense Football Club,Alejandro Martinuccio,Atacante,61,14
2011,Fluminense Football Club,Araújo,Atacante,56,6
2011,Grêmio Foot-Ball Porto Alegrense,Victor,Goleiro,68,32
2011,Grêmio Foot-Ball Porto Alegrense,Mário Fernandes,Lateral,75,33
2011,Grêmio Foot-Ball Porto Alegrense,Lúcio,Lateral,63,16
2011,Grêmio Foot-Ball Porto Alegrense,Bruno Collaço,Lateral,58,12
2011,Grêmio Foot-Ball Porto Alegrense,Dener,Lateral,54,0
2011,Grêmio Foot-Ball Porto Alegrense,Edílson,Lateral,54,1
2011,Grêmio Foot-Ball Porto Alegrense,Rafael Marques,Zagueiro,68,28
2011,Grêmio Foot-Ball Porto Alegrense,Saimon,Zagueiro,62,21
2011,Grêmio Foot-Ball Porto Alegrense,Neuton,Zagueiro,61,8
2011,Grêmio Foot-Ball Porto Alegrense,Edcarlos,Zagueiro,61,12
2011,Grêmio Foot-Ball Porto Alegrense,Vilson,Zagueiro,58,12
2011,Grêmio Foot-Ball Porto Alegrense,Fernando,Volante,66,22
2011,Grêmio Foot-Ball Porto Alegrense,Gilberto Silva,Volante,62,21
2011,Grêmio Foot-Ball Porto Alegrense,Douglas,Meia,76,33
2011,Grêmio Foot-Ball Porto Alegrense,Marquinhos,Meia,74,31
2011,Grêmio Foot-Ball Porto Alegrense,Damián Escudero,Meia,72,31
2011,Grêmio Foot-Ball Porto Alegrense,Leandro Moura,Ponta,66,22
2011,Grêmio Foot-Ball Porto Alegrense,André Lima,Atacante,74,27
2011,Grêmio Foot-Ball Porto Alegrense,Júnior Viçosa,Atacante,68,5
2011,Grêmio Foot-Ball Porto Alegrense,Roberson,Atacante,62,5
2011,Grêmio Foot-Ball Porto Alegrense,Lins,Atacante,57,7
2011,Grêmio Foot-Ball Porto Alegrense,Yuri Mamute,Atacante,54,1
2011,Grêmio Foot-Ball Porto Alegrense,Everaldo,Atacante,54,1
2011,Santos FC,Rafael Cabral,Goleiro,72,32
2011,Santos FC,Aranha,Goleiro,56,5
2011,Santos FC,Alex Sandro,Lateral,65,6
2011,Santos FC,Léo,Lateral,64,22
2011,Santos FC,Pará,Lateral,63,20
2011,Santos FC,Leandro Silva,Lateral,55,4
2011,Santos FC,Danilo,Zagueiro,72,23
2011,Santos FC,Bruno Aguiar,Zagueiro,63,18
2011,Santos FC,Vinícius Simon,Zagueiro,57,7
2011,Santos FC,Éder Lima,Zagueiro,56,6
2011,Santos FC,Arouca,Volante,65,26
2011,Santos FC,Alison,Volante,54,1
2011,Santos FC,Neymar,Meia,88,21
2011,Santos FC,Ganso,Meia,78,13
2011,Santos FC,Roger Gaúcho,Meia,57,7
2011,Santos FC,Rodrigo Possebon,Meia,57,8
2011,Santos FC,Felipe Anderson,Ponta,70,18
2011,Santos FC,Maikon Leite,Ponta,54,1
2011,Santos FC,Keirrison,Atacante,73,2
2011,Santos FC,Alan Kardec,Atacante,69,27
2011,Santos FC,Rychely,Atacante,65,7
2011,Santos FC,Wason Rentería,Atacante,61,8
2011,Santos FC,Tiago Alves,Atacante,57,8
2011,Sociedade Esportiva Palmeiras,Marcos,Goleiro,65,19
2011,Sociedade Esportiva Palmeiras,Fábio,Goleiro,54,0
2011,Sociedade Esportiva Palmeiras,Cicinho,Lateral,70,30
2011,Sociedade Esportiva Palmeiras,Gabriel Silva,Lateral,66,19
2011,Sociedade Esportiva Palmeiras,Henrique,Zagueiro,69,21
2011,Sociedade Esportiva Palmeiras,Chico,Zagueiro,68,28
2011,Sociedade Esportiva Palmeiras,Maurício Ramos,Zagueiro,66,17
2011,Sociedade Esportiva Palmeiras,Thiago Heleno,Zagueiro,65,29
2011,Sociedade Esportiva Palmeiras,Danilo,Zagueiro,60,4
2011,Sociedade Esportiva Palmeiras,Márcio Araújo,Volante,67,35
2011,Sociedade Esportiva Palmeiras,Tinga,Volante,62,18
2011,Sociedade Esportiva Palmeiras,João Vitor,Volante,62,19
2011,Sociedade Esportiva Palmeiras,Jorge Valdivia,Meia,63,15
2011,Sociedade Esportiva Palmeiras,Lincoln,Meia,61,6
2011,Sociedade Esportiva Palmeiras,Luan,Ponta,78,34
2011,Sociedade Esportiva Palmeiras,Maikon Leite,Ponta,67,21
2011,Sociedade Esportiva Palmeiras,Vinícius,Ponta,57,7
2011,Sociedade Esportiva Palmeiras,Kléber,Atacante,66,19
2011,Sociedade Esportiva Palmeiras,Ricardo Bueno,Atacante,64,16
2011,Sociedade Esportiva Palmeiras,Fernandão,Atacante,64,18
2011,Sociedade Esportiva Palmeiras,Wellington Paulista,Atacante,59,6
2011,Sociedade Esportiva Palmeiras,Dinei,Atacante,59,13
2011,Sociedade Esportiva Palmeiras,Adriano Michael Jackson,Atacante,56,6
2011,Sport Club Corinthians Paulista,Júlio César,Goleiro,71,33
2011,Sport Club Corinthians Paulista,Danilo Fernandes,Goleiro,63,3
2011,Sport Club Corinthians Paulista,Renan,Goleiro,57,3
2011,Sport Club Corinthians Paulista,Fábio Santos,Lateral,64,27
2011,Sport Club Corinthians Paulista,Wallace,Zagueiro,62,16
2011,Sport Club Corinthians Paulista,Paulo André,Zagueiro,60,16
2011,Sport Club Corinthians Paulista,Moradei,Volante,57,9
2011,Sport Club Corinthians Paulista,Nenê Bonilha,Volante,54,0
2011,Sport Club Corinthians Paulista,Bruno Octávio,Volante,54,0
2011,Sport Club Corinthians Paulista,Paulinho,Meia,82,35
2011,Sport Club Corinthians Paulista,Danilo,Meia,77,36
2011,Sport Club Corinthians Paulista,Alex,Meia,74,28
2011,Sport Club Corinthians Paulista,Jorge Henrique,Meia,70,31
2011,Sport Club Corinthians Paulista,Edenilson,Meia,66,26
2011,Sport Club Corinthians Paulista,Morais,Meia,58,11
2011,Sport Club Corinthians Paulista,Emerson,Ponta,75,28
2011,Sport Club Corinthians Paulista,Willian Bigode,Atacante,76,36
2011,Sport Club Corinthians Paulista,Adriano,Atacante,63,4
2011,Sport Club Corinthians Paulista,Edno,Atacante,55,1
2011,Sport Club Internacional,Muriel,Goleiro,73,34
2011,Sport Club Internacional,Renan Soares,Goleiro,55,3
2011,Sport Club Internacional,Nei,Lateral,69,34
2011,Sport Club Internacional,Kléber,Lateral,68,31
2011,Sport Club Internacional,Fabrício,Lateral,61,18
2011,Sport Club Internacional,Zé Mário,Lateral,55,4
2011,Sport Club Internacional,Juan Jesus,Zagueiro,65,18
2011,Sport Club Internacional,Bolívar,Zagueiro,65,25
2011,Sport Club Internacional,Rodrigo Moledo,Zagueiro,63,19
2011,Sport Club Internacional,Índio,Zagueiro,62,14
2011,Sport Club Internacional,Mario Bolatti,Volante,62,20
2011,Sport Club Internacional,Elton,Volante,61,17
2011,Sport Club Internacional,Sandro Silva,Volante,56,5
2011,Sport Club Internacional,Oscar,Meia,87,26
2011,Sport Club Internacional,Jogador 3445,Meia,79,30
2011,Sport Club Internacional,Tinga,Meia,64,25
2011,Sport Club Internacional,João Paulo,Meia,61,14
2011,Sport Club Internacional,Ilsinho,Ponta,64,11
2011,Sport Club Internacional,Leandro Damião,Atacante,88,28
2011,Sport Club Internacional,Jô,Atacante,64,16
2011,Sport Club Internacional,Gilberto,Atacante,62,13
2011,Sport Club Internacional,Ricardo Goulart,Atacante,61,10
2011,Sport Club Internacional,Dellatorre,Atacante,58,12
2011,São Paulo Futebol Clube,Léo Navacchio,Goleiro,54,0
2011,São Paulo Futebol Clube,Rhodolfo,Zagueiro,73,31
2011,São Paulo Futebol Clube,João Filipe,Zagueiro,61,18
2011,São Paulo Futebol Clube,Bruno Uvini,Zagueiro,58,6
2011,São Paulo Futebol Clube,Rodrigo Caio,Zagueiro,57,8
2011,São Paulo Futebol Clube,Casemiro,Volante,76,21
2011,São Paulo Futebol Clube,Wellington,Volante,69,34
2011,São Paulo Futebol Clube,Denílson,Volante,59,14
2011,São Paulo Futebol Clube,João Schmidt,Volante,54,0
2011,São Paulo Futebol Clube,Cícero,Meia,72,27
2011,São Paulo Futebol Clube,Rivaldo,Meia,72,30
2011,São Paulo Futebol Clube,Carlinhos Paraíba,Meia,69,30
2011,São Paulo Futebol Clube,Dener,Meia,54,1
2011,São Paulo Futebol Clube,Lucas Moura,Ponta,84,28
2011,São Paulo Futebol Clube,Marlos,Ponta,73,26
2011,São Paulo Futebol Clube,Ilsinho,Ponta,64,6
2011,São Paulo Futebol Clube,Luís Fabiano,Atacante,76,10
2011,São Paulo Futebol Clube,Dagoberto,Atacante,73,30
2011,São Paulo Futebol Clube,Henrique Almeida,Atacante,63,12
2011,São Paulo Futebol Clube,Willian José,Atacante,60,9
2012,Associação Atlética Ponte Preta,Édson Bastos,Goleiro,70,30
2012,Associação Atlética Ponte Preta,Roberto Volpato,Goleiro,56,6
2012,Associação Atlética Ponte Preta,Cicinho,Lateral,68,32
2012,Associação Atlética Ponte Preta,João Paulo,Lateral,67,25
2012,Associação Atlética Ponte Preta,Uendel,Lateral,62,21
2012,Associação Atlética Ponte Preta,Wendel,Lateral,57,9
2012,Associação Atlética Ponte Preta,Diego Sacoman,Zagueiro,61,19
2012,Associação Atlética Ponte Preta,Cléber Reis,Zagueiro,59,8
2012,Associação Atlética Ponte Preta,Gustavo Lazzaretti,Zagueiro,56,5
2012,Associação Atlética Ponte Preta,Baraka,Volante,68,37
2012,Associação Atlética Ponte Preta,João Paulo,Volante,59,7
2012,Associação Atlética Ponte Preta,Lucas Abreu,Volante,59,5
2012,Associação Atlética Ponte Preta,Marcinho,Meia,71,28
2012,Associação Atlética Ponte Preta,Renê Júnior,Meia,70,31
2012,Associação Atlética Ponte Preta,Nikão,Meia,68,29
2012,Associação Atlética Ponte Preta,Ricardinho,Meia,65,15
2012,Associação Atlética Ponte Preta,Caio,Meia,58,11
2012,Associação Atlética Ponte Preta,Tony,Meia,56,6
2012,Associação Atlética Ponte Preta,Luan,Ponta,69,17
2012,Associação Atlética Ponte Preta,Rildo,Ponta,66,23
2012,Associação Atlética Ponte Preta,Bruninho,Ponta,56,5
2012,Associação Atlética Ponte Preta,Roger Silva,Atacante,74,29
2012,Associação Atlética Ponte Preta,Bruno Nunes,Atacante,55,2
2012,Atlético Clube Goianiense,Ernandes,Lateral,69,32
2012,Atlético Clube Goianiense,Eron,Lateral,66,26
2012,Atlético Clube Goianiense,Adriano Lara,Lateral,59,10
2012,Atlético Clube Goianiense,Paulinho,Lateral,54,0
2012,Atlético Clube Goianiense,Reniê,Zagueiro,64,24
2012,Atlético Clube Goianiense,Diego Giaretta,Zagueiro,63,16
2012,Atlético Clube Goianiense,Gabriel,Zagueiro,57,9
2012,Atlético Clube Goianiense,Leonardo,Zagueiro,54,1
2012,Atlético Clube Goianiense,Marino,Volante,68,31
2012,Atlético Clube Goianiense,Carlão,Volante,59,10
2012,Atlético Clube Goianiense,Renato Alves,Volante,54,0
2012,Atlético Clube Goianiense,Diogo Campos,Meia,68,27
2012,Atlético Clube Goianiense,Elias,Meia,65,6
2012,Atlético Clube Goianiense,Patric,Atacante,68,27
2012,Atlético Clube Goianiense,Felipe,Atacante,66,16
2012,Atlético Clube Goianiense,Ricardo Bueno,Atacante,64,15
2012,Atlético Clube Goianiense,Luciano,Atacante,62,5
2012,Atlético Clube Goianiense,Alexandre Oliveira,Atacante,57,9
2012,Atlético Clube Goianiense,Marcão,Atacante,55,4
2012,Atlético Clube Goianiense,Reis,Atacante,55,2
2012,Atlético Clube Goianiense,William,Atacante,55,4
2012,Botafogo de Futebol e Regatas,Jefferson,Goleiro,69,30
2012,Botafogo de Futebol e Regatas,Renan,Goleiro,56,6
2012,Botafogo de Futebol e Regatas,Márcio Azevedo,Lateral,70,33
2012,Botafogo de Futebol e Regatas,Lucas,Lateral,68,32
2012,Botafogo de Futebol e Regatas,Lucas Lima,Lateral,61,6
2012,Botafogo de Futebol e Regatas,Matheus Dória,Zagueiro,65,20
2012,Botafogo de Futebol e Regatas,Antônio Carlos,Zagueiro,63,20
2012,Botafogo de Futebol e Regatas,Gabriel,Volante,64,22
2012,Botafogo de Futebol e Regatas,Amaral,Volante,56,6
2012,Botafogo de Futebol e Regatas,Clarence Seedorf,Meia,76,24
2012,Botafogo de Futebol e Regatas,Fellype Gabriel,Meia,73,32
2012,Botafogo de Futebol e Regatas,Nicolás Lodeiro,Meia,72,18
2012,Botafogo de Futebol e Regatas,Jádson,Meia,68,29
2012,Botafogo de Futebol e Regatas,Renato,Meia,66,28
2012,Botafogo de Futebol e Regatas,Cidinho,Meia,65,13
2012,Botafogo de Futebol e Regatas,Jéferson Paulista,Meia,64,3
2012,Botafogo de Futebol e Regatas,Maicosuel,Meia,62,6
2012,Botafogo de Futebol e Regatas,Vitinho,Ponta,54,0
2012,Botafogo de Futebol e Regatas,Bruno Mendes,Atacante,78,8
2012,Botafogo de Futebol e Regatas,Elkeson,Atacante,76,31
2012,Botafogo de Futebol e Regatas,Sassá,Atacante,65,3
2012,Botafogo de Futebol e Regatas,Rafael Marques,Atacante,60,15
2012,Botafogo de Futebol e Regatas,William,Atacante,56,5
2012,CR Flamengo,Felipe,Goleiro,66,20
2012,CR Flamengo,Paulo Victor,Goleiro,65,19
2012,CR Flamengo,Wellington Silva,Lateral,64,19
2012,CR Flamengo,Welinton,Zagueiro,63,17
2012,CR Flamengo,Marllon,Zagueiro,58,12
2012,CR Flamengo,Adryan,Meia,72,23
2012,CR Flamengo,Renato Abreu,Meia,69,25
2012,CR Flamengo,Kléberson,Meia,64,3
2012,CR Flamengo,Cléber Santana,Meia,61,12
2012,CR Flamengo,Mattheus,Meia,59,11
2012,CR Flamengo,Camacho,Meia,55,3
2012,CR Flamengo,Ronaldinho,Ponta,68,2
2012,CR Flamengo,Negueba,Ponta,61,13
2012,CR Flamengo,Thomás,Ponta,61,10
2012,CR Flamengo,Fernandinho,Ponta,54,1
2012,CR Flamengo,Vágner Love,Atacante,85,36
2012,CR Flamengo,Hernane,Atacante,66,14
2012,CR Flamengo,Diego Maurício,Atacante,59,5
2012,CR Flamengo,Paulo Sérgio,Atacante,55,3
2012,Clube Atlético Mineiro,Victor,Goleiro,69,29
2012,Clube Atlético Mineiro,Giovanni,Goleiro,63,9
2012,Clube Atlético Mineiro,Renan Ribeiro,Goleiro,55,0
2012,Clube Atlético Mineiro,Marcos Rocha,Lateral,69,34
2012,Clube Atlético Mineiro,Carlos César,Lateral,61,11
2012,Clube Atlético Mineiro,Triguinho,Lateral,54,1
2012,Clube Atlético Mineiro,Leonardo Silva,Zagueiro,70,33
2012,Clube Atlético Mineiro,Réver,Zagueiro,68,28
2012,Clube Atlético Mineiro,Rafael Marques,Zagueiro,61,20
2012,Clube Atlético Mineiro,Serginho,Volante,66,25
2012,Clube Atlético Mineiro,Pierre,Volante,66,32
2012,Clube Atlético Mineiro,Leandro Donizete,Volante,66,30
2012,Clube Atlético Mineiro,Damián Escudero,Meia,69,27
2012,Clube Atlético Mineiro,Dudu Cearense,Meia,57,2
2012,Clube Atlético Mineiro,Bernard,Ponta,91,36
2012,Clube Atlético Mineiro,Ronaldinho,Ponta,82,32
2012,Clube Atlético Mineiro,Danilinho,Ponta,72,21
2012,Clube Atlético Mineiro,Neto Berola,Ponta,61,15
2012,Clube Atlético Mineiro,Jô,Atacante,75,29
2012,Clube Atlético Mineiro,Leonardo,Atacante,68,13
2012,Clube Atlético Mineiro,André Felipe,Atacante,60,6
2012,Clube Náutico Capibaribe,Felipe Garcia,Goleiro,66,21
2012,Clube Náutico Capibaribe,Darley,Goleiro,54,0
2012,Clube Náutico Capibaribe,Lúcio,Lateral,64,23
2012,Clube Náutico Capibaribe,Douglas Santos,Lateral,63,22
2012,Clube Náutico Capibaribe,Patric,Lateral,63,22
2012,Clube Náutico Capibaribe,João Paulo,Lateral,59,13
2012,Clube Náutico Capibaribe,Alessandro,Lateral,58,10
2012,Clube Náutico Capibaribe,Alemão,Zagueiro,59,14
2012,Clube Náutico Capibaribe,Gustavo Henrique,Zagueiro,55,3
2012,Clube Náutico Capibaribe,Souza,Volante,74,35
2012,Clube Náutico Capibaribe,Elicarlos,Volante,67,31
2012,Clube Náutico Capibaribe,Josa,Volante,59,13
2012,Clube Náutico Capibaribe,Derley,Volante,59,7
2012,Clube Náutico Capibaribe,Auremir,Volante,57,6
2012,Clube Náutico Capibaribe,Rhayner,Meia,74,34
2012,Clube Náutico Capibaribe,Ramón,Meia,55,3
2012,Clube Náutico Capibaribe,Rogério,Ponta,61,15
2012,Clube Náutico Capibaribe,Andrés Romero,Ponta,56,6
2012,Clube Náutico Capibaribe,Araújo,Atacante,73,33
2012,Clube Náutico Capibaribe,Dimba,Atacante,62,5
2012,Clube Náutico Capibaribe,Reis,Atacante,55,3
2012,Clube Náutico Capibaribe,Siloé,Atacante,54,1
2012,Clube Náutico Capibaribe,Rodrigo Tiuí,Atacante,54,1
2012,Clube de Regatas Vasco da Gama,Fernando Prass,Goleiro,71,37
2012,Clube de Regatas Vasco da Gama,Diogo Silva,Goleiro,54,0
2012,Clube de Regatas Vasco da Gama,Fagner,Lateral,66,7
2012,Clube de Regatas Vasco da Gama,William Matheus,Lateral,63,21
2012,Clube de Regatas Vasco da Gama,Jonas,Lateral,61,16
2012,Clube de Regatas Vasco da Gama,Thiago Feltri,Lateral,58,12
2012,Clube de Regatas Vasco da Gama,Douglas,Zagueiro,67,26
2012,Clube de Regatas Vasco da Gama,Dedé,Zagueiro,63,23
2012,Clube de Regatas Vasco da Gama,Luan,Zagueiro,59,4
2012,Clube de Regatas Vasco da Gama,Fabrício,Zagueiro,57,9
2012,Clube de Regatas Vasco da Gama,Nilton,Volante,69,34
2012,Clube de Regatas Vasco da Gama,Rômulo,Volante,62,3
2012,Clube de Regatas Vasco da Gama,Auremir,Volante,62,15
2012,Clube de Regatas Vasco da Gama,Allan,Volante,60,4
2012,Clube de Regatas Vasco da Gama,Carlos Alberto,Meia,67,28
2012,Clube de Regatas Vasco da Gama,Fellipe Bastos,Meia,67,27
2012,Clube de Regatas Vasco da Gama,Marlone,Meia,57,9
2012,Clube de Regatas Vasco da Gama,Diego Rosa,Meia,55,3
2012,Clube de Regatas Vasco da Gama,Éder Luís,Ponta,69,27
2012,Clube de Regatas Vasco da Gama,Wendel,Ponta,67,26
2012,Clube de Regatas Vasco da Gama,Alecsandro,Atacante,74,31
2012,Clube de Regatas Vasco da Gama,Diego Souza,Atacante,73,9
2012,Clube de Regatas Vasco da Gama,William Barbio,Atacante,58,12
2012,Coritiba Foot Ball Club,Vanderlei,Goleiro,71,36
2012,Coritiba Foot Ball Club,Victor Brasil,Goleiro,54,1
2012,Coritiba Foot Ball Club,Ayrton,Lateral,65,19
2012,Coritiba Foot Ball Club,Sergio Escudero,Lateral,62,20
2012,Coritiba Foot Ball Club,Lucas Mendes,Zagueiro,65,13
2012,Coritiba Foot Ball Club,Pereira,Zagueiro,62,15
2012,Coritiba Foot Ball Club,Luccas Claro,Zagueiro,61,17
2012,Coritiba Foot Ball Club,Demerson,Zagueiro,60,15
2012,Coritiba Foot Ball Club,Chico,Zagueiro,60,16
2012,Coritiba Foot Ball Club,Gil,Volante,66,24
2012,Coritiba Foot Ball Club,Willian Farias,Volante,64,28
2012,Coritiba Foot Ball Club,Everton Ribeiro,Meia,76,29
2012,Coritiba Foot Ball Club,Lincoln,Meia,74,33
2012,Coritiba Foot Ball Club,Robinho,Meia,74,25
2012,Coritiba Foot Ball Club,Júnior Urso,Meia,64,24
2012,Coritiba Foot Ball Club,Victor Ferraz,Meia,61,14
2012,Coritiba Foot Ball Club,Thiago Primão,Meia,60,11
2012,Coritiba Foot Ball Club,Rafinha,Ponta,75,23
2012,Coritiba Foot Ball Club,Geraldo,Ponta,54,1
2012,Coritiba Foot Ball Club,Anderson Aquino,Atacante,68,13
2012,Coritiba Foot Ball Club,Éverton Costa,Atacante,64,15
2012,Coritiba Foot Ball Club,Roberto,Atacante,62,17
2012,Coritiba Foot Ball Club,Marcel,Atacante,61,12
2012,Cruzeiro Esporte Clube,Fábio,Goleiro,72,37
2012,Cruzeiro Esporte Clube,Rafael,Goleiro,66,1
2012,Cruzeiro Esporte Clube,Diego Renan,Lateral,64,25
2012,Cruzeiro Esporte Clube,Ceará,Lateral,63,20
2012,Cruzeiro Esporte Clube,Gilson,Lateral,54,0
2012,Cruzeiro Esporte Clube,Mayke,Lateral,54,0
2012,Cruzeiro Esporte Clube,Rafael Donato,Zagueiro,61,11
2012,Cruzeiro Esporte Clube,Thiago Carvalho,Zagueiro,61,18
2012,Cruzeiro Esporte Clube,Mauricio Victorino,Zagueiro,57,9
2012,Cruzeiro Esporte Clube,Sandro Silva,Volante,58,11
2012,Cruzeiro Esporte Clube,Lucas Silva,Volante,57,8
2012,Cruzeiro Esporte Clube,Amaral,Volante,56,5
2012,Cruzeiro Esporte Clube,Walter Montillo,Meia,75,32
2012,Cruzeiro Esporte Clube,Tinga,Meia,67,26
2012,Cruzeiro Esporte Clube,Alisson,Meia,54,1
2012,Cruzeiro Esporte Clube,Fabinho,Ponta,60,15
2012,Cruzeiro Esporte Clube,Wellington Paulista,Atacante,77,27
2012,Cruzeiro Esporte Clube,Alejandro Martinuccio,Atacante,70,10
2012,Cruzeiro Esporte Clube,Anselmo Ramon,Atacante,68,24
2012,Cruzeiro Esporte Clube,Wallyson,Atacante,64,17
2012,Cruzeiro Esporte Clube,Bobô,Atacante,56,0
2012,Cruzeiro Esporte Clube,Walter,Atacante,54,0
2012,Esporte Clube Bahia,Marcelo Lomba,Goleiro,72,36
2012,Esporte Clube Bahia,Jussandro,Lateral,62,18
2012,Esporte Clube Bahia,Romário,Lateral,55,3
2012,Esporte Clube Bahia,William Matheus,Lateral,55,0
2012,Esporte Clube Bahia,Madson,Lateral,54,1
2012,Esporte Clube Bahia,Titi,Zagueiro,67,34
2012,Esporte Clube Bahia,Lucas Fonseca,Zagueiro,58,10
2012,Esporte Clube Bahia,Rafael Donato,Zagueiro,55,2
2012,Esporte Clube Bahia,Fahel,Volante,69,34
2012,Esporte Clube Bahia,Victor Bolt,Volante,57,7
2012,Esporte Clube Bahia,Val,Volante,54,0
2012,Esporte Clube Bahia,Gabriel,Meia,70,25
2012,Esporte Clube Bahia,Kléberson,Meia,68,19
2012,Esporte Clube Bahia,Caio,Meia,61,6
2012,Esporte Clube Bahia,Jéferson,Meia,55,2
2012,Esporte Clube Bahia,Morais,Meia,54,1
2012,Esporte Clube Bahia,Ryder Matos,Ponta,54,1
2012,Esporte Clube Bahia,Souza,Atacante,74,19
2012,Esporte Clube Bahia,Elias,Atacante,62,16
2012,Esporte Clube Bahia,Cláudio Pitbull,Atacante,61,7
2012,Esporte Clube Bahia,Júnior,Atacante,61,11
2012,Esporte Clube Bahia,Magno Cruz,Atacante,57,7
2012,Esporte Clube Bahia,Diego Oliveira,Atacante,55,2
2012,Figueirense Futebol Clube,Wilson,Goleiro,66,28
2012,Figueirense Futebol Clube,Tiago Volpi,Goleiro,55,3
2012,Figueirense Futebol Clube,Hélder Santos,Lateral,63,21
2012,Figueirense Futebol Clube,Elsinho,Lateral,62,18
2012,Figueirense Futebol Clube,Guilherme Santos,Lateral,62,15
2012,Figueirense Futebol Clube,Guilherme Lazaroni,Lateral,59,10
2012,Figueirense Futebol Clube,Pablo,Lateral,59,8
2012,Figueirense Futebol Clube,Léo Rodrigues,Lateral,56,6
2012,Figueirense Futebol Clube,João Paulo,Zagueiro,63,16
2012,Figueirense Futebol Clube,Anderson Conceição,Zagueiro,60,13
2012,Figueirense Futebol Clube,Ignacio Canuto,Zagueiro,59,14
2012,Figueirense Futebol Clube,Edson Henrique,Zagueiro,58,11
2012,Figueirense Futebol Clube,Guti,Zagueiro,57,8
2012,Figueirense Futebol Clube,Sandro,Zagueiro,57,9
2012,Figueirense Futebol Clube,Túlio Guerreiro,Volante,65,28
2012,Figueirense Futebol Clube,Claudinei,Volante,63,23
2012,Figueirense Futebol Clube,Doriva,Volante,62,20
2012,Figueirense Futebol Clube,Coutinho,Volante,60,15
2012,Figueirense Futebol Clube,Botti,Meia,61,14
2012,Figueirense Futebol Clube,Almir,Meia,59,13
2012,Figueirense Futebol Clube,William Pottker,Ponta,61,6
2012,Figueirense Futebol Clube,Aloísio,Atacante,79,30
2012,Figueirense Futebol Clube,Júlio César,Atacante,70,29
2012,Fluminense Football Club,Diego Cavalieri,Goleiro,76,35
2012,Fluminense Football Club,Kléver,Goleiro,54,0
2012,Fluminense Football Club,Bruno,Lateral,65,27
2012,Fluminense Football Club,Thiago Carleto,Lateral,59,8
2012,Fluminense Football Club,Igor Julião,Lateral,54,1
2012,Fluminense Football Club,Gum,Zagueiro,68,34
2012,Fluminense Football Club,Wellington Carvalho,Zagueiro,54,1
2012,Fluminense Football Club,Edinho,Volante,66,32
2012,Fluminense Football Club,Fábio Braga,Volante,57,8
2012,Fluminense Football Club,Fabinho,Volante,57,0
2012,Fluminense Football Club,Edwin Valencia,Volante,57,9
2012,Fluminense Football Club,Willian Oliveira,Volante,54,0
2012,Fluminense Football Club,Thiago Neves,Meia,76,29
2012,Fluminense Football Club,Deco,Meia,71,17
2012,Fluminense Football Club,Manuel Lanzini,Meia,66,6
2012,Fluminense Football Club,Higor Leite,Meia,57,7
2012,Fluminense Football Club,Fernando Neto,Meia,54,0
2012,Fluminense Football Club,Wellington Nem,Ponta,84,27
2012,Fluminense Football Club,Matheus Carvalho,Ponta,57,8
2012,Fluminense Football Club,Fred,Atacante,84,28
2012,Fluminense Football Club,Samuel Rosa,Atacante,69,23
2012,Fluminense Football Club,Rafael Sóbis,Atacante,66,21
2012,Fluminense Football Club,Rafael Moura,Atacante,55,3
2012,Grêmio Foot-Ball Porto Alegrense,Victor,Goleiro,64,6
2012,Grêmio Foot-Ball Porto Alegrense,Pará,Lateral,67,34
2012,Grêmio Foot-Ball Porto Alegrense,Anderson Pico,Lateral,64,21
2012,Grêmio Foot-Ball Porto Alegrense,Edílson,Lateral,62,12
2012,Grêmio Foot-Ball Porto Alegrense,Souza,Zagueiro,72,33
2012,Grêmio Foot-Ball Porto Alegrense,Werley,Zagueiro,66,30
2012,Grêmio Foot-Ball Porto Alegrense,Naldo,Zagueiro,61,16
2012,Grêmio Foot-Ball Porto Alegrense,Vilson,Zagueiro,61,17
2012,Grêmio Foot-Ball Porto Alegrense,Saimon,Zagueiro,55,3
2012,Grêmio Foot-Ball Porto Alegrense,Pablo,Zagueiro,54,0
2012,Grêmio Foot-Ball Porto Alegrense,Douglas Grolli,Zagueiro,54,1
2012,Grêmio Foot-Ball Porto Alegrense,Fernando,Volante,73,32
2012,Grêmio Foot-Ball Porto Alegrense,Léo Gago,Volante,65,27
2012,Grêmio Foot-Ball Porto Alegrense,Gilberto Silva,Volante,64,26
2012,Grêmio Foot-Ball Porto Alegrense,Felipe Guedes,Volante,54,0
2012,Grêmio Foot-Ball Porto Alegrense,Marquinhos,Meia,75,28
2012,Grêmio Foot-Ball Porto Alegrense,Rondinelly,Meia,60,11
2012,Grêmio Foot-Ball Porto Alegrense,Facundo Bertoglio,Meia,54,1
2012,Grêmio Foot-Ball Porto Alegrense,Leandro Moura,Ponta,73,22
2012,Grêmio Foot-Ball Porto Alegrense,Zé Roberto,Ponta,73,29
2012,Grêmio Foot-Ball Porto Alegrense,Marcelo Moreno Martins,Atacante,75,28
2012,Grêmio Foot-Ball Porto Alegrense,André Lima,Atacante,73,27
2012,Grêmio Foot-Ball Porto Alegrense,Kléber,Atacante,71,26
2012,Portuguesa,Dida,Goleiro,70,32
2012,Portuguesa,Glédson,Goleiro,58,5
2012,Portuguesa,Weverton,Goleiro,54,1
2012,Portuguesa,Ivan,Lateral,62,8
2012,Portuguesa,Raí,Lateral,56,6
2012,Portuguesa,Gustavo,Zagueiro,65,31
2012,Portuguesa,Valdomiro,Zagueiro,63,24
2012,Portuguesa,Lima,Zagueiro,60,17
2012,Portuguesa,André Luis,Zagueiro,54,1
2012,Portuguesa,Guilherme,Volante,62,6
2012,Portuguesa,Bruno Lima,Volante,56,5
2012,Portuguesa,Maylson,Volante,55,3
2012,Portuguesa,Moisés,Meia,73,34
2012,Portuguesa,Rodrigo Andrade,Meia,57,7
2012,Portuguesa,Wilson Matías,Meia,54,1
2012,Portuguesa,Michael,Ponta,56,5
2012,Portuguesa,Bruno Mineiro,Atacante,81,23
2012,Portuguesa,Ananias,Atacante,69,31
2012,Portuguesa,Vandinho,Atacante,55,4
2012,Santos FC,Rafael Cabral,Goleiro,72,25
2012,Santos FC,Aranha,Goleiro,62,13
2012,Santos FC,Bruno Peres,Lateral,67,25
2012,Santos FC,Léo,Lateral,60,17
2012,Santos FC,Maranhão,Lateral,56,6
2012,Santos FC,Éwerton Páscoa,Zagueiro,59,11
2012,Santos FC,David Braz,Zagueiro,58,7
2012,Santos FC,Alan Santos,Zagueiro,55,4
2012,Santos FC,Arouca,Volante,66,31
2012,Santos FC,Neymar,Meia,88,17
2012,Santos FC,Ganso,Meia,75,5
2012,Santos FC,Bernardo,Meia,65,14
2012,Santos FC,Rafael Galhardo,Meia,56,5
2012,Santos FC,Felipe Anderson,Ponta,83,35
2012,Santos FC,Victor Andrade,Ponta,70,19
2012,Santos FC,Pato Rodríguez,Ponta,70,20
2012,Santos FC,Gerson Magrão,Ponta,67,24
2012,Santos FC,André Felipe,Atacante,76,19
2012,Santos FC,Bill,Atacante,62,16
2012,Santos FC,Wason Rentería,Atacante,62,5
2012,Santos FC,João Pedro,Atacante,59,10
2012,Santos FC,Alan Kardec,Atacante,59,4
2012,Santos FC,Dimba,Atacante,56,6
2012,Sociedade Esportiva Palmeiras,Fábio,Goleiro,54,0
2012,Sociedade Esportiva Palmeiras,Juninho,Lateral,66,31
2012,Sociedade Esportiva Palmeiras,Cicinho,Lateral,64,9
2012,Sociedade Esportiva Palmeiras,Fernandinho,Lateral,61,11
2012,Sociedade Esportiva Palmeiras,Henrique,Zagueiro,70,28
2012,Sociedade Esportiva Palmeiras,Maurício Ramos,Zagueiro,66,26
2012,Sociedade Esportiva Palmeiras,Thiago Heleno,Zagueiro,60,14
2012,Sociedade Esportiva Palmeiras,Wellington,Zagueiro,59,6
2012,Sociedade Esportiva Palmeiras,Adalberto Román,Zagueiro,59,7
2012,Sociedade Esportiva Palmeiras,Márcio Araújo,Volante,65,28
2012,Sociedade Esportiva Palmeiras,João Vitor,Volante,64,19
2012,Sociedade Esportiva Palmeiras,Corrêa,Volante,63,16
2012,Sociedade Esportiva Palmeiras,João Denoni,Volante,59,13
2012,Sociedade Esportiva Palmeiras,Tiago Real,Meia,63,12
2012,Sociedade Esportiva Palmeiras,Jorge Valdivia,Meia,62,17
2012,Sociedade Esportiva Palmeiras,Felipe Silva,Meia,56,5
2012,Sociedade Esportiva Palmeiras,Bruno Dybal,Meia,55,3
2012,Sociedade Esportiva Palmeiras,Wesley,Meia,55,4
2012,Sociedade Esportiva Palmeiras,Maikon Leite,Ponta,69,23
2012,Sociedade Esportiva Palmeiras,Luan,Ponta,66,18
2012,Sociedade Esportiva Palmeiras,Vinícius,Ponta,60,7
2012,Sociedade Esportiva Palmeiras,Hernán Barcos,Atacante,83,29
2012,Sociedade Esportiva Palmeiras,Betinho,Atacante,61,13
2012,Sport Club Corinthians Paulista,Cássio,Goleiro,70,32
2012,Sport Club Corinthians Paulista,Júlio César,Goleiro,55,4
2012,Sport Club Corinthians Paulista,Fábio Santos,Lateral,67,29
2012,Sport Club Corinthians Paulista,Guilherme Andrade,Lateral,57,9
2012,Sport Club Corinthians Paulista,Paulo André,Zagueiro,67,29
2012,Sport Club Corinthians Paulista,Wallace,Zagueiro,65,22
2012,Sport Club Corinthians Paulista,Marquinhos,Zagueiro,60,6
2012,Sport Club Corinthians Paulista,Felipe,Zagueiro,55,3
2012,Sport Club Corinthians Paulista,Guilherme,Volante,66,14
2012,Sport Club Corinthians Paulista,Willian Arão,Volante,57,8
2012,Sport Club Corinthians Paulista,Paulinho,Meia,87,23
2012,Sport Club Corinthians Paulista,Douglas,Meia,77,35
2012,Sport Club Corinthians Paulista,Edenilson,Meia,72,22
2012,Sport Club Corinthians Paulista,Danilo,Meia,70,24
2012,Sport Club Corinthians Paulista,Jorge Henrique,Meia,65,17
2012,Sport Club Corinthians Paulista,Giovanni,Meia,60,9
2012,Sport Club Corinthians Paulista,Chiquinho,Meia,55,3
2012,Sport Club Corinthians Paulista,Alex,Meia,55,4
2012,Sport Club Corinthians Paulista,Emerson,Ponta,67,14
2012,Sport Club Corinthians Paulista,Juan Manuel Martínez,Ponta,65,18
2012,Sport Club Corinthians Paulista,Paolo Guerrero,Atacante,72,15
2012,Sport Club Corinthians Paulista,Willian Bigode,Atacante,62,5
2012,Sport Club Corinthians Paulista,Élton,Atacante,57,7
2012,Sport Club Internacional,Muriel,Goleiro,75,38
2012,Sport Club Internacional,Renan Soares,Goleiro,66,1
2012,Sport Club Internacional,Fabrício,Lateral,68,28
2012,Sport Club Internacional,Nei,Lateral,64,27
2012,Sport Club Internacional,Kléber,Lateral,60,14
2012,Sport Club Internacional,Rodrigo Moledo,Zagueiro,66,22
2012,Sport Club Internacional,Índio,Zagueiro,66,30
2012,Sport Club Internacional,Bolívar,Zagueiro,60,16
2012,Sport Club Internacional,Elton,Volante,65,26
2012,Sport Club Internacional,Ygor,Volante,63,21
2012,Sport Club Internacional,Josimar,Volante,61,15
2012,Sport Club Internacional,Fred,Meia,76,28
2012,Sport Club Internacional,Jogador 3445,Meia,70,21
2012,Sport Club Internacional,Lucas Lima,Meia,59,14
2012,Sport Club Internacional,Jesús Dátolo,Ponta,63,10
2012,Sport Club Internacional,Mike,Ponta,60,7
2012,Sport Club Internacional,Leandro Damião,Atacante,82,19
2012,Sport Club Internacional,Dagoberto,Atacante,70,19
2012,Sport Club Internacional,Diego Forlán,Atacante,69,19
2012,Sport Club Internacional,Cassiano,Atacante,66,16
2012,Sport Club Internacional,Jajá,Atacante,65,16
2012,Sport Club Internacional,Rafael Moura,Atacante,63,14
2012,Sport Club Internacional,Marcos Aurélio,Atacante,58,12
2012,Sport Club do Recife,Magrão,Goleiro,65,26
2012,Sport Club do Recife,Matheus Cavichioli,Goleiro,54,1
2012,Sport Club do Recife,Cicinho,Lateral,67,24
2012,Sport Club do Recife,Reinaldo,Lateral,64,24
2012,Sport Club do Recife,Renê,Lateral,60,13
2012,Sport Club do Recife,Bruno Aguiar,Zagueiro,63,22
2012,Sport Club do Recife,Diego Ivo,Zagueiro,62,22
2012,Sport Club do Recife,Edcarlos,Zagueiro,61,19
2012,Sport Club do Recife,Rithely,Volante,68,33
2012,Sport Club do Recife,Moacir,Volante,67,33
2012,Sport Club do Recife,Renan Teixeira,Volante,58,10
2012,Sport Club do Recife,Hugo,Meia,74,24
2012,Sport Club do Recife,Marquinhos Gabriel,Meia,68,21
2012,Sport Club do Recife,Felipe Menezes,Meia,60,7
2012,Sport Club do Recife,Felipe Azevedo,Ponta,74,37
2012,Sport Club do Recife,Willians Santana,Ponta,65,15
2012,Sport Club do Recife,Renato,Ponta,56,6
2012,Sport Club do Recife,Ruan,Ponta,55,2
2012,Sport Club do Recife,Gilberto,Atacante,73,25
2012,Sport Club do Recife,Henrique Almeida,Atacante,68,16
2012,Sport Club do Recife,Magno Alves,Atacante,55,4
2012,Sport Club do Recife,Jheimy Carvalho,Atacante,55,3
2012,Sport Club do Recife,Roberson,Atacante,55,4
2012,São Paulo Futebol Clube,Léo Vieira,Goleiro,54,0
2012,São Paulo Futebol Clube,Bruno Cortez,Lateral,73,35
2012,São Paulo Futebol Clube,Douglas,Lateral,70,33
2012,São Paulo Futebol Clube,Rhodolfo,Zagueiro,72,30
2012,São Paulo Futebol Clube,Rafael Tolói,Zagueiro,71,26
2012,São Paulo Futebol Clube,Bruno Uvini,Zagueiro,59,0
2012,São Paulo Futebol Clube,Rodrigo Caio,Zagueiro,59,7
2012,São Paulo Futebol Clube,João Filipe,Zagueiro,58,12
2012,São Paulo Futebol Clube,Édson Silva,Zagueiro,58,12
2012,São Paulo Futebol Clube,Casemiro,Volante,69,22
2012,São Paulo Futebol Clube,Denílson,Volante,67,31
2012,São Paulo Futebol Clube,Wellington,Volante,59,14
2012,São Paulo Futebol Clube,João Schmidt,Volante,56,5
2012,São Paulo Futebol Clube,Fabrício,Volante,54,1
2012,São Paulo Futebol Clube,Ganso,Meia,80,3
2012,São Paulo Futebol Clube,Jádson,Meia,77,35
2012,São Paulo Futebol Clube,Cícero,Meia,69,30
2012,São Paulo Futebol Clube,Lucas Moura,Ponta,89,21
2012,São Paulo Futebol Clube,Osvaldo,Ponta,78,24
2012,São Paulo Futebol Clube,Rafinha,Ponta,62,4
2012,São Paulo Futebol Clube,Luís Fabiano,Atacante,82,22
2012,São Paulo Futebol Clube,Ademilson,Atacante,66,23
2012,São Paulo Futebol Clube,Willian José,Atacante,65,19
2013,Associação Atlética Ponte Preta,Roberto Volpato,Goleiro,67,30
2013,Associação Atlética Ponte Preta,Édson Bastos,Goleiro,58,6
2013,Associação Atlética Ponte Preta,Uendel,Lateral,67,32
2013,Associação Atlética Ponte Preta,Cicinho,Lateral,59,5
2013,Associação Atlética Ponte Preta,Luis Advíncula,Lateral,55,4
2013,Associação Atlética Ponte Preta,Diego Sacoman,Zagueiro,66,28
2013,Associação Atlética Ponte Preta,César Martins,Zagueiro,60,17
2013,Associação Atlética Ponte Preta,Cléber Reis,Zagueiro,59,5
2013,Associação Atlética Ponte Preta,Betão,Zagueiro,58,7
2013,Associação Atlética Ponte Preta,Baraka,Volante,67,33
2013,Associação Atlética Ponte Preta,Alef,Volante,60,15
2013,Associação Atlética Ponte Preta,Paulo Roberto,Volante,55,3
2013,Associação Atlética Ponte Preta,Chiquinho,Meia,70,26
2013,Associação Atlética Ponte Preta,Elias,Meia,65,11
2013,Associação Atlética Ponte Preta,Fellipe Bastos,Meia,61,15
2013,Associação Atlética Ponte Preta,Giovanni,Meia,57,9
2013,Associação Atlética Ponte Preta,Roger Gaúcho,Meia,56,5
2013,Associação Atlética Ponte Preta,Rildo,Ponta,69,28
2013,Associação Atlética Ponte Preta,Adaílton,Ponta,63,13
2013,Associação Atlética Ponte Preta,Rafael Ratão,Ponta,63,13
2013,Associação Atlética Ponte Preta,William,Atacante,79,33
2013,Associação Atlética Ponte Preta,Leonardo,Atacante,69,7
2013,Associação Atlética Ponte Preta,Alemão,Atacante,56,6
2013,Atlético Paranaense,Weverton,Goleiro,71,38
2013,Atlético Paranaense,Santos,Goleiro,54,1
2013,Atlético Paranaense,Léo Morais,Lateral,66,30
2013,Atlético Paranaense,Jonas,Lateral,60,14
2013,Atlético Paranaense,Manoel,Zagueiro,69,34
2013,Atlético Paranaense,Cleberson,Zagueiro,59,6
2013,Atlético Paranaense,João Paulo,Volante,68,31
2013,Atlético Paranaense,Deivid,Volante,62,19
2013,Atlético Paranaense,Juninho,Volante,61,19
2013,Atlético Paranaense,Paulo Baier,Meia,78,27
2013,Atlético Paranaense,Felipe Silva,Meia,68,16
2013,Atlético Paranaense,Elias,Meia,65,6
2013,Atlético Paranaense,Bruno Silva,Meia,63,24
2013,Atlético Paranaense,Fran Mérida,Meia,61,6
2013,Atlético Paranaense,Carlos Alberto,Meia,55,2
2013,Atlético Paranaense,Marcelo Cirino,Ponta,78,30
2013,Atlético Paranaense,Éverton,Ponta,72,33
2013,Atlético Paranaense,Maranhão,Ponta,57,7
2013,Atlético Paranaense,Éderson,Atacante,85,36
2013,Atlético Paranaense,Dellatorre,Atacante,70,22
2013,Atlético Paranaense,Roger Silva,Atacante,66,14
2013,Atlético Paranaense,Marcão,Atacante,61,8
2013,Atlético Paranaense,Douglas Coutinho,Atacante,57,7
2013,Botafogo de Futebol e Regatas,Jefferson,Goleiro,67,26
2013,Botafogo de Futebol e Regatas,Renan,Goleiro,62,11
2013,Botafogo de Futebol e Regatas,Edílson,Lateral,66,23
2013,Botafogo de Futebol e Regatas,Gilberto,Lateral,61,12
2013,Botafogo de Futebol e Regatas,Lucas Lima,Lateral,60,12
2013,Botafogo de Futebol e Regatas,Lucas,Lateral,59,7
2013,Botafogo de Futebol e Regatas,Matheus Dória,Zagueiro,72,30
2013,Botafogo de Futebol e Regatas,Bolívar,Zagueiro,69,34
2013,Botafogo de Futebol e Regatas,Antônio Carlos,Zagueiro,59,6
2013,Botafogo de Futebol e Regatas,Marcelo Mattos,Volante,67,33
2013,Botafogo de Futebol e Regatas,Gabriel,Volante,65,27
2013,Botafogo de Futebol e Regatas,Clarence Seedorf,Meia,80,34
2013,Botafogo de Futebol e Regatas,Nicolás Lodeiro,Meia,72,26
2013,Botafogo de Futebol e Regatas,Gegê,Meia,65,10
2013,Botafogo de Futebol e Regatas,Renato,Meia,64,23
2013,Botafogo de Futebol e Regatas,Fellype Gabriel,Meia,62,4
2013,Botafogo de Futebol e Regatas,Vitinho,Ponta,80,16
2013,Botafogo de Futebol e Regatas,Rafael Marques,Atacante,76,37
2013,Botafogo de Futebol e Regatas,Elias,Atacante,75,25
2013,Botafogo de Futebol e Regatas,Bruno Mendes,Atacante,69,9
2013,Botafogo de Futebol e Regatas,Hyuri,Atacante,66,17
2013,Botafogo de Futebol e Regatas,Henrique Almeida,Atacante,59,13
2013,Botafogo de Futebol e Regatas,Sassá,Atacante,55,4
2013,CR Flamengo,Felipe,Goleiro,67,25
2013,CR Flamengo,Paulo Victor,Goleiro,63,13
2013,CR Flamengo,César,Goleiro,54,1
2013,CR Flamengo,Luan Polli,Goleiro,54,0
2013,CR Flamengo,João Paulo,Lateral,67,29
2013,CR Flamengo,Digão,Lateral,57,7
2013,CR Flamengo,Pablo Andrade,Lateral,54,0
2013,CR Flamengo,Wallace,Zagueiro,69,30
2013,CR Flamengo,Samir Caetano,Zagueiro,59,13
2013,CR Flamengo,Welinton,Zagueiro,56,1
2013,CR Flamengo,Val,Volante,59,13
2013,CR Flamengo,Diego Silva,Volante,59,14
2013,CR Flamengo,Gabriel,Meia,69,29
2013,CR Flamengo,Carlos Eduardo,Meia,69,24
2013,CR Flamengo,Adryan,Meia,64,14
2013,CR Flamengo,Renato Abreu,Meia,62,4
2013,CR Flamengo,Fernandinho,Ponta,56,5
2013,CR Flamengo,Hernane,Atacante,81,31
2013,CR Flamengo,Marcelo Moreno Martins,Atacante,64,16
2013,Clube Atlético Mineiro,Victor,Goleiro,70,29
2013,Clube Atlético Mineiro,Giovanni,Goleiro,61,10
2013,Clube Atlético Mineiro,Marcos Rocha,Lateral,68,29
2013,Clube Atlético Mineiro,Michel Macedo,Lateral,61,12
2013,Clube Atlético Mineiro,Carlos César,Lateral,56,6
2013,Clube Atlético Mineiro,Leonardo Silva,Zagueiro,66,30
2013,Clube Atlético Mineiro,Réver,Zagueiro,63,23
2013,Clube Atlético Mineiro,Emerson,Zagueiro,59,13
2013,Clube Atlético Mineiro,Jemerson,Zagueiro,56,5
2013,Clube Atlético Mineiro,Josué,Volante,65,30
2013,Clube Atlético Mineiro,Pierre,Volante,65,31
2013,Clube Atlético Mineiro,Rosinei,Volante,63,20
2013,Clube Atlético Mineiro,Leandro Donizete,Volante,61,15
2013,Clube Atlético Mineiro,Gilberto Silva,Volante,57,9
2013,Clube Atlético Mineiro,Lucas Cândido,Meia,61,15
2013,Clube Atlético Mineiro,Danielzinho,Meia,54,1
2013,Clube Atlético Mineiro,Ronaldinho,Ponta,75,14
2013,Clube Atlético Mineiro,Luan,Ponta,74,35
2013,Clube Atlético Mineiro,Neto Berola,Ponta,67,22
2013,Clube Atlético Mineiro,Jesús Dátolo,Ponta,60,11
2013,Clube Atlético Mineiro,Alecsandro,Atacante,73,26
2013,Clube Atlético Mineiro,Diego Tardelli,Atacante,72,26
2013,Clube Atlético Mineiro,Jô,Atacante,70,21
2013,Clube Náutico Capibaribe,Felipe Garcia,Goleiro,55,3
2013,Clube Náutico Capibaribe,Jefferson,Goleiro,54,0
2013,Clube Náutico Capibaribe,Bruno Collaço,Lateral,63,24
2013,Clube Náutico Capibaribe,Maranhão,Lateral,62,18
2013,Clube Náutico Capibaribe,Eltinho,Lateral,56,5
2013,Clube Náutico Capibaribe,Oziel,Lateral,54,1
2013,Clube Náutico Capibaribe,João Filipe,Zagueiro,62,22
2013,Clube Náutico Capibaribe,William Alves,Zagueiro,62,23
2013,Clube Náutico Capibaribe,Diego Silva,Zagueiro,56,5
2013,Clube Náutico Capibaribe,Gustavo Henrique,Zagueiro,55,3
2013,Clube Náutico Capibaribe,Elicarlos,Volante,66,32
2013,Clube Náutico Capibaribe,Derley,Volante,66,28
2013,Clube Náutico Capibaribe,Auremir,Volante,65,23
2013,Clube Náutico Capibaribe,Helder,Volante,57,9
2013,Clube Náutico Capibaribe,Josa,Volante,55,4
2013,Clube Náutico Capibaribe,Tiago Real,Meia,69,27
2013,Clube Náutico Capibaribe,Diego Morales,Meia,65,18
2013,Clube Náutico Capibaribe,Maikon Leite,Ponta,73,23
2013,Clube Náutico Capibaribe,Rogério,Ponta,67,23
2013,Clube Náutico Capibaribe,Hugo Cabral,Atacante,64,18
2013,Clube Náutico Capibaribe,Caion,Atacante,62,5
2013,Clube Náutico Capibaribe,Jonatas Belusso,Atacante,56,6
2013,Clube Náutico Capibaribe,Élton,Atacante,55,2
2013,Clube de Regatas Vasco da Gama,Diogo Silva,Goleiro,65,22
2013,Clube de Regatas Vasco da Gama,Michel Alves,Goleiro,60,8
2013,Clube de Regatas Vasco da Gama,Fagner,Lateral,69,26
2013,Clube de Regatas Vasco da Gama,Elsinho,Lateral,59,5
2013,Clube de Regatas Vasco da Gama,Henrique Silva,Lateral,58,11
2013,Clube de Regatas Vasco da Gama,Nei,Lateral,58,12
2013,Clube de Regatas Vasco da Gama,Rafael Vaz,Zagueiro,62,14
2013,Clube de Regatas Vasco da Gama,Luan,Zagueiro,59,9
2013,Clube de Regatas Vasco da Gama,Abuda,Volante,62,20
2013,Clube de Regatas Vasco da Gama,Sandro Silva,Volante,60,17
2013,Clube de Regatas Vasco da Gama,Marlone,Meia,73,26
2013,Clube de Regatas Vasco da Gama,Pedro Ken,Meia,71,31
2013,Clube de Regatas Vasco da Gama,Willie,Meia,70,16
2013,Clube de Regatas Vasco da Gama,Yoshimar Yotún,Meia,65,23
2013,Clube de Regatas Vasco da Gama,Bernardo,Meia,62,4
2013,Clube de Regatas Vasco da Gama,Alisson,Meia,61,6
2013,Clube de Regatas Vasco da Gama,Fellipe Bastos,Meia,61,6
2013,Clube de Regatas Vasco da Gama,Wendel,Ponta,66,26
2013,Clube de Regatas Vasco da Gama,Éder Luís,Ponta,60,11
2013,Clube de Regatas Vasco da Gama,André Felipe,Atacante,81,27
2013,Clube de Regatas Vasco da Gama,Edmílson,Atacante,73,27
2013,Clube de Regatas Vasco da Gama,Reginaldo,Atacante,57,7
2013,Clube de Regatas Vasco da Gama,Robinho,Atacante,55,4
2013,Coritiba Foot Ball Club,Vanderlei,Goleiro,71,36
2013,Coritiba Foot Ball Club,Vaná Alves,Goleiro,61,2
2013,Coritiba Foot Ball Club,Diogo Barbosa,Lateral,63,24
2013,Coritiba Foot Ball Club,Sergio Escudero,Lateral,59,8
2013,Coritiba Foot Ball Club,Carlinhos,Lateral,57,9
2013,Coritiba Foot Ball Club,Leandro Almeida,Zagueiro,68,26
2013,Coritiba Foot Ball Club,Chico,Zagueiro,66,29
2013,Coritiba Foot Ball Club,Luccas Claro,Zagueiro,63,20
2013,Coritiba Foot Ball Club,Gil,Volante,67,30
2013,Coritiba Foot Ball Club,Willian Farias,Volante,62,21
2013,Coritiba Foot Ball Club,Germano,Volante,57,7
2013,Coritiba Foot Ball Club,Emerson Santos,Volante,56,6
2013,Coritiba Foot Ball Club,Alex,Meia,79,29
2013,Coritiba Foot Ball Club,Robinho,Meia,74,29
2013,Coritiba Foot Ball Club,Lincoln,Meia,70,28
2013,Coritiba Foot Ball Club,Victor Ferraz,Meia,69,30
2013,Coritiba Foot Ball Club,Júnior Urso,Meia,64,23
2013,Coritiba Foot Ball Club,Geraldo,Ponta,67,20
2013,Coritiba Foot Ball Club,Arthur Caíke,Ponta,60,8
2013,Coritiba Foot Ball Club,Júlio César,Atacante,66,18
2013,Coritiba Foot Ball Club,Bill,Atacante,61,13
2013,Coritiba Foot Ball Club,Keirrison,Atacante,61,10
2013,Coritiba Foot Ball Club,Éverton Costa,Atacante,56,6
2013,Criciúma Esporte Clube,Galatto,Goleiro,62,17
2013,Criciúma Esporte Clube,Helton Leite,Goleiro,59,11
2013,Criciúma Esporte Clube,Bruno Brígido,Goleiro,59,11
2013,Criciúma Esporte Clube,Marlon,Lateral,69,34
2013,Criciúma Esporte Clube,Gilson,Lateral,60,17
2013,Criciúma Esporte Clube,Matheus Ferraz,Zagueiro,68,32
2013,Criciúma Esporte Clube,Éwerton Páscoa,Zagueiro,61,18
2013,Criciúma Esporte Clube,Leonardo,Zagueiro,61,15
2013,Criciúma Esporte Clube,João Vitor,Volante,68,27
2013,Criciúma Esporte Clube,Elton,Volante,63,23
2013,Criciúma Esporte Clube,Serginho,Volante,63,20
2013,Criciúma Esporte Clube,Amaral,Volante,58,10
2013,Criciúma Esporte Clube,Bruno Renan,Volante,57,9
2013,Criciúma Esporte Clube,Henik,Volante,57,9
2013,Criciúma Esporte Clube,Morais,Meia,63,15
2013,Criciúma Esporte Clube,Ivo,Meia,63,16
2013,Criciúma Esporte Clube,André Gava,Meia,57,7
2013,Criciúma Esporte Clube,Fabinho,Ponta,65,20
2013,Criciúma Esporte Clube,Wellington Paulista,Atacante,78,24
2013,Criciúma Esporte Clube,Lins,Atacante,76,35
2013,Criciúma Esporte Clube,Marcel,Atacante,65,22
2013,Criciúma Esporte Clube,Cassiano,Atacante,58,12
2013,Criciúma Esporte Clube,Douglas,Atacante,57,7
2013,Cruzeiro Esporte Clube,Fábio,Goleiro,72,36
2013,Cruzeiro Esporte Clube,Rafael,Goleiro,55,2
2013,Cruzeiro Esporte Clube,Egídio,Lateral,71,35
2013,Cruzeiro Esporte Clube,Mayke,Lateral,66,22
2013,Cruzeiro Esporte Clube,Ceará,Lateral,65,26
2013,Cruzeiro Esporte Clube,Dedé,Zagueiro,66,31
2013,Cruzeiro Esporte Clube,Paulão,Zagueiro,62,2
2013,Cruzeiro Esporte Clube,Nilton,Volante,69,30
2013,Cruzeiro Esporte Clube,Lucas Silva,Volante,64,23
2013,Cruzeiro Esporte Clube,Souza,Volante,62,13
2013,Cruzeiro Esporte Clube,Everton Ribeiro,Meia,80,35
2013,Cruzeiro Esporte Clube,Júlio Baptista,Meia,74,13
2013,Cruzeiro Esporte Clube,Tinga,Meia,60,8
2013,Cruzeiro Esporte Clube,Alisson,Meia,60,9
2013,Cruzeiro Esporte Clube,Luan,Ponta,70,16
2013,Cruzeiro Esporte Clube,Lucca,Ponta,63,9
2013,Cruzeiro Esporte Clube,Willian Bigode,Atacante,76,26
2013,Cruzeiro Esporte Clube,Ricardo Goulart,Atacante,75,33
2013,Cruzeiro Esporte Clube,Vinícius Araújo,Atacante,75,16
2013,Cruzeiro Esporte Clube,Dagoberto,Atacante,68,22
2013,Cruzeiro Esporte Clube,Diego Souza,Atacante,67,6
2013,Cruzeiro Esporte Clube,Anselmo Ramon,Atacante,61,8
2013,Cruzeiro Esporte Clube,Alejandro Martinuccio,Atacante,57,7
2013,Esporte Clube Bahia,Marcelo Lomba,Goleiro,72,37
2013,Esporte Clube Bahia,Douglas Pires,Goleiro,54,0
2013,Esporte Clube Bahia,Madson,Lateral,64,28
2013,Esporte Clube Bahia,Erick Daltro,Lateral,61,1
2013,Esporte Clube Bahia,Jussandro,Lateral,58,12
2013,Esporte Clube Bahia,Titi,Zagueiro,66,32
2013,Esporte Clube Bahia,Lucas Fonseca,Zagueiro,65,29
2013,Esporte Clube Bahia,Demerson,Zagueiro,58,11
2013,Esporte Clube Bahia,Rafael Donato,Zagueiro,57,7
2013,Esporte Clube Bahia,Rafael Miranda,Volante,66,25
2013,Esporte Clube Bahia,Fahel,Volante,65,26
2013,Esporte Clube Bahia,Fabricio Lusa,Volante,61,18
2013,Esporte Clube Bahia,Marquinhos Gabriel,Meia,71,31
2013,Esporte Clube Bahia,Talisca,Meia,67,21
2013,Esporte Clube Bahia,Ítalo Melo,Meia,55,2
2013,Esporte Clube Bahia,Freddy Adu,Meia,55,2
2013,Esporte Clube Bahia,Ryder Matos,Ponta,69,5
2013,Esporte Clube Bahia,Fernandão,Atacante,80,34
2013,Esporte Clube Bahia,Wallyson,Atacante,67,25
2013,Esporte Clube Bahia,William Barbio,Atacante,66,22
2013,Esporte Clube Bahia,Souza,Atacante,59,14
2013,Esporte Clube Bahia,Zé Roberto,Atacante,54,0
2013,Esporte Clube Vitória,Wilson,Goleiro,70,38
2013,Esporte Clube Vitória,Fernando Miguel,Goleiro,54,0
2013,Esporte Clube Vitória,Ayrton,Lateral,67,22
2013,Esporte Clube Vitória,Nino Paraíba,Lateral,59,7
2013,Esporte Clube Vitória,Victor Ramos,Zagueiro,67,33
2013,Esporte Clube Vitória,Gabriel Paulista,Zagueiro,62,14
2013,Esporte Clube Vitória,Kadu,Zagueiro,61,18
2013,Esporte Clube Vitória,Fabrício,Zagueiro,61,11
2013,Esporte Clube Vitória,Luiz Gustavo,Zagueiro,58,11
2013,Esporte Clube Vitória,Reniê,Zagueiro,55,3
2013,Esporte Clube Vitória,Mansur,Zagueiro,55,3
2013,Esporte Clube Vitória,Michel,Volante,63,22
2013,Esporte Clube Vitória,Damián Escudero,Meia,71,27
2013,Esporte Clube Vitória,Renato Cajá,Meia,71,32
2013,Esporte Clube Vitória,Camacho,Meia,57,7
2013,Esporte Clube Vitória,Leílson,Meia,56,6
2013,Esporte Clube Vitória,Felipe Lima,Meia,55,3
2013,Esporte Clube Vitória,Marquinhos,Ponta,76,30
2013,Esporte Clube Vitória,Euller,Ponta,60,9
2013,Esporte Clube Vitória,Dinei,Atacante,81,35
2013,Esporte Clube Vitória,Pedro Oldoni,Atacante,62,5
2013,Esporte Clube Vitória,Alemão,Atacante,61,9
2013,Esporte Clube Vitória,Rômulo,Atacante,55,4
2013,Fluminense Football Club,Diego Cavalieri,Goleiro,71,29
2013,Fluminense Football Club,Kléver,Goleiro,55,4
2013,Fluminense Football Club,Bruno,Lateral,63,20
2013,Fluminense Football Club,Igor Julião,Lateral,61,20
2013,Fluminense Football Club,Fabián Monzón,Lateral,59,2
2013,Fluminense Football Club,Wellington Silva,Lateral,56,6
2013,Fluminense Football Club,Aílton,Lateral,55,2
2013,Fluminense Football Club,Gum,Zagueiro,69,34
2013,Fluminense Football Club,Wellington Carvalho,Zagueiro,54,0
2013,Fluminense Football Club,Marlon,Zagueiro,54,0
2013,Fluminense Football Club,Edinho,Volante,67,34
2013,Fluminense Football Club,Willian Oliveira,Volante,57,8
2013,Fluminense Football Club,Fábio Braga,Volante,56,6
2013,Fluminense Football Club,Edwin Valencia,Volante,55,3
2013,Fluminense Football Club,Rhayner,Meia,63,22
2013,Fluminense Football Club,Deco,Meia,56,5
2013,Fluminense Football Club,Thiago Neves,Meia,55,2
2013,Fluminense Football Club,Wellington Nem,Ponta,78,1
2013,Fluminense Football Club,Kenedy,Ponta,63,9
2013,Fluminense Football Club,Rafael Sóbis,Atacante,76,36
2013,Fluminense Football Club,Deni Júnior,Atacante,70,2
2013,Fluminense Football Club,Samuel Rosa,Atacante,68,24
2013,Fluminense Football Club,Fred,Atacante,67,9
2013,Goiás EC,Renan Soares,Goleiro,71,36
2013,Goiás EC,Édson,Goleiro,66,1
2013,Goiás EC,William Matheus,Lateral,69,34
2013,Goiás EC,Vítor,Lateral,66,29
2013,Goiás EC,Ernando,Zagueiro,67,33
2013,Goiás EC,Valmir Lucas,Zagueiro,60,17
2013,Goiás EC,Amaral,Volante,66,29
2013,Goiás EC,Thiago Mendes,Volante,65,27
2013,Goiás EC,Juliano Pacheco,Volante,56,5
2013,Goiás EC,Renan Oliveira,Meia,71,32
2013,Goiás EC,Ramón,Meia,70,30
2013,Goiás EC,Hugo,Meia,70,30
2013,Goiás EC,David,Meia,66,23
2013,Goiás EC,Dudu Cearense,Meia,64,19
2013,Goiás EC,Tartá,Meia,63,15
2013,Goiás EC,Welinton Junior,Ponta,65,6
2013,Goiás EC,Erik,Ponta,55,4
2013,Goiás EC,Walter,Atacante,78,32
2013,Goiás EC,Eduardo Sasha,Atacante,67,16
2013,Goiás EC,Araújo,Atacante,59,14
2013,Goiás EC,Neto Baiano,Atacante,59,13
2013,Goiás EC,Júnior Viçosa,Atacante,57,9
2013,Goiás EC,Léo Bonatini,Atacante,57,6
2013,Grêmio Foot-Ball Porto Alegrense,Dida,Goleiro,73,37
2013,Grêmio Foot-Ball Porto Alegrense,Alex Telles,Lateral,72,36
2013,Grêmio Foot-Ball Porto Alegrense,Pará,Lateral,67,35
2013,Grêmio Foot-Ball Porto Alegrense,Wendell,Lateral,57,9
2013,Grêmio Foot-Ball Porto Alegrense,Souza,Zagueiro,73,31
2013,Grêmio Foot-Ball Porto Alegrense,Bressan,Zagueiro,69,36
2013,Grêmio Foot-Ball Porto Alegrense,Rhodolfo,Zagueiro,69,24
2013,Grêmio Foot-Ball Porto Alegrense,Werley,Zagueiro,64,25
2013,Grêmio Foot-Ball Porto Alegrense,Saimon,Zagueiro,57,9
2013,Grêmio Foot-Ball Porto Alegrense,Rafael Thyere,Zagueiro,54,0
2013,Grêmio Foot-Ball Porto Alegrense,Fernando,Volante,62,1
2013,Grêmio Foot-Ball Porto Alegrense,Moisés,Volante,55,4
2013,Grêmio Foot-Ball Porto Alegrense,Ramiro,Meia,68,29
2013,Grêmio Foot-Ball Porto Alegrense,Guilherme Biteco,Meia,60,10
2013,Grêmio Foot-Ball Porto Alegrense,Matheus Biteco,Meia,60,11
2013,Grêmio Foot-Ball Porto Alegrense,Zé Roberto,Ponta,69,22
2013,Grêmio Foot-Ball Porto Alegrense,Paulinho Moccelin,Ponta,60,9
2013,Grêmio Foot-Ball Porto Alegrense,Calyson,Ponta,54,0
2013,Grêmio Foot-Ball Porto Alegrense,Hernán Barcos,Atacante,80,37
2013,Grêmio Foot-Ball Porto Alegrense,Eduardo Vargas,Atacante,77,18
2013,Grêmio Foot-Ball Porto Alegrense,Kléber,Atacante,71,34
2013,Grêmio Foot-Ball Porto Alegrense,Welliton,Atacante,60,4
2013,Grêmio Foot-Ball Porto Alegrense,Yuri Mamute,Atacante,57,8
2013,Portuguesa,Lauro,Goleiro,70,32
2013,Portuguesa,Glédson,Goleiro,60,6
2013,Portuguesa,Ivan,Lateral,55,3
2013,Portuguesa,Valdomiro,Zagueiro,68,36
2013,Portuguesa,Lima,Zagueiro,60,17
2013,Portuguesa,Luan Peres,Zagueiro,54,0
2013,Portuguesa,Corrêa,Volante,69,30
2013,Portuguesa,Bruno Lima,Volante,59,9
2013,Portuguesa,Willian Arão,Volante,59,13
2013,Portuguesa,Renan Paulino,Volante,54,0
2013,Portuguesa,Moisés,Meia,70,31
2013,Portuguesa,Bruno Henrique,Meia,69,29
2013,Portuguesa,Carlos Alberto,Meia,55,4
2013,Portuguesa,Gabriel Xavier,Ponta,54,0
2013,Portuguesa,Gilberto,Atacante,81,24
2013,Portuguesa,Bruno Moraes,Atacante,65,7
2013,Portuguesa,Bérgson,Atacante,64,15
2013,Portuguesa,Henrique Dourado,Atacante,63,12
2013,Portuguesa,Michel Douglas,Atacante,61,6
2013,Santos FC,Aranha,Goleiro,70,32
2013,Santos FC,Rafael Cabral,Goleiro,66,5
2013,Santos FC,Cicinho,Lateral,67,25
2013,Santos FC,Emerson,Lateral,62,14
2013,Santos FC,Bruno Peres,Lateral,60,11
2013,Santos FC,Léo,Lateral,60,14
2013,Santos FC,Gustavo Henrique,Zagueiro,65,25
2013,Santos FC,Alan Santos,Zagueiro,63,20
2013,Santos FC,Arouca,Volante,66,26
2013,Santos FC,Alison,Volante,64,26
2013,Santos FC,Cícero,Meia,80,37
2013,Santos FC,Walter Montillo,Meia,77,26
2013,Santos FC,Rafael Galhardo,Meia,61,12
2013,Santos FC,Renato Abreu,Meia,60,9
2013,Santos FC,Renê Júnior,Meia,59,13
2013,Santos FC,Pedro Castro,Meia,57,9
2013,Santos FC,Thiago Ribeiro,Ponta,78,24
2013,Santos FC,Neilton,Ponta,68,14
2013,Santos FC,Felipe Anderson,Ponta,62,3
2013,Santos FC,Geuvânio,Ponta,60,7
2013,Santos FC,Willian José,Atacante,72,23
2013,Santos FC,Éverton Costa,Atacante,64,16
2013,Santos FC,Gabriel Barbosa,Atacante,61,11
2013,Sport Club Corinthians Paulista,Cássio,Goleiro,72,29
2013,Sport Club Corinthians Paulista,Walter,Goleiro,64,8
2013,Sport Club Corinthians Paulista,Danilo Fernandes,Goleiro,59,3
2013,Sport Club Corinthians Paulista,Fábio Santos,Lateral,61,19
2013,Sport Club Corinthians Paulista,Igor Fernandes,Lateral,59,13
2013,Sport Club Corinthians Paulista,Gil,Zagueiro,73,36
2013,Sport Club Corinthians Paulista,Paulo André,Zagueiro,65,29
2013,Sport Club Corinthians Paulista,Cléber Reis,Zagueiro,61,5
2013,Sport Club Corinthians Paulista,Felipe,Zagueiro,56,6
2013,Sport Club Corinthians Paulista,Guilherme,Volante,71,27
2013,Sport Club Corinthians Paulista,Willian Arão,Volante,55,2
2013,Sport Club Corinthians Paulista,Paulinho,Meia,80,1
2013,Sport Club Corinthians Paulista,Edenilson,Meia,72,36
2013,Sport Club Corinthians Paulista,Douglas,Meia,69,31
2013,Sport Club Corinthians Paulista,Renato Augusto,Meia,69,15
2013,Sport Club Corinthians Paulista,Danilo,Meia,68,30
2013,Sport Club Corinthians Paulista,Rodriguinho,Meia,57,8
2013,Sport Club Corinthians Paulista,Léo Artur,Meia,56,5
2013,Sport Club Corinthians Paulista,Emerson,Ponta,69,30
2013,Sport Club Corinthians Paulista,Paulinho,Ponta,55,4
2013,Sport Club Corinthians Paulista,Zhizhao Chen,Ponta,54,1
2013,Sport Club Corinthians Paulista,Alexandre Pato,Atacante,83,30
2013,Sport Club Corinthians Paulista,Paolo Guerrero,Atacante,69,17
2013,Sport Club Internacional,Muriel,Goleiro,73,32
2013,Sport Club Internacional,Alisson,Goleiro,60,6
2013,Sport Club Internacional,Fabrício,Lateral,66,29
2013,Sport Club Internacional,Kléber,Lateral,63,19
2013,Sport Club Internacional,Ednei,Lateral,58,11
2013,Sport Club Internacional,Juan,Zagueiro,67,32
2013,Sport Club Internacional,Jackson,Zagueiro,60,12
2013,Sport Club Internacional,Índio,Zagueiro,60,15
2013,Sport Club Internacional,Alan Costa,Zagueiro,57,8
2013,Sport Club Internacional,Willians,Volante,72,31
2013,Sport Club Internacional,Josimar,Volante,62,22
2013,Sport Club Internacional,Ygor,Volante,58,11
2013,Sport Club Internacional,João Afonso,Volante,57,9
2013,Sport Club Internacional,Jogador 3445,Meia,81,35
2013,Sport Club Internacional,Otávio,Meia,72,26
2013,Sport Club Internacional,Jorge Henrique,Meia,68,23
2013,Sport Club Internacional,Alex,Meia,62,18
2013,Sport Club Internacional,Mike,Ponta,55,3
2013,Sport Club Internacional,Jesús Dátolo,Ponta,55,4
2013,Sport Club Internacional,Leandro Damião,Atacante,79,26
2013,Sport Club Internacional,Ignacio Scocco,Atacante,72,17
2013,Sport Club Internacional,Diego Forlán,Atacante,70,15
2013,Sport Club Internacional,Rafael Moura,Atacante,66,17
2013,São Paulo Futebol Clube,Léo Vieira,Goleiro,54,0
2013,São Paulo Futebol Clube,Renan Ribeiro,Goleiro,54,0
2013,São Paulo Futebol Clube,Douglas,Lateral,68,26
2013,São Paulo Futebol Clube,Reinaldo,Lateral,66,26
2013,São Paulo Futebol Clube,Thiago Carleto,Lateral,63,3
2013,São Paulo Futebol Clube,Rodrigo Caio,Zagueiro,69,36
2013,São Paulo Futebol Clube,Rafael Tolói,Zagueiro,66,15
2013,São Paulo Futebol Clube,Antônio Carlos,Zagueiro,63,16
2013,São Paulo Futebol Clube,Lúcio,Zagueiro,60,10
2013,São Paulo Futebol Clube,Édson Silva,Zagueiro,58,10
2013,São Paulo Futebol Clube,Wellington,Volante,65,29
2013,São Paulo Futebol Clube,Denílson,Volante,60,17
2013,São Paulo Futebol Clube,Fabrício,Volante,60,15
2013,São Paulo Futebol Clube,Ganso,Meia,77,31
2013,São Paulo Futebol Clube,Jádson,Meia,65,21
2013,São Paulo Futebol Clube,Lucas Evangelista,Meia,62,19
2013,São Paulo Futebol Clube,Osvaldo,Ponta,65,26
2013,São Paulo Futebol Clube,Silvinho,Ponta,61,6
2013,São Paulo Futebol Clube,Negueba,Ponta,56,5
2013,São Paulo Futebol Clube,Aloísio,Atacante,76,33
2013,São Paulo Futebol Clube,Luís Fabiano,Atacante,70,24
2013,São Paulo Futebol Clube,Welliton,Atacante,70,15
2013,São Paulo Futebol Clube,Ademilson,Atacante,65,21
2014,Associação Chapecoense de Futebol,Danilo,Goleiro,72,37
2014,Associação Chapecoense de Futebol,Nivaldo,Goleiro,55,2
2014,Associação Chapecoense de Futebol,Ednei,Lateral,61,16
2014,Associação Chapecoense de Futebol,Jussandro,Lateral,59,5
2014,Associação Chapecoense de Futebol,Fabiano,Zagueiro,67,31
2014,Associação Chapecoense de Futebol,Rafael Lima,Zagueiro,66,32
2014,Associação Chapecoense de Futebol,Douglas Grolli,Zagueiro,63,19
2014,Associação Chapecoense de Futebol,Enrique Meza,Zagueiro,59,4
2014,Associação Chapecoense de Futebol,Neuton,Zagueiro,58,9
2014,Associação Chapecoense de Futebol,Wanderson,Volante,66,30
2014,Associação Chapecoense de Futebol,Abuda,Volante,65,23
2014,Associação Chapecoense de Futebol,Ricardo Conceição,Volante,64,19
2014,Associação Chapecoense de Futebol,Camilo,Meia,72,25
2014,Associação Chapecoense de Futebol,Bruno Silva,Meia,67,20
2014,Associação Chapecoense de Futebol,Neném,Meia,61,15
2014,Associação Chapecoense de Futebol,Régis,Meia,61,5
2014,Associação Chapecoense de Futebol,Hyoran,Meia,55,4
2014,Associação Chapecoense de Futebol,Mailson,Ponta,55,4
2014,Associação Chapecoense de Futebol,Leandro Pereira,Atacante,75,24
2014,Associação Chapecoense de Futebol,Tiago Luis,Atacante,69,26
2014,Associação Chapecoense de Futebol,Bruno Rangel,Atacante,66,20
2014,Associação Chapecoense de Futebol,Alemão,Atacante,63,4
2014,Associação Chapecoense de Futebol,Bérgson,Atacante,57,7
2014,Atlético Paranaense,Weverton,Goleiro,71,35
2014,Atlético Paranaense,Santos,Goleiro,59,3
2014,Atlético Paranaense,Natanael,Lateral,69,31
2014,Atlético Paranaense,Lucas Olaza,Lateral,59,6
2014,Atlético Paranaense,Sidcley,Lateral,57,7
2014,Atlético Paranaense,Cleberson,Zagueiro,69,34
2014,Atlético Paranaense,Gustavo,Zagueiro,60,16
2014,Atlético Paranaense,Léo Pereira,Zagueiro,59,14
2014,Atlético Paranaense,Deivid,Volante,66,33
2014,Atlético Paranaense,Paulinho Dias,Volante,63,23
2014,Atlético Paranaense,João Paulo,Volante,60,15
2014,Atlético Paranaense,Otávio,Volante,60,17
2014,Atlético Paranaense,Felipe Silva,Meia,64,3
2014,Atlético Paranaense,Hernani,Meia,61,15
2014,Atlético Paranaense,Nathan,Meia,60,11
2014,Atlético Paranaense,Marcelo Cirino,Ponta,74,33
2014,Atlético Paranaense,Marcos Guilherme,Ponta,73,36
2014,Atlético Paranaense,Cléo,Atacante,75,20
2014,Atlético Paranaense,Douglas Coutinho,Atacante,74,28
2014,Atlético Paranaense,Dellatorre,Atacante,67,18
2014,Atlético Paranaense,Mosquito,Atacante,61,11
2014,Atlético Paranaense,Éderson,Atacante,61,12
2014,Atlético Paranaense,Bruno Mendes,Atacante,56,3
2014,Botafogo de Futebol e Regatas,Jefferson,Goleiro,67,27
2014,Botafogo de Futebol e Regatas,Helton Leite,Goleiro,63,3
2014,Botafogo de Futebol e Regatas,Renan,Goleiro,58,4
2014,Botafogo de Futebol e Regatas,Andrey Ventura,Goleiro,55,4
2014,Botafogo de Futebol e Regatas,Edílson,Lateral,62,16
2014,Botafogo de Futebol e Regatas,Lucas,Lateral,61,11
2014,Botafogo de Futebol e Regatas,Matheus Dória,Zagueiro,65,10
2014,Botafogo de Futebol e Regatas,Bolívar,Zagueiro,63,24
2014,Botafogo de Futebol e Regatas,Gabriel,Volante,67,35
2014,Botafogo de Futebol e Regatas,Mario Bolatti,Volante,67,26
2014,Botafogo de Futebol e Regatas,Marcelo Mattos,Volante,56,5
2014,Botafogo de Futebol e Regatas,Daniel,Meia,73,13
2014,Botafogo de Futebol e Regatas,Carlos Alberto,Meia,61,13
2014,Botafogo de Futebol e Regatas,Gegê,Meia,57,9
2014,Botafogo de Futebol e Regatas,Nicolás Lodeiro,Meia,55,3
2014,Botafogo de Futebol e Regatas,Renato,Meia,54,0
2014,Botafogo de Futebol e Regatas,Emerson,Ponta,72,15
2014,Botafogo de Futebol e Regatas,Rogério,Ponta,63,17
2014,Botafogo de Futebol e Regatas,Murilo,Ponta,58,11
2014,Botafogo de Futebol e Regatas,Jorge Wagner,Ponta,57,8
2014,Botafogo de Futebol e Regatas,Wallyson,Atacante,69,25
2014,Botafogo de Futebol e Regatas,Yuri Mamute,Atacante,60,17
2014,Botafogo de Futebol e Regatas,Sassá,Atacante,56,2
2014,CR Flamengo,Paulo Victor,Goleiro,70,29
2014,CR Flamengo,César,Goleiro,66,1
2014,CR Flamengo,Felipe,Goleiro,58,8
2014,CR Flamengo,João Paulo,Lateral,67,28
2014,CR Flamengo,Léo Morais,Lateral,62,3
2014,CR Flamengo,Anderson Pico,Lateral,62,9
2014,CR Flamengo,Digão,Lateral,54,0
2014,CR Flamengo,Wallace,Zagueiro,70,31
2014,CR Flamengo,Samir Caetano,Zagueiro,66,17
2014,CR Flamengo,Frickson Erazo,Zagueiro,62,2
2014,CR Flamengo,Marcelo,Zagueiro,61,17
2014,CR Flamengo,Márcio Araújo,Volante,67,32
2014,CR Flamengo,Lucas Mugni,Meia,71,25
2014,CR Flamengo,Héctor Canteros,Meia,71,24
2014,CR Flamengo,Gabriel,Meia,68,21
2014,CR Flamengo,Mattheus,Meia,56,2
2014,CR Flamengo,Éverton,Ponta,72,28
2014,CR Flamengo,Negueba,Ponta,58,11
2014,CR Flamengo,Arthur Caíke,Ponta,58,12
2014,CR Flamengo,Eduardo,Atacante,79,18
2014,CR Flamengo,Alecsandro,Atacante,72,24
2014,CR Flamengo,Élton,Atacante,63,12
2014,CR Flamengo,Hernane,Atacante,54,1
2014,Clube Atlético Mineiro,Victor,Goleiro,70,32
2014,Clube Atlético Mineiro,Giovanni,Goleiro,61,5
2014,Clube Atlético Mineiro,Douglas Santos,Lateral,66,13
2014,Clube Atlético Mineiro,Alex Silva,Lateral,64,22
2014,Clube Atlético Mineiro,Émerson Conceição,Lateral,63,17
2014,Clube Atlético Mineiro,Marcos Rocha,Lateral,63,20
2014,Clube Atlético Mineiro,Leonardo Silva,Zagueiro,65,24
2014,Clube Atlético Mineiro,Jemerson,Zagueiro,62,22
2014,Clube Atlético Mineiro,Edcarlos,Zagueiro,60,17
2014,Clube Atlético Mineiro,Josué,Volante,65,23
2014,Clube Atlético Mineiro,Rafael Carioca,Volante,65,9
2014,Clube Atlético Mineiro,Leandro Donizete,Volante,64,22
2014,Clube Atlético Mineiro,Pierre,Volante,62,21
2014,Clube Atlético Mineiro,Eduardo Henrique,Volante,60,12
2014,Clube Atlético Mineiro,Maicosuel,Meia,71,15
2014,Clube Atlético Mineiro,Danielzinho,Meia,54,1
2014,Clube Atlético Mineiro,Jesús Dátolo,Ponta,78,27
2014,Clube Atlético Mineiro,Dodô,Ponta,73,8
2014,Clube Atlético Mineiro,Luan,Ponta,72,20
2014,Clube Atlético Mineiro,Carlos Júnior,Ponta,68,22
2014,Clube Atlético Mineiro,Diego Tardelli,Atacante,75,24
2014,Clube Atlético Mineiro,André Felipe,Atacante,71,20
2014,Clube Atlético Mineiro,Jô,Atacante,60,16
2014,Coritiba Foot Ball Club,Vanderlei,Goleiro,72,38
2014,Coritiba Foot Ball Club,Vaná Alves,Goleiro,54,0
2014,Coritiba Foot Ball Club,Carlinhos,Lateral,68,28
2014,Coritiba Foot Ball Club,Norberto,Lateral,67,30
2014,Coritiba Foot Ball Club,Dener,Lateral,60,12
2014,Coritiba Foot Ball Club,Reginaldo,Lateral,57,8
2014,Coritiba Foot Ball Club,Leandro Almeida,Zagueiro,70,31
2014,Coritiba Foot Ball Club,Luccas Claro,Zagueiro,66,30
2014,Coritiba Foot Ball Club,Welinton,Zagueiro,63,20
2014,Coritiba Foot Ball Club,Chico,Zagueiro,61,9
2014,Coritiba Foot Ball Club,Gil,Volante,61,15
2014,Coritiba Foot Ball Club,Baraka,Volante,60,16
2014,Coritiba Foot Ball Club,Germano,Volante,60,12
2014,Coritiba Foot Ball Club,Sérgio Manoel,Volante,58,10
2014,Coritiba Foot Ball Club,Rosinei,Volante,58,12
2014,Coritiba Foot Ball Club,Alex,Meia,77,26
2014,Coritiba Foot Ball Club,Robinho,Meia,70,30
2014,Coritiba Foot Ball Club,Dudu Figueiredo,Meia,67,24
2014,Coritiba Foot Ball Club,Geraldo,Ponta,60,15
2014,Coritiba Foot Ball Club,Joel Tagueu,Atacante,73,20
2014,Coritiba Foot Ball Club,Keirrison,Atacante,66,16
2014,Coritiba Foot Ball Club,Alejandro Martinuccio,Atacante,63,13
2014,Coritiba Foot Ball Club,Júlio César,Atacante,58,11
2014,Criciúma Esporte Clube,Galatto,Goleiro,63,3
2014,Criciúma Esporte Clube,Bruno Brígido,Goleiro,62,19
2014,Criciúma Esporte Clube,Edson Mardden,Goleiro,55,3
2014,Criciúma Esporte Clube,Bruno Cortez,Lateral,65,21
2014,Criciúma Esporte Clube,Giovanni,Lateral,64,26
2014,Criciúma Esporte Clube,Eduardo,Lateral,64,25
2014,Criciúma Esporte Clube,Sergio Escudero,Lateral,57,8
2014,Criciúma Esporte Clube,Maicon Silva,Lateral,56,5
2014,Criciúma Esporte Clube,Joílson,Zagueiro,59,10
2014,Criciúma Esporte Clube,Rafael Pereira,Zagueiro,59,8
2014,Criciúma Esporte Clube,João Vitor,Volante,68,32
2014,Criciúma Esporte Clube,Serginho,Volante,67,26
2014,Criciúma Esporte Clube,Gustavo Barreto,Volante,55,3
2014,Criciúma Esporte Clube,Maylson,Volante,55,4
2014,Criciúma Esporte Clube,Paulo Baier,Meia,70,22
2014,Criciúma Esporte Clube,Cléber Santana,Meia,67,20
2014,Criciúma Esporte Clube,Rafael Costa,Meia,58,10
2014,Criciúma Esporte Clube,Lucca,Ponta,75,26
2014,Criciúma Esporte Clube,Silvinho,Ponta,67,22
2014,Criciúma Esporte Clube,Souza,Atacante,68,13
2014,Criciúma Esporte Clube,Róger Guedes,Atacante,65,3
2014,Criciúma Esporte Clube,Zé Carlos,Atacante,57,9
2014,Criciúma Esporte Clube,Gustavo,Atacante,57,7
2014,Cruzeiro Esporte Clube,Fábio,Goleiro,71,36
2014,Cruzeiro Esporte Clube,Rafael,Goleiro,54,1
2014,Cruzeiro Esporte Clube,Egídio,Lateral,71,31
2014,Cruzeiro Esporte Clube,Mayke,Lateral,69,30
2014,Cruzeiro Esporte Clube,Ceará,Lateral,61,17
2014,Cruzeiro Esporte Clube,Dedé,Zagueiro,64,21
2014,Cruzeiro Esporte Clube,Manoel,Zagueiro,61,13
2014,Cruzeiro Esporte Clube,Wallace,Zagueiro,56,3
2014,Cruzeiro Esporte Clube,Lucas Silva,Volante,72,27
2014,Cruzeiro Esporte Clube,Nilton,Volante,66,25
2014,Cruzeiro Esporte Clube,Souza,Volante,64,5
2014,Cruzeiro Esporte Clube,Willian Farias,Volante,60,14
2014,Cruzeiro Esporte Clube,Everton Ribeiro,Meia,81,31
2014,Cruzeiro Esporte Clube,Júlio Baptista,Meia,69,14
2014,Cruzeiro Esporte Clube,Alisson,Meia,68,15
2014,Cruzeiro Esporte Clube,Marlone,Meia,63,13
2014,Cruzeiro Esporte Clube,Tinga,Meia,56,6
2014,Cruzeiro Esporte Clube,Marquinhos,Ponta,69,18
2014,Cruzeiro Esporte Clube,Luan,Ponta,55,4
2014,Cruzeiro Esporte Clube,Ricardo Goulart,Atacante,81,26
2014,Cruzeiro Esporte Clube,Marcelo Moreno Martins,Atacante,80,32
2014,Cruzeiro Esporte Clube,Willian Bigode,Atacante,71,27
2014,Cruzeiro Esporte Clube,Dagoberto,Atacante,66,21
2014,Esporte Clube Bahia,Marcelo Lomba,Goleiro,71,37
2014,Esporte Clube Bahia,Douglas Pires,Goleiro,55,2
2014,Esporte Clube Bahia,Guilherme Santos,Lateral,67,25
2014,Esporte Clube Bahia,Pará,Lateral,64,20
2014,Esporte Clube Bahia,Roniery,Lateral,60,17
2014,Esporte Clube Bahia,Titi,Zagueiro,66,24
2014,Esporte Clube Bahia,Demerson,Zagueiro,65,28
2014,Esporte Clube Bahia,Lucas Fonseca,Zagueiro,62,22
2014,Esporte Clube Bahia,Anderson Conceição,Zagueiro,54,0
2014,Esporte Clube Bahia,Robson,Zagueiro,54,0
2014,Esporte Clube Bahia,Rafael Miranda,Volante,68,30
2014,Esporte Clube Bahia,Fahel,Volante,66,25
2014,Esporte Clube Bahia,Léo Gago,Volante,60,15
2014,Esporte Clube Bahia,Bruno Paulista,Volante,57,8
2014,Esporte Clube Bahia,Diego Felipe,Volante,54,0
2014,Esporte Clube Bahia,Talisca,Meia,69,9
2014,Esporte Clube Bahia,Rafael Galhardo,Meia,66,5
2014,Esporte Clube Bahia,Rhayner,Meia,63,12
2014,Esporte Clube Bahia,Branquinho,Meia,61,12
2014,Esporte Clube Bahia,Lincoln,Meia,60,9
2014,Esporte Clube Bahia,Henrique Almeida,Atacante,66,25
2014,Esporte Clube Bahia,William Barbio,Atacante,63,25
2014,Esporte Clube Bahia,Marcos Aurélio,Atacante,61,13
2014,Esporte Clube Vitória,Wilson,Goleiro,65,24
2014,Esporte Clube Vitória,Roberto Fernández,Goleiro,60,15
2014,Esporte Clube Vitória,Ayrton,Lateral,63,16
2014,Esporte Clube Vitória,Nino Paraíba,Lateral,63,22
2014,Esporte Clube Vitória,Kadu,Zagueiro,66,27
2014,Esporte Clube Vitória,Luiz Gustavo,Zagueiro,63,23
2014,Esporte Clube Vitória,Roger Carvalho,Zagueiro,61,18
2014,Esporte Clube Vitória,Mansur,Zagueiro,59,14
2014,Esporte Clube Vitória,Alemão,Zagueiro,58,11
2014,Esporte Clube Vitória,Ednei,Zagueiro,55,4
2014,Esporte Clube Vitória,Zé Welison,Volante,63,21
2014,Esporte Clube Vitória,Josa,Volante,57,7
2014,Esporte Clube Vitória,Marcinho,Meia,67,23
2014,Esporte Clube Vitória,Willie,Meia,63,16
2014,Esporte Clube Vitória,Damián Escudero,Meia,60,10
2014,Esporte Clube Vitória,Léo Costa,Meia,56,5
2014,Esporte Clube Vitória,Hugo,Meia,55,3
2014,Esporte Clube Vitória,Marquinhos,Ponta,69,6
2014,Esporte Clube Vitória,Vinícius,Ponta,68,18
2014,Esporte Clube Vitória,Euller,Ponta,60,9
2014,Esporte Clube Vitória,Dinei,Atacante,74,31
2014,Esporte Clube Vitória,Edno,Atacante,71,15
2014,Esporte Clube Vitória,Souza,Atacante,62,5
2014,Figueirense Futebol Clube,Tiago Volpi,Goleiro,71,37
2014,Figueirense Futebol Clube,Luan Polli,Goleiro,54,1
2014,Figueirense Futebol Clube,Leandro Silva,Lateral,63,23
2014,Figueirense Futebol Clube,Marquinhos Pedroso,Lateral,60,12
2014,Figueirense Futebol Clube,Guilherme Lazaroni,Lateral,59,6
2014,Figueirense Futebol Clube,Thiago Heleno,Zagueiro,67,33
2014,Figueirense Futebol Clube,Marquinhos,Zagueiro,64,24
2014,Figueirense Futebol Clube,Nirley,Zagueiro,63,24
2014,Figueirense Futebol Clube,França,Volante,65,15
2014,Figueirense Futebol Clube,Paulo Roberto,Volante,64,26
2014,Figueirense Futebol Clube,Dener,Volante,58,10
2014,Figueirense Futebol Clube,Giovanni Augusto,Meia,69,24
2014,Figueirense Futebol Clube,Felipe Silva,Meia,61,14
2014,Figueirense Futebol Clube,Jefferson,Meia,61,15
2014,Figueirense Futebol Clube,Yago Felipe,Meia,56,5
2014,Figueirense Futebol Clube,Mazola,Ponta,65,10
2014,Figueirense Futebol Clube,William Pottker,Ponta,54,1
2014,Figueirense Futebol Clube,Everaldo,Atacante,70,24
2014,Figueirense Futebol Clube,Marcão,Atacante,69,21
2014,Figueirense Futebol Clube,Clayton,Atacante,69,22
2014,Figueirense Futebol Clube,Pablo,Atacante,67,19
2014,Figueirense Futebol Clube,Ricardo Bueno,Atacante,58,12
2014,Figueirense Futebol Clube,Dudú,Atacante,57,7
2014,Fluminense Football Club,Diego Cavalieri,Goleiro,74,32
2014,Fluminense Football Club,Kléver,Goleiro,59,3
2014,Fluminense Football Club,Felipe Garcia,Goleiro,59,3
2014,Fluminense Football Club,Júlio César,Goleiro,56,0
2014,Fluminense Football Club,Bruno,Lateral,66,29
2014,Fluminense Football Club,Wellington Silva,Lateral,55,2
2014,Fluminense Football Club,Marlon,Zagueiro,61,20
2014,Fluminense Football Club,Gum,Zagueiro,60,15
2014,Fluminense Football Club,Fabrício,Zagueiro,56,5
2014,Fluminense Football Club,Edson,Volante,63,17
2014,Fluminense Football Club,Edwin Valencia,Volante,61,19
2014,Fluminense Football Club,Darío Conca,Meia,83,37
2014,Fluminense Football Club,Cícero,Meia,72,20
2014,Fluminense Football Club,Chiquinho,Meia,68,26
2014,Fluminense Football Club,Gustavo Scarpa,Meia,56,6
2014,Fluminense Football Club,Fernando Neto,Meia,55,4
2014,Fluminense Football Club,Kenedy,Ponta,69,20
2014,Fluminense Football Club,Matheus Carvalho,Ponta,68,2
2014,Fluminense Football Club,Renato,Ponta,54,0
2014,Fluminense Football Club,Fred,Atacante,84,28
2014,Fluminense Football Club,Rafael Sóbis,Atacante,68,31
2014,Fluminense Football Club,Walter,Atacante,65,23
2014,Fluminense Football Club,Samuel Rosa,Atacante,54,1
2014,Goiás EC,Renan Soares,Goleiro,72,35
2014,Goiás EC,Édson,Goleiro,63,3
2014,Goiás EC,Lucas Lima,Lateral,63,21
2014,Goiás EC,Léo Veloso,Lateral,58,11
2014,Goiás EC,Jackson,Zagueiro,68,34
2014,Goiás EC,Pedro Henrique,Zagueiro,62,23
2014,Goiás EC,Felipe Macedo,Zagueiro,61,19
2014,Goiás EC,Alex Alves,Zagueiro,59,10
2014,Goiás EC,Valmir Lucas,Zagueiro,58,10
2014,Goiás EC,Thiago Mendes,Volante,71,34
2014,Goiás EC,Amaral,Volante,67,31
2014,Goiás EC,Moisés,Volante,60,12
2014,Goiás EC,David,Meia,74,34
2014,Goiás EC,Esquerdinha,Meia,72,29
2014,Goiás EC,Ramón,Meia,69,33
2014,Goiás EC,Tiago Real,Meia,66,31
2014,Goiás EC,Assuério,Meia,60,9
2014,Goiás EC,Murilo Henrique,Meia,59,13
2014,Goiás EC,Erik,Ponta,77,34
2014,Goiás EC,Welinton Junior,Ponta,65,15
2014,Goiás EC,Samuel Rosa,Atacante,64,20
2014,Goiás EC,Bruno Mineiro,Atacante,64,17
2014,Goiás EC,Danilo,Atacante,61,8
2014,Grêmio Foot-Ball Porto Alegrense,Léo Jardim,Goleiro,54,0
2014,Grêmio Foot-Ball Porto Alegrense,Pará,Lateral,67,33
2014,Grêmio Foot-Ball Porto Alegrense,Wendell,Lateral,61,2
2014,Grêmio Foot-Ball Porto Alegrense,Breno Lorran,Lateral,58,8
2014,Grêmio Foot-Ball Porto Alegrense,Rhodolfo,Zagueiro,69,24
2014,Grêmio Foot-Ball Porto Alegrense,Pedro Geromel,Zagueiro,66,24
2014,Grêmio Foot-Ball Porto Alegrense,Bressan,Zagueiro,64,18
2014,Grêmio Foot-Ball Porto Alegrense,Werley,Zagueiro,60,13
2014,Grêmio Foot-Ball Porto Alegrense,Saimon,Zagueiro,56,5
2014,Grêmio Foot-Ball Porto Alegrense,Edinho,Volante,58,10
2014,Grêmio Foot-Ball Porto Alegrense,Moisés,Volante,54,1
2014,Grêmio Foot-Ball Porto Alegrense,Giuliano,Meia,72,17
2014,Grêmio Foot-Ball Porto Alegrense,Luan,Meia,70,28
2014,Grêmio Foot-Ball Porto Alegrense,Ramiro,Meia,68,33
2014,Grêmio Foot-Ball Porto Alegrense,Fellipe Bastos,Meia,64,21
2014,Grêmio Foot-Ball Porto Alegrense,Rodriguinho,Meia,63,11
2014,Grêmio Foot-Ball Porto Alegrense,Matheus Biteco,Meia,61,18
2014,Grêmio Foot-Ball Porto Alegrense,Dudu,Ponta,77,35
2014,Grêmio Foot-Ball Porto Alegrense,Zé Roberto,Ponta,70,31
2014,Grêmio Foot-Ball Porto Alegrense,Everton,Ponta,57,7
2014,Grêmio Foot-Ball Porto Alegrense,Erik,Ponta,55,3
2014,Grêmio Foot-Ball Porto Alegrense,Hernán Barcos,Atacante,84,32
2014,Grêmio Foot-Ball Porto Alegrense,Kléber,Atacante,55,2
2014,Santos FC,Aranha,Goleiro,71,33
2014,Santos FC,Vladimir,Goleiro,63,5
2014,Santos FC,Cicinho,Lateral,67,33
2014,Santos FC,Zeca,Lateral,60,15
2014,Santos FC,David Braz,Zagueiro,67,30
2014,Santos FC,Bruno Uvini,Zagueiro,63,11
2014,Santos FC,Alan Santos,Zagueiro,61,15
2014,Santos FC,Neto,Zagueiro,58,11
2014,Santos FC,Jubal,Zagueiro,57,8
2014,Santos FC,Arouca,Volante,68,32
2014,Santos FC,Alison,Volante,63,23
2014,Santos FC,Souza,Volante,62,18
2014,Santos FC,Lucas Lima,Meia,73,35
2014,Santos FC,Cícero,Meia,65,6
2014,Santos FC,Renato,Meia,58,11
2014,Santos FC,Thiago Ribeiro,Ponta,75,21
2014,Santos FC,Robinho,Ponta,72,16
2014,Santos FC,Geuvânio,Ponta,72,24
2014,Santos FC,Pato Rodríguez,Ponta,65,6
2014,Santos FC,Rildo,Ponta,64,22
2014,Santos FC,Leandro Damião,Atacante,80,26
2014,Santos FC,Gabriel Barbosa,Atacante,75,31
2014,Santos FC,Diego Cardoso,Atacante,66,6
2014,Sociedade Esportiva Palmeiras,Fábio,Goleiro,65,18
2014,Sociedade Esportiva Palmeiras,Fernando Prass,Goleiro,61,15
2014,Sociedade Esportiva Palmeiras,Victor Luís,Lateral,66,27
2014,Sociedade Esportiva Palmeiras,William Matheus,Lateral,64,7
2014,Sociedade Esportiva Palmeiras,Juninho,Lateral,62,23
2014,Sociedade Esportiva Palmeiras,João Pedro,Lateral,61,17
2014,Sociedade Esportiva Palmeiras,Wendel,Lateral,60,15
2014,Sociedade Esportiva Palmeiras,Lúcio,Zagueiro,65,25
2014,Sociedade Esportiva Palmeiras,Fernando Tobio,Zagueiro,61,18
2014,Sociedade Esportiva Palmeiras,Nathan Pelae,Zagueiro,58,12
2014,Sociedade Esportiva Palmeiras,Renato Augusto,Volante,64,25
2014,Sociedade Esportiva Palmeiras,Josimar,Volante,58,10
2014,Sociedade Esportiva Palmeiras,Jorge Valdivia,Meia,69,17
2014,Sociedade Esportiva Palmeiras,Wesley,Meia,68,26
2014,Sociedade Esportiva Palmeiras,Felipe Menezes,Meia,63,15
2014,Sociedade Esportiva Palmeiras,Marquinhos Gabriel,Meia,60,8
2014,Sociedade Esportiva Palmeiras,Bernardo,Meia,60,8
2014,Sociedade Esportiva Palmeiras,Agustín Allione,Meia,60,15
2014,Sociedade Esportiva Palmeiras,William Mendieta,Meia,57,9
2014,Sociedade Esportiva Palmeiras,Pablo Mouche,Ponta,68,17
2014,Sociedade Esportiva Palmeiras,Leandro Moura,Ponta,64,18
2014,Sociedade Esportiva Palmeiras,Henrique Dourado,Atacante,81,33
2014,Sociedade Esportiva Palmeiras,Jonathan Cristaldo,Atacante,68,17
2014,Sport Club Corinthians Paulista,Cássio,Goleiro,72,35
2014,Sport Club Corinthians Paulista,Walter,Goleiro,58,4
2014,Sport Club Corinthians Paulista,Júlio César,Goleiro,54,0
2014,Sport Club Corinthians Paulista,Fagner,Lateral,72,35
2014,Sport Club Corinthians Paulista,Fábio Santos,Lateral,69,35
2014,Sport Club Corinthians Paulista,Uendel,Lateral,59,6
2014,Sport Club Corinthians Paulista,Guilherme Andrade,Lateral,56,6
2014,Sport Club Corinthians Paulista,Gil,Zagueiro,74,34
2014,Sport Club Corinthians Paulista,Cléber Reis,Zagueiro,62,15
2014,Sport Club Corinthians Paulista,Anderson Martins,Zagueiro,61,17
2014,Sport Club Corinthians Paulista,Felipe,Zagueiro,58,11
2014,Sport Club Corinthians Paulista,Guilherme,Volante,65,5
2014,Sport Club Corinthians Paulista,Ferrugem,Volante,56,6
2014,Sport Club Corinthians Paulista,Renato Augusto,Meia,79,30
2014,Sport Club Corinthians Paulista,Jádson,Meia,75,30
2014,Sport Club Corinthians Paulista,Danilo,Meia,68,23
2014,Sport Club Corinthians Paulista,Malcom,Meia,65,20
2014,Sport Club Corinthians Paulista,Bruno Henrique,Meia,64,25
2014,Sport Club Corinthians Paulista,Nicolás Lodeiro,Meia,60,7
2014,Sport Club Corinthians Paulista,Ángel Romero,Ponta,64,21
2014,Sport Club Corinthians Paulista,Paulinho,Ponta,54,1
2014,Sport Club Corinthians Paulista,Paolo Guerrero,Atacante,77,28
2014,Sport Club Corinthians Paulista,Luciano,Atacante,73,33
2014,Sport Club Internacional,Dida,Goleiro,70,27
2014,Sport Club Internacional,Alisson,Goleiro,60,11
2014,Sport Club Internacional,Fabrício,Lateral,71,34
2014,Sport Club Internacional,Wellington Silva,Lateral,64,14
2014,Sport Club Internacional,Cláudio Winck,Lateral,61,12
2014,Sport Club Internacional,Gilberto,Lateral,60,14
2014,Sport Club Internacional,Paulão,Zagueiro,65,23
2014,Sport Club Internacional,Ernando,Zagueiro,65,29
2014,Sport Club Internacional,Juan,Zagueiro,62,21
2014,Sport Club Internacional,Willians,Volante,69,28
2014,Sport Club Internacional,Wellington,Volante,62,19
2014,Sport Club Internacional,Ygor,Volante,59,14
2014,Sport Club Internacional,Jogador 3445,Meia,78,33
2014,Sport Club Internacional,Charles Aránguiz,Meia,77,24
2014,Sport Club Internacional,Alex,Meia,73,28
2014,Sport Club Internacional,Alan Patrick,Meia,72,24
2014,Sport Club Internacional,Valdívia,Meia,70,27
2014,Sport Club Internacional,Jorge Henrique,Meia,66,19
2014,Sport Club Internacional,Taiberson,Ponta,61,5
2014,Sport Club Internacional,Leandro Ribeiro,Ponta,61,5
2014,Sport Club Internacional,Rafael Moura,Atacante,73,26
2014,Sport Club Internacional,Wellington Paulista,Atacante,69,26
2014,Sport Club Internacional,Eduardo Sasha,Atacante,68,12
2014,Sport Club do Recife,Magrão,Goleiro,72,38
2014,Sport Club do Recife,Patric,Lateral,70,34
2014,Sport Club do Recife,Renê,Lateral,69,38
2014,Sport Club do Recife,Danilo Barcelos,Lateral,65,22
2014,Sport Club do Recife,Zé Mário,Lateral,59,14
2014,Sport Club do Recife,Vítor,Lateral,57,8
2014,Sport Club do Recife,Igor Fernandes,Lateral,56,5
2014,Sport Club do Recife,Éwerton Páscoa,Zagueiro,61,17
2014,Sport Club do Recife,Henrique Mattos,Zagueiro,57,9
2014,Sport Club do Recife,Rithely,Volante,68,35
2014,Sport Club do Recife,Rodrigo Mancha,Volante,61,17
2014,Sport Club do Recife,Ronaldo Henrique,Volante,58,10
2014,Sport Club do Recife,Willian Oliveira,Volante,57,7
2014,Sport Club do Recife,Joelinton,Meia,68,7
2014,Sport Club do Recife,Régis,Meia,61,6
2014,Sport Club do Recife,Renan Oliveira,Meia,57,8
2014,Sport Club do Recife,Felipe Azevedo,Ponta,70,30
2014,Sport Club do Recife,Mike,Ponta,67,12
2014,Sport Club do Recife,Wendel,Ponta,66,30
2014,Sport Club do Recife,Diego Souza,Atacante,74,19
2014,Sport Club do Recife,Neto Baiano,Atacante,68,25
2014,Sport Club do Recife,Ananias,Atacante,65,23
2014,Sport Club do Recife,Leonardo,Atacante,57,7
2014,São Paulo Futebol Clube,Léo Vieira,Goleiro,54,0
2014,São Paulo Futebol Clube,Renan Ribeiro,Goleiro,54,0
2014,São Paulo Futebol Clube,Douglas,Lateral,66,10
2014,São Paulo Futebol Clube,Reinaldo,Lateral,61,17
2014,São Paulo Futebol Clube,Souza,Zagueiro,74,33
2014,São Paulo Futebol Clube,Rafael Tolói,Zagueiro,68,17
2014,São Paulo Futebol Clube,Édson Silva,Zagueiro,66,23
2014,São Paulo Futebol Clube,Antônio Carlos,Zagueiro,63,19
2014,São Paulo Futebol Clube,Lucão,Zagueiro,59,9
2014,São Paulo Futebol Clube,Rodrigo Caio,Zagueiro,57,8
2014,São Paulo Futebol Clube,Denílson,Volante,65,28
2014,São Paulo Futebol Clube,Húdson,Volante,63,19
2014,São Paulo Futebol Clube,Ganso,Meia,84,34
2014,São Paulo Futebol Clube,Kaká,Meia,72,19
2014,São Paulo Futebol Clube,Gabriel Boschilia,Meia,62,18
2014,São Paulo Futebol Clube,Ewandro Costa,Meia,55,4
2014,São Paulo Futebol Clube,Michel Bastos,Ponta,74,19
2014,São Paulo Futebol Clube,Osvaldo,Ponta,73,32
2014,São Paulo Futebol Clube,Dorlan Pabón,Ponta,66,7
2014,São Paulo Futebol Clube,Alexandre Pato,Atacante,82,29
2014,São Paulo Futebol Clube,Alan Kardec,Atacante,76,27
2014,São Paulo Futebol Clube,Luís Fabiano,Atacante,74,23
2014,São Paulo Futebol Clube,Ademilson,Atacante,62,15
2015,Associação Atlética Ponte Preta,Marcelo Lomba,Goleiro,72,37
2015,Associação Atlética Ponte Preta,João Carlos,Goleiro,54,1
2015,Associação Atlética Ponte Preta,Rodinei,Lateral,72,35
2015,Associação Atlética Ponte Preta,Gilson,Lateral,67,32
2015,Associação Atlética Ponte Preta,Jeferson,Lateral,55,4
2015,Associação Atlética Ponte Preta,Pablo,Zagueiro,65,18
2015,Associação Atlética Ponte Preta,Diego Ivo,Zagueiro,55,2
2015,Associação Atlética Ponte Preta,Elton,Volante,62,20
2015,Associação Atlética Ponte Preta,Josimar,Volante,62,19
2015,Associação Atlética Ponte Preta,Juninho,Volante,62,22
2015,Associação Atlética Ponte Preta,Renato Cajá,Meia,78,12
2015,Associação Atlética Ponte Preta,Cristian,Meia,63,13
2015,Associação Atlética Ponte Preta,Felipe Silva,Meia,61,5
2015,Associação Atlética Ponte Preta,Léo Costa,Meia,55,2
2015,Associação Atlética Ponte Preta,Paulinho,Meia,55,4
2015,Associação Atlética Ponte Preta,Marcos Serrato,Meia,54,1
2015,Associação Atlética Ponte Preta,Felipe Azevedo,Ponta,71,31
2015,Associação Atlética Ponte Preta,Rildo,Ponta,68,2
2015,Associação Atlética Ponte Preta,Clayson,Ponta,61,12
2015,Associação Atlética Ponte Preta,Keno,Ponta,58,12
2015,Associação Atlética Ponte Preta,Leandrinho,Ponta,58,8
2015,Associação Atlética Ponte Preta,Diego Oliveira,Atacante,68,31
2015,Associação Atlética Ponte Preta,Vitor Xavier,Atacante,55,2
2015,Associação Chapecoense de Futebol,Danilo,Goleiro,71,33
2015,Associação Chapecoense de Futebol,Nivaldo,Goleiro,63,5
2015,Associação Chapecoense de Futebol,Dener,Lateral,67,35
2015,Associação Chapecoense de Futebol,Caramelo,Lateral,55,4
2015,Associação Chapecoense de Futebol,Neto,Zagueiro,64,23
2015,Associação Chapecoense de Futebol,Rafael Lima,Zagueiro,63,24
2015,Associação Chapecoense de Futebol,Vilson,Zagueiro,61,18
2015,Associação Chapecoense de Futebol,Willian Thiego,Zagueiro,60,13
2015,Associação Chapecoense de Futebol,Elicarlos,Volante,66,30
2015,Associação Chapecoense de Futebol,Gil,Volante,64,23
2015,Associação Chapecoense de Futebol,Camilo,Meia,70,31
2015,Associação Chapecoense de Futebol,Cléber Santana,Meia,69,26
2015,Associação Chapecoense de Futebol,Bruno Silva,Meia,66,31
2015,Associação Chapecoense de Futebol,Wagner,Meia,62,19
2015,Associação Chapecoense de Futebol,Hyoran,Meia,60,17
2015,Associação Chapecoense de Futebol,Neném,Meia,58,11
2015,Associação Chapecoense de Futebol,Apodi,Ponta,75,34
2015,Associação Chapecoense de Futebol,Maranhão,Ponta,67,24
2015,Associação Chapecoense de Futebol,Bruno Rangel,Atacante,75,19
2015,Associação Chapecoense de Futebol,Túlio de Melo,Atacante,73,13
2015,Associação Chapecoense de Futebol,Ananias,Atacante,68,30
2015,Associação Chapecoense de Futebol,Tiago Luis,Atacante,63,22
2015,Associação Chapecoense de Futebol,William Barbio,Atacante,58,12
2015,Atlético Paranaense,Weverton,Goleiro,72,36
2015,Atlético Paranaense,Rodolfo,Goleiro,54,1
2015,Atlético Paranaense,Eduardo,Lateral,68,34
2015,Atlético Paranaense,Sidcley,Lateral,67,24
2015,Atlético Paranaense,Roberto,Lateral,59,10
2015,Atlético Paranaense,Natanael,Lateral,59,13
2015,Atlético Paranaense,Kadu,Zagueiro,68,31
2015,Atlético Paranaense,Christian Vilches,Zagueiro,62,21
2015,Atlético Paranaense,Gustavo,Zagueiro,61,14
2015,Atlético Paranaense,Otávio,Volante,71,32
2015,Atlético Paranaense,Deivid,Volante,59,13
2015,Atlético Paranaense,Nikão,Meia,75,31
2015,Atlético Paranaense,Hernani,Meia,72,30
2015,Atlético Paranaense,Ewandro Costa,Meia,72,14
2015,Atlético Paranaense,Daniel Hernández,Meia,66,19
2015,Atlético Paranaense,Bruno Mota,Meia,63,13
2015,Atlético Paranaense,Marcos Guilherme,Ponta,78,26
2015,Atlético Paranaense,Pereirinha,Ponta,61,7
2015,Atlético Paranaense,Walter,Atacante,74,32
2015,Atlético Paranaense,Douglas Coutinho,Atacante,66,13
2015,Atlético Paranaense,Ytalo,Atacante,64,16
2015,Atlético Paranaense,Cryzan,Atacante,60,13
2015,Atlético Paranaense,Dellatorre,Atacante,59,10
2015,Avaí FC,Diego,Goleiro,58,5
2015,Avaí FC,Nino Paraíba,Lateral,68,35
2015,Avaí FC,Romário,Lateral,66,32
2015,Avaí FC,Pablo,Lateral,64,27
2015,Avaí FC,Éverton Silva,Lateral,62,16
2015,Avaí FC,Eltinho,Lateral,59,8
2015,Avaí FC,Antônio Carlos,Zagueiro,65,29
2015,Avaí FC,Emerson,Zagueiro,65,26
2015,Avaí FC,Jeci,Zagueiro,61,19
2015,Avaí FC,Jubal,Zagueiro,56,6
2015,Avaí FC,Eduardo Neto,Volante,66,27
2015,Avaí FC,Tinga,Volante,61,19
2015,Avaí FC,Claudinei,Volante,59,7
2015,Avaí FC,Renan Oliveira,Meia,68,23
2015,Avaí FC,Marquinhos,Meia,67,14
2015,Avaí FC,Rômulo Souza,Ponta,70,28
2015,Avaí FC,Raphinha,Ponta,54,0
2015,Avaí FC,André Lima,Atacante,75,25
2015,Avaí FC,Léo Gamalho,Atacante,70,14
2015,Avaí FC,Anderson Lopes,Atacante,69,26
2015,Avaí FC,Hugo Cabral,Atacante,65,7
2015,Avaí FC,Roberto,Atacante,63,19
2015,Avaí FC,William,Atacante,61,7
2015,CR Flamengo,Paulo Victor,Goleiro,72,25
2015,CR Flamengo,César,Goleiro,62,13
2015,CR Flamengo,Jorge,Lateral,67,22
2015,CR Flamengo,Pará,Lateral,66,29
2015,CR Flamengo,Ayrton,Lateral,60,13
2015,CR Flamengo,Wallace,Zagueiro,70,28
2015,CR Flamengo,Samir Caetano,Zagueiro,67,20
2015,CR Flamengo,César Martins,Zagueiro,67,20
2015,CR Flamengo,Marcelo,Zagueiro,58,11
2015,CR Flamengo,Márcio Araújo,Volante,66,33
2015,CR Flamengo,Jonas,Volante,61,19
2015,CR Flamengo,Alan Patrick,Meia,81,26
2015,CR Flamengo,Héctor Canteros,Meia,77,34
2015,CR Flamengo,Ederson,Meia,72,8
2015,CR Flamengo,Gabriel,Meia,68,24
2015,CR Flamengo,Almir,Meia,57,7
2015,CR Flamengo,Arthur Maia,Meia,56,5
2015,CR Flamengo,Éverton,Ponta,71,33
2015,CR Flamengo,Emerson,Ponta,69,22
2015,CR Flamengo,Marcelo Cirino,Ponta,65,21
2015,CR Flamengo,Kayke,Atacante,74,16
2015,CR Flamengo,Eduardo,Atacante,69,9
2015,CR Flamengo,Paolo Guerrero,Atacante,66,15
2015,Clube Atlético Mineiro,Victor,Goleiro,71,38
2015,Clube Atlético Mineiro,Giovanni,Goleiro,54,0
2015,Clube Atlético Mineiro,Douglas Santos,Lateral,73,31
2015,Clube Atlético Mineiro,Patric,Lateral,69,25
2015,Clube Atlético Mineiro,Marcos Rocha,Lateral,67,22
2015,Clube Atlético Mineiro,Carlos César,Lateral,57,7
2015,Clube Atlético Mineiro,Jemerson,Zagueiro,74,35
2015,Clube Atlético Mineiro,Leonardo Silva,Zagueiro,67,32
2015,Clube Atlético Mineiro,Edcarlos,Zagueiro,57,8
2015,Clube Atlético Mineiro,Tiago Pagnussat,Zagueiro,55,3
2015,Clube Atlético Mineiro,Rafael Carioca,Volante,74,36
2015,Clube Atlético Mineiro,Leandro Donizete,Volante,66,31
2015,Clube Atlético Mineiro,Josué,Volante,60,13
2015,Clube Atlético Mineiro,Giovanni Augusto,Meia,80,35
2015,Clube Atlético Mineiro,Maicosuel,Meia,70,12
2015,Clube Atlético Mineiro,Thiago Ribeiro,Ponta,80,33
2015,Clube Atlético Mineiro,Jesús Dátolo,Ponta,79,26
2015,Clube Atlético Mineiro,Luan,Ponta,76,26
2015,Clube Atlético Mineiro,Carlos Júnior,Ponta,69,21
2015,Clube Atlético Mineiro,Dodô,Ponta,58,12
2015,Clube Atlético Mineiro,Danilo Pires,Ponta,55,3
2015,Clube Atlético Mineiro,Lucas Pratto,Atacante,84,36
2015,Clube Atlético Mineiro,Jô,Atacante,65,3
2015,Clube de Regatas Vasco da Gama,Charles,Goleiro,60,9
2015,Clube de Regatas Vasco da Gama,Jordi,Goleiro,59,10
2015,Clube de Regatas Vasco da Gama,Madson,Lateral,67,33
2015,Clube de Regatas Vasco da Gama,Bruno Teles,Lateral,56,0
2015,Clube de Regatas Vasco da Gama,Luan,Zagueiro,63,25
2015,Clube de Regatas Vasco da Gama,Rafael Vaz,Zagueiro,59,9
2015,Clube de Regatas Vasco da Gama,Anderson Salles,Zagueiro,58,12
2015,Clube de Regatas Vasco da Gama,João Carlos,Zagueiro,55,0
2015,Clube de Regatas Vasco da Gama,Serginho,Volante,67,26
2015,Clube de Regatas Vasco da Gama,Lucas Siqueira,Volante,60,13
2015,Clube de Regatas Vasco da Gama,Nenê,Meia,81,20
2015,Clube de Regatas Vasco da Gama,Jorge Henrique,Meia,61,14
2015,Clube de Regatas Vasco da Gama,Bruno Gallo,Meia,61,13
2015,Clube de Regatas Vasco da Gama,Bernardo,Meia,55,3
2015,Clube de Regatas Vasco da Gama,Marcinho,Meia,55,3
2015,Clube de Regatas Vasco da Gama,Mateus Vital,Meia,54,1
2015,Clube de Regatas Vasco da Gama,Éder Luís,Ponta,56,5
2015,Clube de Regatas Vasco da Gama,Duvier Riascos,Atacante,68,26
2015,Clube de Regatas Vasco da Gama,Rafael Silva,Atacante,68,25
2015,Clube de Regatas Vasco da Gama,Gilberto,Atacante,61,12
2015,Clube de Regatas Vasco da Gama,Leandrão,Atacante,61,11
2015,Clube de Regatas Vasco da Gama,Dagoberto,Atacante,57,9
2015,Clube de Regatas Vasco da Gama,Renato Kayzer,Atacante,55,2
2015,Coritiba Foot Ball Club,Wilson,Goleiro,70,27
2015,Coritiba Foot Ball Club,Bruno Brígido,Goleiro,61,10
2015,Coritiba Foot Ball Club,Carlinhos,Lateral,62,20
2015,Coritiba Foot Ball Club,Norberto,Lateral,59,11
2015,Coritiba Foot Ball Club,Ivan,Lateral,59,13
2015,Coritiba Foot Ball Club,Rodrigo Ramos,Lateral,59,9
2015,Coritiba Foot Ball Club,Henrique Gelain,Lateral,58,10
2015,Coritiba Foot Ball Club,Juninho,Zagueiro,63,19
2015,Coritiba Foot Ball Club,Luccas Claro,Zagueiro,62,16
2015,Coritiba Foot Ball Club,Alan Santos,Zagueiro,60,16
2015,Coritiba Foot Ball Club,Walisson Maia,Zagueiro,60,16
2015,Coritiba Foot Ball Club,João Paulo,Volante,66,32
2015,Coritiba Foot Ball Club,Fabrício Baiano,Volante,56,5
2015,Coritiba Foot Ball Club,Lúcio Flávio,Meia,66,25
2015,Coritiba Foot Ball Club,Ruy,Meia,64,18
2015,Coritiba Foot Ball Club,Esquerdinha,Meia,63,14
2015,Coritiba Foot Ball Club,Negueba,Ponta,69,24
2015,Coritiba Foot Ball Club,Evandro,Ponta,66,9
2015,Coritiba Foot Ball Club,Paulinho Moccelin,Ponta,60,10
2015,Coritiba Foot Ball Club,Henrique Almeida,Atacante,83,20
2015,Coritiba Foot Ball Club,Rafhael Lucas,Atacante,65,24
2015,Coritiba Foot Ball Club,Kléber,Atacante,61,13
2015,Coritiba Foot Ball Club,Marcos Aurélio,Atacante,61,14
2015,Cruzeiro Esporte Clube,Fábio,Goleiro,71,36
2015,Cruzeiro Esporte Clube,Rafael,Goleiro,55,2
2015,Cruzeiro Esporte Clube,Fabrício,Lateral,64,25
2015,Cruzeiro Esporte Clube,Ceará,Lateral,63,19
2015,Cruzeiro Esporte Clube,Mayke,Lateral,60,17
2015,Cruzeiro Esporte Clube,Pará,Lateral,58,11
2015,Cruzeiro Esporte Clube,Manoel,Zagueiro,75,36
2015,Cruzeiro Esporte Clube,Fabiano,Zagueiro,62,12
2015,Cruzeiro Esporte Clube,Paulo André,Zagueiro,60,17
2015,Cruzeiro Esporte Clube,Willians,Volante,73,29
2015,Cruzeiro Esporte Clube,Willian Farias,Volante,55,4
2015,Cruzeiro Esporte Clube,Alisson,Meia,69,17
2015,Cruzeiro Esporte Clube,Giorgian de Arrascaeta,Meia,68,23
2015,Cruzeiro Esporte Clube,Ariel Cabral,Meia,62,18
2015,Cruzeiro Esporte Clube,Marquinhos,Ponta,68,23
2015,Cruzeiro Esporte Clube,Gabriel Xavier,Ponta,61,12
2015,Cruzeiro Esporte Clube,Allano,Ponta,61,16
2015,Cruzeiro Esporte Clube,Marinho,Ponta,60,11
2015,Cruzeiro Esporte Clube,Willian Bigode,Atacante,82,29
2015,Cruzeiro Esporte Clube,Leandro Damião,Atacante,74,23
2015,Cruzeiro Esporte Clube,Vinícius Araújo,Atacante,65,12
2015,Cruzeiro Esporte Clube,Joel Tagueu,Atacante,63,11
2015,Cruzeiro Esporte Clube,Henrique Dourado,Atacante,61,5
2015,Figueirense Futebol Clube,Alex Muralha,Goleiro,70,35
2015,Figueirense Futebol Clube,Felipe,Goleiro,55,2
2015,Figueirense Futebol Clube,Leandro Silva,Lateral,67,32
2015,Figueirense Futebol Clube,Marquinhos Pedroso,Lateral,65,23
2015,Figueirense Futebol Clube,Juninho,Lateral,58,12
2015,Figueirense Futebol Clube,Marquinhos,Zagueiro,65,20
2015,Figueirense Futebol Clube,Bruno Alves,Zagueiro,63,22
2015,Figueirense Futebol Clube,Thiago Heleno,Zagueiro,63,25
2015,Figueirense Futebol Clube,Saimon,Zagueiro,58,10
2015,Figueirense Futebol Clube,Fabinho,Volante,66,32
2015,Figueirense Futebol Clube,João Vitor,Volante,65,22
2015,Figueirense Futebol Clube,Paulo Roberto,Volante,64,24
2015,Figueirense Futebol Clube,Dener,Volante,60,15
2015,Figueirense Futebol Clube,Yago Felipe,Meia,70,28
2015,Figueirense Futebol Clube,Rafael Bastos,Meia,67,25
2015,Figueirense Futebol Clube,Carlos Alberto,Meia,65,14
2015,Figueirense Futebol Clube,Jefferson,Meia,56,6
2015,Figueirense Futebol Clube,Mazola,Ponta,55,4
2015,Figueirense Futebol Clube,Clayton,Atacante,78,29
2015,Figueirense Futebol Clube,Dudú,Atacante,70,21
2015,Figueirense Futebol Clube,Marcão,Atacante,67,25
2015,Figueirense Futebol Clube,Everaldo,Atacante,58,11
2015,Figueirense Futebol Clube,Elias,Atacante,57,9
2015,Fluminense Football Club,Diego Cavalieri,Goleiro,75,35
2015,Fluminense Football Club,Júlio César,Goleiro,55,2
2015,Fluminense Football Club,Wellington Silva,Lateral,65,28
2015,Fluminense Football Club,Giovanni,Lateral,58,12
2015,Fluminense Football Club,Marlon,Zagueiro,69,24
2015,Fluminense Football Club,Gum,Zagueiro,66,29
2015,Fluminense Football Club,Antônio Carlos,Zagueiro,60,17
2015,Fluminense Football Club,Léo,Zagueiro,59,6
2015,Fluminense Football Club,Victor Oliveira,Zagueiro,56,6
2015,Fluminense Football Club,Edson,Volante,65,26
2015,Fluminense Football Club,Pierre,Volante,61,18
2015,Fluminense Football Club,Gustavo Scarpa,Meia,76,28
2015,Fluminense Football Club,Gerson,Meia,76,29
2015,Fluminense Football Club,Vina,Meia,70,20
2015,Fluminense Football Club,Cícero,Meia,66,19
2015,Fluminense Football Club,Higor Leite,Meia,60,8
2015,Fluminense Football Club,Osvaldo,Ponta,65,20
2015,Fluminense Football Club,Renato,Ponta,63,12
2015,Fluminense Football Club,Ronaldinho,Ponta,57,7
2015,Fluminense Football Club,Fred,Atacante,74,23
2015,Fluminense Football Club,Wellington Paulista,Atacante,64,17
2015,Fluminense Football Club,Lucas Gomes,Atacante,62,15
2015,Fluminense Football Club,Magno Alves,Atacante,61,18
2015,Goiás EC,Renan Soares,Goleiro,71,35
2015,Goiás EC,Paulo Henrique,Goleiro,59,3
2015,Goiás EC,Diogo Barbosa,Lateral,64,26
2015,Goiás EC,Gimenez,Lateral,63,23
2015,Goiás EC,Clayton,Lateral,57,7
2015,Goiás EC,Felipe Macedo,Zagueiro,66,29
2015,Goiás EC,Alex Alves,Zagueiro,60,17
2015,Goiás EC,Valmir Lucas,Zagueiro,55,3
2015,Goiás EC,Rodrigo,Volante,66,30
2015,Goiás EC,Ygor,Volante,58,12
2015,Goiás EC,Juliano Pacheco,Volante,57,8
2015,Goiás EC,Felipe Menezes,Meia,76,25
2015,Goiás EC,David,Meia,66,26
2015,Goiás EC,Patrick,Meia,66,31
2015,Goiás EC,Murilo Henrique,Meia,62,18
2015,Goiás EC,Arthur Rezende,Meia,58,12
2015,Goiás EC,Robert,Meia,55,3
2015,Goiás EC,Erik,Ponta,76,26
2015,Goiás EC,Carlos Eduardo,Ponta,66,16
2015,Goiás EC,Liniker,Ponta,65,19
2015,Goiás EC,Ruan,Ponta,57,7
2015,Goiás EC,Bruno Henrique,Atacante,76,33
2015,Goiás EC,Wesley Pacheco,Atacante,61,12
2015,Grêmio Foot-Ball Porto Alegrense,Léo Jardim,Goleiro,54,0
2015,Grêmio Foot-Ball Porto Alegrense,Marcelo Hermes,Lateral,57,7
2015,Grêmio Foot-Ball Porto Alegrense,Lucas Ramon,Lateral,56,6
2015,Grêmio Foot-Ball Porto Alegrense,Júnior Tavares,Lateral,55,2
2015,Grêmio Foot-Ball Porto Alegrense,Pedro Geromel,Zagueiro,72,31
2015,Grêmio Foot-Ball Porto Alegrense,Rhodolfo,Zagueiro,65,11
2015,Grêmio Foot-Ball Porto Alegrense,Frickson Erazo,Zagueiro,64,23
2015,Grêmio Foot-Ball Porto Alegrense,Bressan,Zagueiro,62,9
2015,Grêmio Foot-Ball Porto Alegrense,Rafael Thyere,Zagueiro,55,4
2015,Grêmio Foot-Ball Porto Alegrense,Edinho,Volante,63,19
2015,Grêmio Foot-Ball Porto Alegrense,Moisés,Volante,54,0
2015,Grêmio Foot-Ball Porto Alegrense,Giuliano,Meia,83,35
2015,Grêmio Foot-Ball Porto Alegrense,Luan,Meia,80,33
2015,Grêmio Foot-Ball Porto Alegrense,Douglas,Meia,74,31
2015,Grêmio Foot-Ball Porto Alegrense,Rafael Galhardo,Meia,73,33
2015,Grêmio Foot-Ball Porto Alegrense,Ramiro,Meia,61,5
2015,Grêmio Foot-Ball Porto Alegrense,Fellipe Bastos,Meia,56,6
2015,Grêmio Foot-Ball Porto Alegrense,Lincoln,Meia,56,2
2015,Grêmio Foot-Ball Porto Alegrense,Pedro Rocha,Ponta,76,34
2015,Grêmio Foot-Ball Porto Alegrense,Everton,Ponta,68,14
2015,Grêmio Foot-Ball Porto Alegrense,Bobô,Atacante,72,20
2015,Grêmio Foot-Ball Porto Alegrense,Yuri Mamute,Atacante,67,15
2015,Grêmio Foot-Ball Porto Alegrense,Victor Rangel,Atacante,56,6
2015,Joinville Esporte Clube (SC),Jhonatan,Goleiro,54,0
2015,Joinville Esporte Clube (SC),Diego,Lateral,65,25
2015,Joinville Esporte Clube (SC),Arnaldo,Lateral,55,4
2015,Joinville Esporte Clube (SC),Guti,Zagueiro,67,34
2015,Joinville Esporte Clube (SC),Bruno Aguiar,Zagueiro,62,18
2015,Joinville Esporte Clube (SC),Rafael Donato,Zagueiro,60,9
2015,Joinville Esporte Clube (SC),Renato Augusto,Volante,57,2
2015,Joinville Esporte Clube (SC),Fabrício,Volante,57,9
2015,Joinville Esporte Clube (SC),Eusébio,Volante,54,0
2015,Joinville Esporte Clube (SC),Marcelinho Paraíba,Meia,74,29
2015,Joinville Esporte Clube (SC),Lucas Crispim,Meia,63,20
2015,Joinville Esporte Clube (SC),Marcelo Costa,Meia,61,12
2015,Joinville Esporte Clube (SC),Ítalo Melo,Meia,57,7
2015,Joinville Esporte Clube (SC),Silvinho,Ponta,60,9
2015,Joinville Esporte Clube (SC),Welinton Junior,Ponta,56,3
2015,Joinville Esporte Clube (SC),Niltinho,Ponta,56,5
2015,Joinville Esporte Clube (SC),Kempes,Atacante,71,30
2015,Joinville Esporte Clube (SC),Rafael Costa,Atacante,63,4
2015,Joinville Esporte Clube (SC),Fernando Viana,Atacante,61,11
2015,Joinville Esporte Clube (SC),Ricardo Bueno,Atacante,56,5
2015,Joinville Esporte Clube (SC),Tiago Luis,Atacante,56,5
2015,Joinville Esporte Clube (SC),Jael,Atacante,55,3
2015,Santos FC,Vanderlei,Goleiro,69,28
2015,Santos FC,Vladimir,Goleiro,60,11
2015,Santos FC,Zeca,Lateral,65,22
2015,Santos FC,Daniel Guedes,Lateral,63,18
2015,Santos FC,David Braz,Zagueiro,70,29
2015,Santos FC,Gustavo Henrique,Zagueiro,66,20
2015,Santos FC,Werley,Zagueiro,64,23
2015,Santos FC,Thiago Maia,Volante,70,28
2015,Santos FC,Cristian Ledesma,Volante,57,4
2015,Santos FC,Lucas Lima,Meia,76,31
2015,Santos FC,Victor Ferraz,Meia,71,29
2015,Santos FC,Marquinhos Gabriel,Meia,70,26
2015,Santos FC,Rafael Longuine,Meia,65,12
2015,Santos FC,Renato,Meia,63,25
2015,Santos FC,Chiquinho,Meia,58,10
2015,Santos FC,Serginho,Meia,58,10
2015,Santos FC,Léo Cittadini,Meia,56,6
2015,Santos FC,Robinho,Ponta,74,4
2015,Santos FC,Geuvânio,Ponta,74,28
2015,Santos FC,Neto Berola,Ponta,64,19
2015,Santos FC,Leandro Moura,Ponta,63,14
2015,Santos FC,Ricardo Oliveira,Atacante,85,32
2015,Santos FC,Gabriel Barbosa,Atacante,83,30
2015,Sociedade Esportiva Palmeiras,Fernando Prass,Goleiro,70,36
2015,Sociedade Esportiva Palmeiras,Fábio,Goleiro,55,2
2015,Sociedade Esportiva Palmeiras,Egídio,Lateral,75,30
2015,Sociedade Esportiva Palmeiras,Lucas,Lateral,67,28
2015,Sociedade Esportiva Palmeiras,Vitor Hugo,Zagueiro,72,30
2015,Sociedade Esportiva Palmeiras,Jackson,Zagueiro,63,17
2015,Sociedade Esportiva Palmeiras,Victor Ramos,Zagueiro,63,17
2015,Sociedade Esportiva Palmeiras,Leandro Almeida,Zagueiro,62,13
2015,Sociedade Esportiva Palmeiras,Andrei Girotto,Zagueiro,61,12
2015,Sociedade Esportiva Palmeiras,Thiago Santos,Zagueiro,59,13
2015,Sociedade Esportiva Palmeiras,Arouca,Volante,64,22
2015,Sociedade Esportiva Palmeiras,Gabriel,Volante,62,16
2015,Sociedade Esportiva Palmeiras,Amaral,Volante,60,15
2015,Sociedade Esportiva Palmeiras,Robinho,Meia,72,25
2015,Sociedade Esportiva Palmeiras,Agustín Allione,Meia,61,12
2015,Sociedade Esportiva Palmeiras,Dudu,Ponta,87,28
2015,Sociedade Esportiva Palmeiras,Zé Roberto,Ponta,71,26
2015,Sociedade Esportiva Palmeiras,Kelvin,Ponta,69,16
2015,Sociedade Esportiva Palmeiras,Jonathan Cristaldo,Atacante,75,22
2015,Sociedade Esportiva Palmeiras,Lucas Barrios,Atacante,75,13
2015,Sociedade Esportiva Palmeiras,Gabriel Jesus,Atacante,73,20
2015,Sociedade Esportiva Palmeiras,Rafael Marques,Atacante,72,32
2015,Sociedade Esportiva Palmeiras,Alecsandro,Atacante,64,18
2015,Sport Club Corinthians Paulista,Cássio,Goleiro,72,35
2015,Sport Club Corinthians Paulista,Walter,Goleiro,64,4
2015,Sport Club Corinthians Paulista,Fagner,Lateral,69,26
2015,Sport Club Corinthians Paulista,Uendel,Lateral,65,19
2015,Sport Club Corinthians Paulista,Edílson,Lateral,63,18
2015,Sport Club Corinthians Paulista,Guilherme Arana,Lateral,61,12
2015,Sport Club Corinthians Paulista,Fábio Santos,Lateral,59,6
2015,Sport Club Corinthians Paulista,Gil,Zagueiro,75,34
2015,Sport Club Corinthians Paulista,Felipe,Zagueiro,72,26
2015,Sport Club Corinthians Paulista,Jádson,Meia,83,34
2015,Sport Club Corinthians Paulista,Renato Augusto,Meia,83,30
2015,Sport Club Corinthians Paulista,Malcom,Meia,81,31
2015,Sport Club Corinthians Paulista,Bruno Henrique,Meia,68,22
2015,Sport Club Corinthians Paulista,Danilo,Meia,67,29
2015,Sport Club Corinthians Paulista,Cristian,Meia,64,13
2015,Sport Club Corinthians Paulista,Rodriguinho,Meia,63,12
2015,Sport Club Corinthians Paulista,Lucca,Ponta,68,10
2015,Sport Club Corinthians Paulista,Ángel Romero,Ponta,67,12
2015,Sport Club Corinthians Paulista,Stiven Mendoza,Ponta,61,10
2015,Sport Club Corinthians Paulista,Rildo,Ponta,61,12
2015,Sport Club Corinthians Paulista,Vágner Love,Atacante,85,31
2015,Sport Club Corinthians Paulista,Luciano,Atacante,82,6
2015,Sport Club Corinthians Paulista,Lincom,Atacante,55,3
2015,Sport Club Internacional,Alisson,Goleiro,76,26
2015,Sport Club Internacional,Muriel,Goleiro,64,13
2015,Sport Club Internacional,William,Lateral,69,29
2015,Sport Club Internacional,Artur,Lateral,60,12
2015,Sport Club Internacional,Geferson,Lateral,58,12
2015,Sport Club Internacional,Ernando,Zagueiro,66,30
2015,Sport Club Internacional,Paulão,Zagueiro,65,24
2015,Sport Club Internacional,Réver,Zagueiro,62,17
2015,Sport Club Internacional,Juan,Zagueiro,59,10
2015,Sport Club Internacional,Alan Costa,Zagueiro,58,10
2015,Sport Club Internacional,Rodrigo Dourado,Volante,67,30
2015,Sport Club Internacional,Nilton,Volante,65,24
2015,Sport Club Internacional,Wellington,Volante,60,15
2015,Sport Club Internacional,Nicolás Freitas,Volante,60,16
2015,Sport Club Internacional,Anderson,Meia,74,30
2015,Sport Club Internacional,Valdívia,Meia,72,26
2015,Sport Club Internacional,Alex,Meia,66,24
2015,Sport Club Internacional,Jogador 3445,Meia,65,15
2015,Sport Club Internacional,Vitinho,Ponta,84,33
2015,Sport Club Internacional,Taiberson,Ponta,61,13
2015,Sport Club Internacional,Lisandro López,Atacante,73,24
2015,Sport Club Internacional,Eduardo Sasha,Atacante,63,14
2015,Sport Club Internacional,Rafael Moura,Atacante,63,21
2015,Sport Club do Recife,Danilo Fernandes,Goleiro,72,36
2015,Sport Club do Recife,Magrão,Goleiro,55,2
2015,Sport Club do Recife,Renê,Lateral,69,35
2015,Sport Club do Recife,Samuel Xavier,Lateral,66,30
2015,Sport Club do Recife,Danilo Barcelos,Lateral,61,12
2015,Sport Club do Recife,Matheus Ferraz,Zagueiro,69,36
2015,Sport Club do Recife,Éwerton Páscoa,Zagueiro,59,7
2015,Sport Club do Recife,Rithely,Volante,69,35
2015,Sport Club do Recife,Neto Moura,Volante,63,22
2015,Sport Club do Recife,Rodrigo Mancha,Volante,60,16
2015,Sport Club do Recife,Ferrugem,Volante,59,10
2015,Sport Club do Recife,Ronaldo Henrique,Volante,56,6
2015,Sport Club do Recife,Marlone,Meia,75,30
2015,Sport Club do Recife,Joelinton,Meia,74,5
2015,Sport Club do Recife,Régis,Meia,70,26
2015,Sport Club do Recife,Matheus Galdezani,Meia,54,1
2015,Sport Club do Recife,Maikon Leite,Ponta,69,25
2015,Sport Club do Recife,Wendel,Ponta,65,28
2015,Sport Club do Recife,Mike,Ponta,60,8
2015,Sport Club do Recife,André Felipe,Atacante,84,29
2015,Sport Club do Recife,Diego Souza,Atacante,81,34
2015,Sport Club do Recife,Hernane,Atacante,63,14
2015,Sport Club do Recife,Samuel Rosa,Atacante,60,17
2015,São Paulo Futebol Clube,Renan Ribeiro,Goleiro,63,9
2015,São Paulo Futebol Clube,Léo Vieira,Goleiro,54,0
2015,São Paulo Futebol Clube,Bruno,Lateral,66,30
2015,São Paulo Futebol Clube,Reinaldo,Lateral,62,22
2015,São Paulo Futebol Clube,Matheus Reis,Lateral,61,13
2015,São Paulo Futebol Clube,Lucão,Zagueiro,68,25
2015,São Paulo Futebol Clube,Souza,Zagueiro,67,8
2015,São Paulo Futebol Clube,Matheus Dória,Zagueiro,65,9
2015,São Paulo Futebol Clube,Rafael Tolói,Zagueiro,65,13
2015,São Paulo Futebol Clube,Rodrigo Caio,Zagueiro,63,24
2015,São Paulo Futebol Clube,Édson Silva,Zagueiro,58,12
2015,São Paulo Futebol Clube,Lyanco,Zagueiro,57,9
2015,São Paulo Futebol Clube,Thiago Mendes,Volante,74,35
2015,São Paulo Futebol Clube,Húdson,Volante,66,29
2015,São Paulo Futebol Clube,João Schmidt,Volante,57,4
2015,São Paulo Futebol Clube,Ganso,Meia,83,31
2015,São Paulo Futebol Clube,Gabriel Boschilia,Meia,67,6
2015,São Paulo Futebol Clube,Wesley,Meia,66,25
2015,São Paulo Futebol Clube,Michel Bastos,Ponta,76,31
2015,São Paulo Futebol Clube,Rogério,Ponta,67,14
2015,São Paulo Futebol Clube,Alexandre Pato,Atacante,83,33
2015,São Paulo Futebol Clube,Alan Kardec,Atacante,78,8
2015,São Paulo Futebol Clube,Luís Fabiano,Atacante,73,22
2016,América Futebol Clube (MG),João Ricardo,Goleiro,69,35
2016,América Futebol Clube (MG),Fernando Leal,Goleiro,67,2
2016,América Futebol Clube (MG),Danilo Barcelos,Lateral,69,33
2016,América Futebol Clube (MG),Ernandes,Lateral,64,23
2016,América Futebol Clube (MG),Jonas,Lateral,64,18
2016,América Futebol Clube (MG),Gilson,Lateral,61,18
2016,América Futebol Clube (MG),Hélder,Lateral,61,13
2016,América Futebol Clube (MG),Pablo,Lateral,60,16
2016,América Futebol Clube (MG),Éder Lima,Zagueiro,60,12
2016,América Futebol Clube (MG),Suéliton,Zagueiro,60,15
2016,América Futebol Clube (MG),Roger,Zagueiro,60,14
2016,América Futebol Clube (MG),Adalberto,Zagueiro,60,9
2016,América Futebol Clube (MG),Messias,Zagueiro,57,9
2016,América Futebol Clube (MG),Juninho,Volante,67,32
2016,América Futebol Clube (MG),Claudinei,Volante,60,17
2016,América Futebol Clube (MG),Matheusinho,Meia,62,18
2016,América Futebol Clube (MG),Bruno Sávio,Meia,61,12
2016,América Futebol Clube (MG),Tony,Meia,59,13
2016,América Futebol Clube (MG),Alan Mineiro,Meia,58,10
2016,América Futebol Clube (MG),Osman,Ponta,67,26
2016,América Futebol Clube (MG),Vitor Ruas,Ponta,54,1
2016,América Futebol Clube (MG),Victor Rangel,Atacante,63,13
2016,América Futebol Clube (MG),Tiago Luis,Atacante,57,8
2016,Associação Atlética Ponte Preta,Aranha,Goleiro,65,19
2016,Associação Atlética Ponte Preta,João Carlos,Goleiro,62,17
2016,Associação Atlética Ponte Preta,Reinaldo,Lateral,69,32
2016,Associação Atlética Ponte Preta,Nino Paraíba,Lateral,66,27
2016,Associação Atlética Ponte Preta,Jeferson,Lateral,62,20
2016,Associação Atlética Ponte Preta,Breno Lopes,Lateral,56,6
2016,Associação Atlética Ponte Preta,Douglas Grolli,Zagueiro,65,23
2016,Associação Atlética Ponte Preta,Antônio Carlos,Zagueiro,60,14
2016,Associação Atlética Ponte Preta,Kadu,Zagueiro,60,12
2016,Associação Atlética Ponte Preta,João Vitor,Volante,69,33
2016,Associação Atlética Ponte Preta,Abuda,Volante,58,7
2016,Associação Atlética Ponte Preta,Elton,Volante,56,6
2016,Associação Atlética Ponte Preta,Rhayner,Meia,69,23
2016,Associação Atlética Ponte Preta,Maycon,Meia,66,16
2016,Associação Atlética Ponte Preta,Matheus Jesus,Meia,65,25
2016,Associação Atlética Ponte Preta,Renê Júnior,Meia,58,11
2016,Associação Atlética Ponte Preta,Cristian,Meia,57,9
2016,Associação Atlética Ponte Preta,William Pottker,Ponta,78,31
2016,Associação Atlética Ponte Preta,Clayson,Ponta,71,32
2016,Associação Atlética Ponte Preta,Felipe Azevedo,Ponta,69,19
2016,Associação Atlética Ponte Preta,Wendel,Ponta,66,19
2016,Associação Atlética Ponte Preta,Roger Silva,Atacante,73,26
2016,Associação Atlética Ponte Preta,Wellington Paulista,Atacante,66,20
2016,Associação Chapecoense de Futebol,Danilo,Goleiro,69,31
2016,Associação Chapecoense de Futebol,Marcelo Boeck,Goleiro,57,6
2016,Associação Chapecoense de Futebol,Dener,Lateral,66,29
2016,Associação Chapecoense de Futebol,Gimenez,Lateral,65,31
2016,Associação Chapecoense de Futebol,Willian Thiego,Zagueiro,69,33
2016,Associação Chapecoense de Futebol,Filipe Machado,Zagueiro,62,16
2016,Associação Chapecoense de Futebol,Marcelo,Zagueiro,60,13
2016,Associação Chapecoense de Futebol,Neto,Zagueiro,57,8
2016,Associação Chapecoense de Futebol,Gil,Volante,65,26
2016,Associação Chapecoense de Futebol,Josimar,Volante,65,27
2016,Associação Chapecoense de Futebol,Sérgio Manoel,Volante,62,18
2016,Associação Chapecoense de Futebol,Cléber Santana,Meia,71,36
2016,Associação Chapecoense de Futebol,Arthur Maia,Meia,65,21
2016,Associação Chapecoense de Futebol,Hyoran,Meia,64,20
2016,Associação Chapecoense de Futebol,Matheus Biteco,Meia,60,16
2016,Associação Chapecoense de Futebol,Tiaguinho,Ponta,71,16
2016,Associação Chapecoense de Futebol,Silvinho,Ponta,67,14
2016,Associação Chapecoense de Futebol,Lourency,Ponta,60,8
2016,Associação Chapecoense de Futebol,Bruno Rangel,Atacante,75,31
2016,Associação Chapecoense de Futebol,Kempes,Atacante,74,26
2016,Associação Chapecoense de Futebol,Lucas Gomes,Atacante,67,26
2016,Associação Chapecoense de Futebol,Ananias,Atacante,64,17
2016,Associação Chapecoense de Futebol,Alejandro Martinuccio,Atacante,61,8
2016,Atlético Paranaense,Weverton,Goleiro,71,30
2016,Atlético Paranaense,Santos,Goleiro,60,8
2016,Atlético Paranaense,Sidcley,Lateral,67,26
2016,Atlético Paranaense,Léo Morais,Lateral,66,30
2016,Atlético Paranaense,Nicolas,Lateral,60,15
2016,Atlético Paranaense,Thiago Heleno,Zagueiro,68,33
2016,Atlético Paranaense,Paulo André,Zagueiro,65,26
2016,Atlético Paranaense,Wanderson,Zagueiro,59,13
2016,Atlético Paranaense,Marcão,Zagueiro,58,10
2016,Atlético Paranaense,Otávio,Volante,73,35
2016,Atlético Paranaense,Deivid,Volante,59,9
2016,Atlético Paranaense,Hernani,Meia,74,30
2016,Atlético Paranaense,Ewandro Costa,Meia,68,9
2016,Atlético Paranaense,Nikão,Meia,65,19
2016,Atlético Paranaense,Matheus Rossetto,Meia,63,15
2016,Atlético Paranaense,Lucho González,Meia,62,12
2016,Atlético Paranaense,Vina,Meia,61,15
2016,Atlético Paranaense,Lucas Fernandes,Ponta,68,20
2016,Atlético Paranaense,Marcos Guilherme,Ponta,67,20
2016,Atlético Paranaense,Giovanny,Ponta,58,11
2016,Atlético Paranaense,Pablo,Atacante,75,33
2016,Atlético Paranaense,André Lima,Atacante,69,25
2016,Atlético Paranaense,Walter,Atacante,66,20
2016,Botafogo de Futebol e Regatas,Helton Leite,Goleiro,56,6
2016,Botafogo de Futebol e Regatas,Diogo Barbosa,Lateral,65,26
2016,Botafogo de Futebol e Regatas,Victor Luís,Lateral,65,22
2016,Botafogo de Futebol e Regatas,Alemão,Lateral,60,10
2016,Botafogo de Futebol e Regatas,Emerson,Zagueiro,64,27
2016,Botafogo de Futebol e Regatas,Emerson,Zagueiro,63,24
2016,Botafogo de Futebol e Regatas,Joel Carli,Zagueiro,61,16
2016,Botafogo de Futebol e Regatas,Marcelo Benevenuto,Zagueiro,54,1
2016,Botafogo de Futebol e Regatas,Rodrigo Lindoso,Volante,67,25
2016,Botafogo de Futebol e Regatas,Matheus Fernandes,Volante,59,6
2016,Botafogo de Futebol e Regatas,Camilo,Meia,73,28
2016,Botafogo de Futebol e Regatas,Bruno Silva,Meia,70,31
2016,Botafogo de Futebol e Regatas,Dudu Cearense,Meia,63,16
2016,Botafogo de Futebol e Regatas,Leandrinho,Meia,63,18
2016,Botafogo de Futebol e Regatas,Gegê,Meia,55,4
2016,Botafogo de Futebol e Regatas,Neilton,Ponta,73,35
2016,Botafogo de Futebol e Regatas,Rodrigo Pimpão,Ponta,67,23
2016,Botafogo de Futebol e Regatas,Gervasio Núñez,Ponta,63,20
2016,Botafogo de Futebol e Regatas,Sassá,Atacante,81,26
2016,Botafogo de Futebol e Regatas,Ribamar,Atacante,61,12
2016,Botafogo de Futebol e Regatas,Vinícius Tanque,Atacante,58,12
2016,Botafogo de Futebol e Regatas,Luis Henrique,Atacante,57,5
2016,Botafogo de Futebol e Regatas,Anderson Aquino,Atacante,56,5
2016,CR Flamengo,Alex Muralha,Goleiro,71,33
2016,CR Flamengo,Paulo Victor,Goleiro,67,5
2016,CR Flamengo,Jorge,Lateral,72,33
2016,CR Flamengo,Pará,Lateral,67,27
2016,CR Flamengo,Rodinei,Lateral,62,13
2016,CR Flamengo,Réver,Zagueiro,66,29
2016,CR Flamengo,Rafael Vaz,Zagueiro,65,29
2016,CR Flamengo,Juan,Zagueiro,57,9
2016,CR Flamengo,Léo Duarte,Zagueiro,57,7
2016,CR Flamengo,Willian Arão,Volante,76,37
2016,CR Flamengo,Márcio Araújo,Volante,67,36
2016,CR Flamengo,Gustavo Cuéllar,Volante,61,16
2016,CR Flamengo,Diego,Meia,78,17
2016,CR Flamengo,Alan Patrick,Meia,74,28
2016,CR Flamengo,Federico Mancuello,Meia,68,21
2016,CR Flamengo,Gabriel,Meia,66,22
2016,CR Flamengo,Ederson,Meia,62,8
2016,CR Flamengo,Éverton,Ponta,73,30
2016,CR Flamengo,Marcelo Cirino,Ponta,65,24
2016,CR Flamengo,Emerson,Ponta,58,10
2016,CR Flamengo,Paolo Guerrero,Atacante,75,21
2016,CR Flamengo,Felipe Vizeu,Atacante,71,15
2016,CR Flamengo,Leandro Damião,Atacante,68,15
2016,Clube Atlético Mineiro,Victor,Goleiro,69,32
2016,Clube Atlético Mineiro,Giovanni,Goleiro,55,3
2016,Clube Atlético Mineiro,Patric,Lateral,65,18
2016,Clube Atlético Mineiro,Carlos César,Lateral,64,24
2016,Clube Atlético Mineiro,Fábio Santos,Lateral,64,20
2016,Clube Atlético Mineiro,Marcos Rocha,Lateral,60,15
2016,Clube Atlético Mineiro,Leonardo Silva,Zagueiro,63,24
2016,Clube Atlético Mineiro,Frickson Erazo,Zagueiro,61,20
2016,Clube Atlético Mineiro,Gabriel,Zagueiro,60,15
2016,Clube Atlético Mineiro,Rafael Carioca,Volante,72,27
2016,Clube Atlético Mineiro,Leandro Donizete,Volante,64,21
2016,Clube Atlético Mineiro,Juan Cazares,Meia,71,17
2016,Clube Atlético Mineiro,Rómulo Otero,Meia,69,13
2016,Clube Atlético Mineiro,Maicosuel,Meia,69,14
2016,Clube Atlético Mineiro,Júnior Urso,Meia,67,23
2016,Clube Atlético Mineiro,Carlos Eduardo,Meia,67,10
2016,Clube Atlético Mineiro,Lucas Cândido,Meia,59,14
2016,Clube Atlético Mineiro,Robinho,Ponta,87,30
2016,Clube Atlético Mineiro,Carlos Júnior,Ponta,66,16
2016,Clube Atlético Mineiro,Fred,Atacante,77,28
2016,Clube Atlético Mineiro,Lucas Pratto,Atacante,75,18
2016,Clube Atlético Mineiro,Clayton,Atacante,74,27
2016,Clube Atlético Mineiro,Hyuri,Atacante,63,13
2016,Coritiba Foot Ball Club,Wilson,Goleiro,72,37
2016,Coritiba Foot Ball Club,Rafael Martins,Goleiro,66,1
2016,Coritiba Foot Ball Club,Dodô,Lateral,68,26
2016,Coritiba Foot Ball Club,Carlinhos,Lateral,62,18
2016,Coritiba Foot Ball Club,Juninho,Zagueiro,71,36
2016,Coritiba Foot Ball Club,Luccas Claro,Zagueiro,65,23
2016,Coritiba Foot Ball Club,Alan Santos,Zagueiro,61,14
2016,Coritiba Foot Ball Club,César Benítez,Zagueiro,60,15
2016,Coritiba Foot Ball Club,Walisson Maia,Zagueiro,60,15
2016,Coritiba Foot Ball Club,Nery Bareiro,Zagueiro,60,13
2016,Coritiba Foot Ball Club,João Paulo,Volante,65,29
2016,Coritiba Foot Ball Club,Edinho,Volante,61,20
2016,Coritiba Foot Ball Club,Raphael Veiga,Meia,69,19
2016,Coritiba Foot Ball Club,Ruy,Meia,63,12
2016,Coritiba Foot Ball Club,César González,Meia,61,14
2016,Coritiba Foot Ball Club,Leandro Moura,Ponta,69,25
2016,Coritiba Foot Ball Club,Vinícius,Ponta,65,19
2016,Coritiba Foot Ball Club,Iago Dias,Ponta,65,24
2016,Coritiba Foot Ball Club,Felipe Amorim,Ponta,58,10
2016,Coritiba Foot Ball Club,Evandro,Ponta,58,11
2016,Coritiba Foot Ball Club,Yan Sasse,Ponta,57,9
2016,Coritiba Foot Ball Club,Kléber,Atacante,74,24
2016,Coritiba Foot Ball Club,Colin Kazım-Richards,Atacante,69,21
2016,Cruzeiro Esporte Clube,Rafael,Goleiro,66,17
2016,Cruzeiro Esporte Clube,Fábio,Goleiro,62,19
2016,Cruzeiro Esporte Clube,Juan Sánchez Miño,Lateral,66,4
2016,Cruzeiro Esporte Clube,Edimar,Lateral,64,20
2016,Cruzeiro Esporte Clube,Lucas,Lateral,62,22
2016,Cruzeiro Esporte Clube,Ezequiel,Lateral,60,12
2016,Cruzeiro Esporte Clube,Manoel,Zagueiro,66,16
2016,Cruzeiro Esporte Clube,Bruno Viana,Zagueiro,61,13
2016,Cruzeiro Esporte Clube,Fabrício Bruno,Zagueiro,59,7
2016,Cruzeiro Esporte Clube,Denílson,Volante,55,3
2016,Cruzeiro Esporte Clube,Giorgian de Arrascaeta,Meia,81,31
2016,Cruzeiro Esporte Clube,Robinho,Meia,75,24
2016,Cruzeiro Esporte Clube,Alisson,Meia,72,20
2016,Cruzeiro Esporte Clube,Ariel Cabral,Meia,64,25
2016,Cruzeiro Esporte Clube,Alex Apolinário,Meia,56,6
2016,Cruzeiro Esporte Clube,Matías Pisano,Ponta,66,4
2016,Cruzeiro Esporte Clube,Rafinha,Ponta,65,16
2016,Cruzeiro Esporte Clube,Allano,Ponta,58,9
2016,Cruzeiro Esporte Clube,Willian Bigode,Atacante,75,33
2016,Cruzeiro Esporte Clube,Ramón Ábila,Atacante,72,21
2016,Cruzeiro Esporte Clube,Rafael Sóbis,Atacante,68,22
2016,Cruzeiro Esporte Clube,Douglas Coutinho,Atacante,64,7
2016,Cruzeiro Esporte Clube,Duvier Riascos,Atacante,61,10
2016,Esporte Clube Vitória,Fernando Miguel,Goleiro,67,31
2016,Esporte Clube Vitória,Caíque,Goleiro,60,8
2016,Esporte Clube Vitória,Ronaldo,Goleiro,54,0
2016,Esporte Clube Vitória,Diego Renan,Lateral,70,33
2016,Esporte Clube Vitória,Diogo Mateus,Lateral,60,15
2016,Esporte Clube Vitória,Norberto,Lateral,57,8
2016,Esporte Clube Vitória,Maicon Silva,Lateral,55,4
2016,Esporte Clube Vitória,Kanu,Zagueiro,67,26
2016,Esporte Clube Vitória,Ramon Menezes,Zagueiro,65,29
2016,Esporte Clube Vitória,Victor Ramos,Zagueiro,65,25
2016,Esporte Clube Vitória,Bruno Bispo,Zagueiro,54,0
2016,Esporte Clube Vitória,Willian Farias,Volante,68,33
2016,Esporte Clube Vitória,Zé Welison,Volante,59,13
2016,Esporte Clube Vitória,Flávio,Meia,63,10
2016,Esporte Clube Vitória,Tiago Real,Meia,63,24
2016,Esporte Clube Vitória,Serginho,Meia,62,16
2016,Esporte Clube Vitória,Marinho,Ponta,80,27
2016,Esporte Clube Vitória,Euller,Ponta,67,27
2016,Esporte Clube Vitória,David,Ponta,63,17
2016,Esporte Clube Vitória,Leandro Domingues,Ponta,63,9
2016,Esporte Clube Vitória,Marcelo Cirino,Ponta,55,4
2016,Esporte Clube Vitória,Dagoberto,Atacante,60,17
2016,Esporte Clube Vitória,Alípio,Atacante,58,10
2016,Figueirense Futebol Clube,Roberto Fernández,Goleiro,68,28
2016,Figueirense Futebol Clube,Luan Polli,Goleiro,54,0
2016,Figueirense Futebol Clube,Ayrton,Lateral,67,31
2016,Figueirense Futebol Clube,Marquinhos Pedroso,Lateral,67,29
2016,Figueirense Futebol Clube,Pará,Lateral,57,9
2016,Figueirense Futebol Clube,Bruno Alves,Zagueiro,67,34
2016,Figueirense Futebol Clube,Marquinhos,Zagueiro,62,19
2016,Figueirense Futebol Clube,Werley,Zagueiro,62,21
2016,Figueirense Futebol Clube,Ferrugem,Volante,65,27
2016,Figueirense Futebol Clube,Elicarlos,Volante,61,19
2016,Figueirense Futebol Clube,Renato Augusto,Volante,60,14
2016,Figueirense Futebol Clube,Josa,Volante,57,8
2016,Figueirense Futebol Clube,Carlos Alberto,Meia,73,8
2016,Figueirense Futebol Clube,Jefferson,Meia,65,19
2016,Figueirense Futebol Clube,Yago Felipe,Meia,61,12
2016,Figueirense Futebol Clube,Élvis,Meia,60,11
2016,Figueirense Futebol Clube,Michael Ortega,Meia,57,7
2016,Figueirense Futebol Clube,Dodô,Ponta,66,18
2016,Figueirense Futebol Clube,Rafael Moura,Atacante,73,29
2016,Figueirense Futebol Clube,Lins,Atacante,67,25
2016,Figueirense Futebol Clube,Rafael Silva,Atacante,63,15
2016,Figueirense Futebol Clube,Dudú,Atacante,58,11
2016,Figueirense Futebol Clube,Guilherme Queiróz,Atacante,58,10
2016,Fluminense Football Club,Diego Cavalieri,Goleiro,72,23
2016,Fluminense Football Club,Júlio César,Goleiro,64,17
2016,Fluminense Football Club,Wellington Silva,Lateral,68,32
2016,Fluminense Football Club,William Matheus,Lateral,64,20
2016,Fluminense Football Club,Jonathan,Lateral,61,11
2016,Fluminense Football Club,Giovanni,Lateral,59,14
2016,Fluminense Football Club,Igor Julião,Lateral,56,5
2016,Fluminense Football Club,Henrique,Zagueiro,72,37
2016,Fluminense Football Club,Gum,Zagueiro,67,34
2016,Fluminense Football Club,Edson,Volante,61,20
2016,Fluminense Football Club,Pierre,Volante,61,19
2016,Fluminense Football Club,Gustavo Scarpa,Meia,85,34
2016,Fluminense Football Club,Cícero,Meia,74,35
2016,Fluminense Football Club,Douglas Augusto,Meia,72,30
2016,Fluminense Football Club,Dudu Figueiredo,Meia,57,7
2016,Fluminense Football Club,Maranhão,Ponta,61,12
2016,Fluminense Football Club,Danilinho,Ponta,60,9
2016,Fluminense Football Club,Osvaldo,Ponta,58,11
2016,Fluminense Football Club,Richarlison,Atacante,72,28
2016,Fluminense Football Club,Henrique Dourado,Atacante,68,12
2016,Fluminense Football Club,Fred,Atacante,66,6
2016,Fluminense Football Club,Magno Alves,Atacante,65,22
2016,Fluminense Football Club,Samuel Rosa,Atacante,57,9
2016,Grêmio Foot-Ball Porto Alegrense,Léo Jardim,Goleiro,59,3
2016,Grêmio Foot-Ball Porto Alegrense,Douglas Friedrich,Goleiro,54,0
2016,Grêmio Foot-Ball Porto Alegrense,Edílson,Lateral,65,26
2016,Grêmio Foot-Ball Porto Alegrense,Marcelo Hermes,Lateral,62,9
2016,Grêmio Foot-Ball Porto Alegrense,Pedro Geromel,Zagueiro,71,26
2016,Grêmio Foot-Ball Porto Alegrense,Wallace,Zagueiro,64,18
2016,Grêmio Foot-Ball Porto Alegrense,Bressan,Zagueiro,61,6
2016,Grêmio Foot-Ball Porto Alegrense,Walter Kannemann,Zagueiro,59,13
2016,Grêmio Foot-Ball Porto Alegrense,Rafael Thyere,Zagueiro,57,9
2016,Grêmio Foot-Ball Porto Alegrense,Jailson,Volante,68,29
2016,Grêmio Foot-Ball Porto Alegrense,Kaio Mendes,Volante,59,10
2016,Grêmio Foot-Ball Porto Alegrense,Giuliano,Meia,75,15
2016,Grêmio Foot-Ball Porto Alegrense,Luan,Meia,73,25
2016,Grêmio Foot-Ball Porto Alegrense,Douglas,Meia,71,29
2016,Grêmio Foot-Ball Porto Alegrense,Miler Bolaños,Meia,65,18
2016,Grêmio Foot-Ball Porto Alegrense,Ramiro,Meia,63,22
2016,Grêmio Foot-Ball Porto Alegrense,Lincoln,Meia,59,10
2016,Grêmio Foot-Ball Porto Alegrense,Everton,Ponta,72,27
2016,Grêmio Foot-Ball Porto Alegrense,Pedro Rocha,Ponta,70,22
2016,Grêmio Foot-Ball Porto Alegrense,Negueba,Ponta,60,11
2016,Grêmio Foot-Ball Porto Alegrense,Guilherme,Ponta,60,17
2016,Grêmio Foot-Ball Porto Alegrense,Henrique Almeida,Atacante,65,17
2016,Grêmio Foot-Ball Porto Alegrense,Bobô,Atacante,64,9
2016,Santa Cruz FC (PE),Tiago Cardoso,Goleiro,69,34
2016,Santa Cruz FC (PE),Tiago Costa,Lateral,63,17
2016,Santa Cruz FC (PE),Roberto,Lateral,62,13
2016,Santa Cruz FC (PE),Vítor,Lateral,62,12
2016,Santa Cruz FC (PE),Luan Peres,Zagueiro,59,14
2016,Santa Cruz FC (PE),Wellington,Zagueiro,56,5
2016,Santa Cruz FC (PE),Alemão,Zagueiro,55,3
2016,Santa Cruz FC (PE),Uillian Correia,Volante,66,27
2016,Santa Cruz FC (PE),Derley,Volante,62,18
2016,Santa Cruz FC (PE),João Paulo,Meia,70,34
2016,Santa Cruz FC (PE),Lelê,Meia,60,10
2016,Santa Cruz FC (PE),Fernando Gabriel,Meia,60,9
2016,Santa Cruz FC (PE),Jádson,Meia,60,17
2016,Santa Cruz FC (PE),Daniel Costa,Meia,55,4
2016,Santa Cruz FC (PE),Wagner,Meia,55,3
2016,Santa Cruz FC (PE),Marcinho,Meia,54,1
2016,Santa Cruz FC (PE),Keno,Ponta,79,34
2016,Santa Cruz FC (PE),Arthur Caíke,Ponta,72,36
2016,Santa Cruz FC (PE),Matías Pisano,Ponta,64,11
2016,Santa Cruz FC (PE),Danilo Pires,Ponta,58,10
2016,Santa Cruz FC (PE),Bruno Moraes,Atacante,66,20
2016,Santa Cruz FC (PE),Wallyson,Atacante,60,16
2016,Santa Cruz FC (PE),Everaldo,Atacante,55,3
2016,Santos FC,Vanderlei,Goleiro,72,37
2016,Santos FC,Vladimir,Goleiro,61,2
2016,Santos FC,Zeca,Lateral,67,31
2016,Santos FC,Daniel Guedes,Lateral,62,2
2016,Santos FC,Gustavo Henrique,Zagueiro,68,24
2016,Santos FC,David Braz,Zagueiro,66,21
2016,Santos FC,Luiz Felipe,Zagueiro,64,26
2016,Santos FC,Fabián Noguera,Zagueiro,59,7
2016,Santos FC,Thiago Maia,Volante,72,31
2016,Santos FC,Yuri Lima,Volante,60,16
2016,Santos FC,Vitor Bueno,Meia,81,33
2016,Santos FC,Renato,Meia,71,38
2016,Santos FC,Victor Ferraz,Meia,70,37
2016,Santos FC,Lucas Lima,Meia,69,25
2016,Santos FC,Léo Cittadini,Meia,63,16
2016,Santos FC,Rafael Longuine,Meia,56,6
2016,Santos FC,Serginho,Meia,56,5
2016,Santos FC,Jonathan Copete,Ponta,77,25
2016,Santos FC,Maxi Rolón,Ponta,55,2
2016,Santos FC,Gabriel Barbosa,Atacante,81,11
2016,Santos FC,Ricardo Oliveira,Atacante,78,20
2016,Santos FC,Rodrigão,Atacante,66,15
2016,Santos FC,Joel Tagueu,Atacante,65,16
2016,Sociedade Esportiva Palmeiras,Jailson,Goleiro,67,19
2016,Sociedade Esportiva Palmeiras,Fernando Prass,Goleiro,65,16
2016,Sociedade Esportiva Palmeiras,Egídio,Lateral,64,14
2016,Sociedade Esportiva Palmeiras,Fabrício,Lateral,56,6
2016,Sociedade Esportiva Palmeiras,Vitor Hugo,Zagueiro,74,35
2016,Sociedade Esportiva Palmeiras,Yerry Mina,Zagueiro,70,13
2016,Sociedade Esportiva Palmeiras,Thiago Santos,Zagueiro,64,25
2016,Sociedade Esportiva Palmeiras,Thiago Martins,Zagueiro,62,17
2016,Sociedade Esportiva Palmeiras,Fabiano,Zagueiro,60,7
2016,Sociedade Esportiva Palmeiras,Gabriel,Volante,59,8
2016,Sociedade Esportiva Palmeiras,Matheus Sales,Volante,58,10
2016,Sociedade Esportiva Palmeiras,Cleiton Xavier,Meia,76,30
2016,Sociedade Esportiva Palmeiras,Tchê Tchê,Meia,74,37
2016,Sociedade Esportiva Palmeiras,Moisés,Meia,70,34
2016,Sociedade Esportiva Palmeiras,Dudu,Ponta,85,33
2016,Sociedade Esportiva Palmeiras,Erik,Ponta,66,16
2016,Sociedade Esportiva Palmeiras,Zé Roberto,Ponta,66,27
2016,Sociedade Esportiva Palmeiras,Gabriel Jesus,Atacante,86,27
2016,Sociedade Esportiva Palmeiras,Róger Guedes,Atacante,68,31
2016,Sociedade Esportiva Palmeiras,Alecsandro,Atacante,66,13
2016,Sociedade Esportiva Palmeiras,Leandro Pereira,Atacante,65,10
2016,Sociedade Esportiva Palmeiras,Lucas Barrios,Atacante,64,9
2016,Sociedade Esportiva Palmeiras,Rafael Marques,Atacante,63,19
2016,Sport Club Corinthians Paulista,Walter,Goleiro,67,19
2016,Sport Club Corinthians Paulista,Cássio,Goleiro,65,21
2016,Sport Club Corinthians Paulista,Fagner,Lateral,73,33
2016,Sport Club Corinthians Paulista,Uendel,Lateral,68,33
2016,Sport Club Corinthians Paulista,Guilherme Arana,Lateral,59,10
2016,Sport Club Corinthians Paulista,Fabián Balbuena,Zagueiro,68,29
2016,Sport Club Corinthians Paulista,Felipe,Zagueiro,63,7
2016,Sport Club Corinthians Paulista,Vilson,Zagueiro,60,14
2016,Sport Club Corinthians Paulista,Pedro Henrique,Zagueiro,59,13
2016,Sport Club Corinthians Paulista,Willians,Volante,62,11
2016,Sport Club Corinthians Paulista,Jean Irmer,Volante,55,2
2016,Sport Club Corinthians Paulista,Marquinhos Gabriel,Meia,73,34
2016,Sport Club Corinthians Paulista,Marlone,Meia,73,24
2016,Sport Club Corinthians Paulista,Giovanni Augusto,Meia,71,32
2016,Sport Club Corinthians Paulista,Bruno Henrique,Meia,71,21
2016,Sport Club Corinthians Paulista,Rodriguinho,Meia,70,29
2016,Sport Club Corinthians Paulista,Cristian,Meia,63,14
2016,Sport Club Corinthians Paulista,Camacho,Meia,63,17
2016,Sport Club Corinthians Paulista,Ángel Romero,Ponta,70,27
2016,Sport Club Corinthians Paulista,Lucca,Ponta,67,21
2016,Sport Club Corinthians Paulista,Luciano,Atacante,67,15
2016,Sport Club Corinthians Paulista,André Felipe,Atacante,66,11
2016,Sport Club Corinthians Paulista,Gustavo,Atacante,58,9
2016,Sport Club Internacional,Danilo Fernandes,Goleiro,68,27
2016,Sport Club Internacional,Marcelo Lomba,Goleiro,56,6
2016,Sport Club Internacional,William,Lateral,72,32
2016,Sport Club Internacional,Artur,Lateral,65,20
2016,Sport Club Internacional,Gustavo Ferrareis,Lateral,65,24
2016,Sport Club Internacional,Geferson,Lateral,60,15
2016,Sport Club Internacional,Ceará,Lateral,58,12
2016,Sport Club Internacional,Ernando,Zagueiro,69,37
2016,Sport Club Internacional,Paulão,Zagueiro,65,31
2016,Sport Club Internacional,Eduardo Bauermann,Zagueiro,56,6
2016,Sport Club Internacional,Fabinho,Volante,64,24
2016,Sport Club Internacional,Rodrigo Dourado,Volante,63,23
2016,Sport Club Internacional,Eduardo Henrique,Volante,57,6
2016,Sport Club Internacional,Valdívia,Meia,69,27
2016,Sport Club Internacional,Anderson,Meia,68,20
2016,Sport Club Internacional,Alex,Meia,65,23
2016,Sport Club Internacional,Andrigo,Meia,58,11
2016,Sport Club Internacional,Vitinho,Ponta,80,28
2016,Sport Club Internacional,Luis Manuel Seijas,Ponta,69,19
2016,Sport Club Internacional,Eduardo Sasha,Atacante,70,31
2016,Sport Club Internacional,Aylon,Atacante,67,21
2016,Sport Club Internacional,Nicolás López,Atacante,62,12
2016,Sport Club Internacional,Ariel Nahuelpán,Atacante,61,11
2016,Sport Club do Recife,Magrão,Goleiro,70,34
2016,Sport Club do Recife,Luiz Carlos,Goleiro,54,0
2016,Sport Club do Recife,Samuel Xavier,Lateral,67,35
2016,Sport Club do Recife,Renê,Lateral,63,23
2016,Sport Club do Recife,Matheus Ferraz,Zagueiro,67,32
2016,Sport Club do Recife,Oswaldo Henríquez,Zagueiro,55,4
2016,Sport Club do Recife,Rithely,Volante,68,33
2016,Sport Club do Recife,Serginho,Volante,63,17
2016,Sport Club do Recife,Neto Moura,Volante,61,12
2016,Sport Club do Recife,Paulo Roberto,Volante,59,14
2016,Sport Club do Recife,Rodrigo Mancha,Volante,59,14
2016,Sport Club do Recife,Everton Felipe,Meia,70,36
2016,Sport Club do Recife,Clayton,Meia,55,4
2016,Sport Club do Recife,Rogério,Ponta,73,26
2016,Sport Club do Recife,Rodney Wallace,Ponta,70,23
2016,Sport Club do Recife,Gabriel Xavier,Ponta,68,28
2016,Sport Club do Recife,Apodi,Ponta,63,15
2016,Sport Club do Recife,Reinaldo Lenis,Ponta,61,15
2016,Sport Club do Recife,Diego Souza,Atacante,85,34
2016,Sport Club do Recife,Edmílson,Atacante,69,22
2016,Sport Club do Recife,Vinícius Araújo,Atacante,65,16
2016,Sport Club do Recife,Túlio de Melo,Atacante,62,11
2016,Sport Club do Recife,Luis Carlos Ruiz,Atacante,61,12
2016,São Paulo Futebol Clube,Léo Vieira,Goleiro,66,1
2016,São Paulo Futebol Clube,Renan Ribeiro,Goleiro,62,2
2016,São Paulo Futebol Clube,Bruno,Lateral,62,16
2016,São Paulo Futebol Clube,Matheus Reis,Lateral,61,15
2016,São Paulo Futebol Clube,Julio Buffarini,Lateral,60,17
2016,São Paulo Futebol Clube,Maicon,Zagueiro,74,32
2016,São Paulo Futebol Clube,Diego Lugano,Zagueiro,62,13
2016,São Paulo Futebol Clube,Rodrigo Caio,Zagueiro,62,20
2016,São Paulo Futebol Clube,Lyanco,Zagueiro,61,12
2016,São Paulo Futebol Clube,Thiago Mendes,Volante,73,32
2016,São Paulo Futebol Clube,João Schmidt,Volante,65,22
2016,São Paulo Futebol Clube,Húdson,Volante,61,19
2016,São Paulo Futebol Clube,Ganso,Meia,68,7
2016,São Paulo Futebol Clube,Wesley,Meia,63,21
2016,São Paulo Futebol Clube,Kelvin,Ponta,72,27
2016,São Paulo Futebol Clube,Luiz Araújo,Ponta,68,22
2016,São Paulo Futebol Clube,David Neres,Ponta,67,8
2016,São Paulo Futebol Clube,Michel Bastos,Ponta,65,14
2016,São Paulo Futebol Clube,Robson,Ponta,60,7
2016,São Paulo Futebol Clube,Andrés Chávez,Atacante,80,21
2016,São Paulo Futebol Clube,Alan Kardec,Atacante,72,12
2016,São Paulo Futebol Clube,Gilberto,Atacante,65,8
2016,São Paulo Futebol Clube,Ytalo,Atacante,62,12
2017,Associação Atlética Ponte Preta,Aranha,Goleiro,72,37
2017,Associação Atlética Ponte Preta,João Carlos,Goleiro,54,1
2017,Associação Atlética Ponte Preta,Nino Paraíba,Lateral,69,34
2017,Associação Atlética Ponte Preta,Danilo Barcelos,Lateral,67,22
2017,Associação Atlética Ponte Preta,Jeferson,Lateral,64,24
2017,Associação Atlética Ponte Preta,João Lucas,Lateral,59,10
2017,Associação Atlética Ponte Preta,Marllon,Zagueiro,65,31
2017,Associação Atlética Ponte Preta,Luan Peres,Zagueiro,60,16
2017,Associação Atlética Ponte Preta,Kadu,Zagueiro,58,7
2017,Associação Atlética Ponte Preta,Elton,Volante,65,28
2017,Associação Atlética Ponte Preta,Fábio Braga,Volante,55,2
2017,Associação Atlética Ponte Preta,Renato Cajá,Meia,67,18
2017,Associação Atlética Ponte Preta,Léo Artur,Meia,64,22
2017,Associação Atlética Ponte Preta,Jádson,Meia,63,21
2017,Associação Atlética Ponte Preta,Claudinho,Meia,60,17
2017,Associação Atlética Ponte Preta,Lucca,Ponta,78,37
2017,Associação Atlética Ponte Preta,Emerson,Ponta,68,23
2017,Associação Atlética Ponte Preta,Wendel,Ponta,64,20
2017,Associação Atlética Ponte Preta,Felipe Saraiva,Ponta,61,20
2017,Associação Atlética Ponte Preta,Maranhão,Ponta,57,9
2017,Associação Atlética Ponte Preta,Negueba,Ponta,55,4
2017,Associação Atlética Ponte Preta,Léo Gamalho,Atacante,66,13
2017,Associação Atlética Ponte Preta,Lins,Atacante,58,10
2017,Associação Chapecoense de Futebol,Jandrei,Goleiro,73,38
2017,Associação Chapecoense de Futebol,Artur Moraes,Goleiro,54,0
2017,Associação Chapecoense de Futebol,Reinaldo,Lateral,72,34
2017,Associação Chapecoense de Futebol,João Pedro,Lateral,57,9
2017,Associação Chapecoense de Futebol,Andrei Girotto,Zagueiro,66,17
2017,Associação Chapecoense de Futebol,Douglas Grolli,Zagueiro,64,20
2017,Associação Chapecoense de Futebol,Fabrício Bruno,Zagueiro,64,25
2017,Associação Chapecoense de Futebol,Douglas,Zagueiro,63,11
2017,Associação Chapecoense de Futebol,Luiz Otávio,Zagueiro,61,11
2017,Associação Chapecoense de Futebol,Victor Ramos,Zagueiro,60,12
2017,Associação Chapecoense de Futebol,Moisés Ribeiro,Volante,62,22
2017,Associação Chapecoense de Futebol,Lucas Mineiro,Volante,62,18
2017,Associação Chapecoense de Futebol,Elicarlos,Volante,60,11
2017,Associação Chapecoense de Futebol,Lucas Marques,Meia,68,15
2017,Associação Chapecoense de Futebol,Héctor Canteros,Meia,68,13
2017,Associação Chapecoense de Futebol,Arthur Caíke,Ponta,79,34
2017,Associação Chapecoense de Futebol,Apodi,Ponta,73,35
2017,Associação Chapecoense de Futebol,Rossi,Ponta,68,10
2017,Associação Chapecoense de Futebol,Luis Manuel Seijas,Ponta,65,18
2017,Associação Chapecoense de Futebol,Lourency,Ponta,63,10
2017,Associação Chapecoense de Futebol,Cristian Penilla,Ponta,58,11
2017,Associação Chapecoense de Futebol,Wellington Paulista,Atacante,76,34
2017,Associação Chapecoense de Futebol,Túlio de Melo,Atacante,73,24
2017,Atlético Clube Goianiense,Felipe Garcia,Goleiro,62,18
2017,Atlético Clube Goianiense,Marcos de Paula,Goleiro,60,11
2017,Atlético Clube Goianiense,Kléver,Goleiro,59,9
2017,Atlético Clube Goianiense,Bruno Pacheco,Lateral,66,29
2017,Atlético Clube Goianiense,Jonathan,Lateral,62,23
2017,Atlético Clube Goianiense,Breno Lopes,Lateral,62,20
2017,Atlético Clube Goianiense,Gilvan,Zagueiro,64,24
2017,Atlético Clube Goianiense,Roger Carvalho,Zagueiro,62,19
2017,Atlético Clube Goianiense,William Alves,Zagueiro,60,17
2017,Atlético Clube Goianiense,Eduardo Bauermann,Zagueiro,59,14
2017,Atlético Clube Goianiense,André Castro,Volante,66,32
2017,Atlético Clube Goianiense,Marcão,Volante,64,22
2017,Atlético Clube Goianiense,Ronaldo,Volante,59,9
2017,Atlético Clube Goianiense,Andrigo,Meia,73,36
2017,Atlético Clube Goianiense,Jorginho,Meia,71,35
2017,Atlético Clube Goianiense,Diego Rosa,Meia,70,22
2017,Atlético Clube Goianiense,Igor Henrique,Meia,67,28
2017,Atlético Clube Goianiense,Paulinho,Meia,65,20
2017,Atlético Clube Goianiense,Silva,Meia,58,11
2017,Atlético Clube Goianiense,Luiz Fernando,Ponta,74,33
2017,Atlético Clube Goianiense,Niltinho,Ponta,64,19
2017,Atlético Clube Goianiense,Everaldo,Atacante,70,13
2017,Atlético Clube Goianiense,Walter,Atacante,69,25
2017,Atlético Paranaense,Weverton,Goleiro,70,34
2017,Atlético Paranaense,Santos,Goleiro,61,4
2017,Atlético Paranaense,Sidcley,Lateral,75,35
2017,Atlético Paranaense,Jonathan,Lateral,70,29
2017,Atlético Paranaense,Fabrício,Lateral,63,20
2017,Atlético Paranaense,Gustavo Cascardo,Lateral,58,10
2017,Atlético Paranaense,Thiago Heleno,Zagueiro,66,28
2017,Atlético Paranaense,Wanderson,Zagueiro,64,25
2017,Atlético Paranaense,Paulo André,Zagueiro,62,21
2017,Atlético Paranaense,Otávio,Volante,67,13
2017,Atlético Paranaense,Eduardo Henrique,Volante,63,15
2017,Atlético Paranaense,Felipe Gedoz,Meia,71,16
2017,Atlético Paranaense,Nikão,Meia,68,29
2017,Atlético Paranaense,Matheus Rossetto,Meia,68,31
2017,Atlético Paranaense,Lucho González,Meia,67,26
2017,Atlético Paranaense,Matheus Anjos,Meia,57,7
2017,Atlético Paranaense,Lucas Fernandes,Ponta,61,14
2017,Atlético Paranaense,Yago César,Ponta,55,2
2017,Atlético Paranaense,Douglas Coutinho,Atacante,69,26
2017,Atlético Paranaense,Ribamar,Atacante,69,19
2017,Atlético Paranaense,Éderson,Atacante,64,18
2017,Atlético Paranaense,Pablo,Atacante,63,22
2017,Atlético Paranaense,Eduardo,Atacante,59,6
2017,Avaí FC,Douglas Friedrich,Goleiro,69,28
2017,Avaí FC,Mauricio Kozlinski,Goleiro,60,10
2017,Avaí FC,Leandro Silva,Lateral,67,32
2017,Avaí FC,Capa,Lateral,65,29
2017,Avaí FC,João Paulo,Lateral,60,13
2017,Avaí FC,Maicon,Lateral,59,9
2017,Avaí FC,Diego Tavares,Lateral,59,13
2017,Avaí FC,Betão,Zagueiro,69,36
2017,Avaí FC,Alemão,Zagueiro,67,34
2017,Avaí FC,Gustavo,Zagueiro,55,3
2017,Avaí FC,Wellington Simião,Volante,67,32
2017,Avaí FC,Judson,Volante,67,33
2017,Avaí FC,Luan Scapolan,Volante,60,13
2017,Avaí FC,Pedro Castro,Meia,70,32
2017,Avaí FC,Caio César,Meia,68,2
2017,Avaí FC,Marquinhos,Meia,67,23
2017,Avaí FC,Lourenço,Meia,60,10
2017,Avaí FC,Vinícius Pacheco,Meia,55,2
2017,Avaí FC,Rômulo Souza,Ponta,70,34
2017,Avaí FC,Willians Santana,Ponta,65,20
2017,Avaí FC,Júnior Dutra,Atacante,76,30
2017,Avaí FC,Joel Tagueu,Atacante,67,21
2017,Avaí FC,Deni Júnior,Atacante,55,3
2017,Botafogo de Futebol e Regatas,Roberto Fernández,Goleiro,69,31
2017,Botafogo de Futebol e Regatas,Jefferson,Goleiro,60,6
2017,Botafogo de Futebol e Regatas,Victor Luís,Lateral,66,31
2017,Botafogo de Futebol e Regatas,Arnaldo,Lateral,65,30
2017,Botafogo de Futebol e Regatas,Gilson,Lateral,64,27
2017,Botafogo de Futebol e Regatas,Igor Rabello,Zagueiro,66,31
2017,Botafogo de Futebol e Regatas,Joel Carli,Zagueiro,66,28
2017,Botafogo de Futebol e Regatas,Marcelo Benevenuto,Zagueiro,59,13
2017,Botafogo de Futebol e Regatas,Emerson,Zagueiro,57,7
2017,Botafogo de Futebol e Regatas,Emerson,Zagueiro,55,4
2017,Botafogo de Futebol e Regatas,Rodrigo Lindoso,Volante,71,30
2017,Botafogo de Futebol e Regatas,Matheus Fernandes,Volante,65,23
2017,Botafogo de Futebol e Regatas,Bruno Silva,Meia,75,33
2017,Botafogo de Futebol e Regatas,João Paulo,Meia,70,30
2017,Botafogo de Futebol e Regatas,Leandrinho,Meia,61,6
2017,Botafogo de Futebol e Regatas,Dudu Cearense,Meia,59,13
2017,Botafogo de Futebol e Regatas,Camilo,Meia,57,7
2017,Botafogo de Futebol e Regatas,Walter Montillo,Meia,56,6
2017,Botafogo de Futebol e Regatas,Rodrigo Pimpão,Ponta,75,32
2017,Botafogo de Futebol e Regatas,Guilherme,Ponta,70,32
2017,Botafogo de Futebol e Regatas,Roger Silva,Atacante,76,20
2017,Botafogo de Futebol e Regatas,Brenner,Atacante,71,18
2017,Botafogo de Futebol e Regatas,Vinícius Tanque,Atacante,64,10
2017,CR Flamengo,Diego Alves,Goleiro,71,19
2017,CR Flamengo,Thiago Silva,Goleiro,62,11
2017,CR Flamengo,Rodinei,Lateral,68,19
2017,CR Flamengo,Miguel Trauco,Lateral,67,23
2017,CR Flamengo,Pará,Lateral,66,29
2017,CR Flamengo,Renê,Lateral,60,17
2017,CR Flamengo,Réver,Zagueiro,66,25
2017,CR Flamengo,Rhodolfo,Zagueiro,64,19
2017,CR Flamengo,Rafael Vaz,Zagueiro,62,20
2017,CR Flamengo,Juan,Zagueiro,60,13
2017,CR Flamengo,Willian Arão,Volante,73,30
2017,CR Flamengo,Márcio Araújo,Volante,65,27
2017,CR Flamengo,Gustavo Cuéllar,Volante,63,25
2017,CR Flamengo,Diego,Meia,81,27
2017,CR Flamengo,Everton Ribeiro,Meia,72,29
2017,CR Flamengo,Lucas Paquetá,Meia,70,17
2017,CR Flamengo,Federico Mancuello,Meia,63,8
2017,CR Flamengo,Vinicius Junior,Ponta,77,25
2017,CR Flamengo,Éverton,Ponta,74,27
2017,CR Flamengo,Orlando Berrío,Ponta,66,19
2017,CR Flamengo,Geuvânio,Ponta,62,16
2017,CR Flamengo,Paolo Guerrero,Atacante,70,19
2017,CR Flamengo,Felipe Vizeu,Atacante,65,18
2017,Clube Atlético Mineiro,Victor,Goleiro,71,37
2017,Clube Atlético Mineiro,Giovanni,Goleiro,54,1
2017,Clube Atlético Mineiro,Fábio Santos,Lateral,69,34
2017,Clube Atlético Mineiro,Marcos Rocha,Lateral,65,21
2017,Clube Atlético Mineiro,Alex Silva,Lateral,62,12
2017,Clube Atlético Mineiro,Gabriel,Zagueiro,64,26
2017,Clube Atlético Mineiro,Leonardo Silva,Zagueiro,63,21
2017,Clube Atlético Mineiro,Bremer,Zagueiro,60,12
2017,Clube Atlético Mineiro,Roger Bernardo,Zagueiro,59,11
2017,Clube Atlético Mineiro,Matheus Mancini,Zagueiro,56,6
2017,Clube Atlético Mineiro,Rafael Carioca,Volante,67,18
2017,Clube Atlético Mineiro,Yago Henrique,Volante,64,24
2017,Clube Atlético Mineiro,Juan Cazares,Meia,75,30
2017,Clube Atlético Mineiro,Rómulo Otero,Meia,74,28
2017,Clube Atlético Mineiro,Valdívia,Meia,68,26
2017,Clube Atlético Mineiro,Marlone,Meia,63,12
2017,Clube Atlético Mineiro,Maicosuel,Meia,58,4
2017,Clube Atlético Mineiro,Gustavo Blanco,Meia,56,5
2017,Clube Atlético Mineiro,Robinho,Ponta,80,30
2017,Clube Atlético Mineiro,Luan,Ponta,65,18
2017,Clube Atlético Mineiro,Fred,Atacante,77,29
2017,Clube Atlético Mineiro,Rafael Moura,Atacante,68,26
2017,Clube Atlético Mineiro,Clayton,Atacante,61,7
2017,Clube de Regatas Vasco da Gama,Jordi,Goleiro,54,1
2017,Clube de Regatas Vasco da Gama,Gilberto,Lateral,66,26
2017,Clube de Regatas Vasco da Gama,Henrique Silva,Lateral,65,21
2017,Clube de Regatas Vasco da Gama,Madson,Lateral,62,19
2017,Clube de Regatas Vasco da Gama,Paulão,Zagueiro,64,24
2017,Clube de Regatas Vasco da Gama,Rafael Marques,Zagueiro,60,15
2017,Clube de Regatas Vasco da Gama,Anderson Martins,Zagueiro,59,14
2017,Clube de Regatas Vasco da Gama,Jean Irmer,Volante,70,34
2017,Clube de Regatas Vasco da Gama,Wellington,Volante,64,26
2017,Clube de Regatas Vasco da Gama,Bruno Paulista,Volante,60,10
2017,Clube de Regatas Vasco da Gama,Andrey,Volante,55,4
2017,Clube de Regatas Vasco da Gama,Nenê,Meia,78,31
2017,Clube de Regatas Vasco da Gama,Mateus Vital,Meia,71,30
2017,Clube de Regatas Vasco da Gama,Douglas Luiz,Meia,67,11
2017,Clube de Regatas Vasco da Gama,Evander,Meia,64,9
2017,Clube de Regatas Vasco da Gama,Damián Escudero,Meia,60,7
2017,Clube de Regatas Vasco da Gama,Paulinho,Ponta,74,18
2017,Clube de Regatas Vasco da Gama,Yago Pikachu,Ponta,69,27
2017,Clube de Regatas Vasco da Gama,Kelvin,Ponta,65,5
2017,Clube de Regatas Vasco da Gama,Paulo Vítor,Ponta,61,12
2017,Clube de Regatas Vasco da Gama,Éder Luís,Ponta,55,4
2017,Clube de Regatas Vasco da Gama,Luís Fabiano,Atacante,71,12
2017,Clube de Regatas Vasco da Gama,Andrés Ríos,Atacante,66,17
2017,Coritiba Foot Ball Club,Wilson,Goleiro,71,38
2017,Coritiba Foot Ball Club,William Menezes,Goleiro,54,0
2017,Coritiba Foot Ball Club,Thiago Carleto,Lateral,71,21
2017,Coritiba Foot Ball Club,Dodô,Lateral,65,19
2017,Coritiba Foot Ball Club,William Matheus,Lateral,64,22
2017,Coritiba Foot Ball Club,Léo Morais,Lateral,63,23
2017,Coritiba Foot Ball Club,Alan Santos,Zagueiro,66,28
2017,Coritiba Foot Ball Club,Cléber Reis,Zagueiro,65,14
2017,Coritiba Foot Ball Club,Werley,Zagueiro,65,25
2017,Coritiba Foot Ball Club,Márcio,Zagueiro,63,21
2017,Coritiba Foot Ball Club,Walisson Maia,Zagueiro,59,11
2017,Coritiba Foot Ball Club,Jonas,Volante,66,31
2017,Coritiba Foot Ball Club,Edinho,Volante,57,8
2017,Coritiba Foot Ball Club,Matheus Galdezani,Meia,67,30
2017,Coritiba Foot Ball Club,Tiago Real,Meia,67,25
2017,Coritiba Foot Ball Club,Tomas Bastos,Meia,65,12
2017,Coritiba Foot Ball Club,Anderson,Meia,61,12
2017,Coritiba Foot Ball Club,Rildo,Ponta,73,34
2017,Coritiba Foot Ball Club,Neto Berola,Ponta,65,15
2017,Coritiba Foot Ball Club,Iago Dias,Ponta,60,17
2017,Coritiba Foot Ball Club,Henrique Almeida,Atacante,75,32
2017,Coritiba Foot Ball Club,Kléber,Atacante,69,16
2017,Coritiba Foot Ball Club,Alecsandro,Atacante,62,15
2017,Cruzeiro Esporte Clube,Fábio,Goleiro,70,32
2017,Cruzeiro Esporte Clube,Rafael,Goleiro,58,6
2017,Cruzeiro Esporte Clube,Diogo Barbosa,Lateral,68,31
2017,Cruzeiro Esporte Clube,Ezequiel,Lateral,62,21
2017,Cruzeiro Esporte Clube,Murilo,Zagueiro,65,24
2017,Cruzeiro Esporte Clube,Manoel,Zagueiro,63,8
2017,Cruzeiro Esporte Clube,Luis Caicedo,Zagueiro,56,6
2017,Cruzeiro Esporte Clube,Dedé,Zagueiro,55,3
2017,Cruzeiro Esporte Clube,Lucas Silva,Volante,67,20
2017,Cruzeiro Esporte Clube,Húdson,Volante,61,17
2017,Cruzeiro Esporte Clube,Lucas Ventura,Volante,59,6
2017,Cruzeiro Esporte Clube,Thiago Neves,Meia,80,33
2017,Cruzeiro Esporte Clube,Alisson,Meia,71,27
2017,Cruzeiro Esporte Clube,Robinho,Meia,69,18
2017,Cruzeiro Esporte Clube,Giorgian de Arrascaeta,Meia,68,16
2017,Cruzeiro Esporte Clube,Ariel Cabral,Meia,61,14
2017,Cruzeiro Esporte Clube,Rafinha,Ponta,68,28
2017,Cruzeiro Esporte Clube,Sassá,Atacante,75,15
2017,Cruzeiro Esporte Clube,Rafael Sóbis,Atacante,68,23
2017,Cruzeiro Esporte Clube,Ramón Ábila,Atacante,67,10
2017,Cruzeiro Esporte Clube,Judivan,Atacante,65,3
2017,Cruzeiro Esporte Clube,Rafael Marques,Atacante,63,19
2017,Cruzeiro Esporte Clube,Jonata,Atacante,56,5
2017,Esporte Clube Bahia,Anderson,Goleiro,54,0
2017,Esporte Clube Bahia,Rafael Santos,Goleiro,54,0
2017,Esporte Clube Bahia,Eduardo,Lateral,67,35
2017,Esporte Clube Bahia,Matheus Reis,Lateral,63,19
2017,Esporte Clube Bahia,Juninho Capixaba,Lateral,60,17
2017,Esporte Clube Bahia,Gustavo Ferrareis,Lateral,59,11
2017,Esporte Clube Bahia,Tiago Pagnussat,Zagueiro,68,35
2017,Esporte Clube Bahia,Lucas Fonseca,Zagueiro,64,26
2017,Esporte Clube Bahia,Éder,Zagueiro,59,9
2017,Esporte Clube Bahia,Thiago Martins,Zagueiro,58,11
2017,Esporte Clube Bahia,Edson,Volante,64,21
2017,Esporte Clube Bahia,Matheus Sales,Volante,60,14
2017,Esporte Clube Bahia,Zé Rafael,Meia,74,36
2017,Esporte Clube Bahia,Régis,Meia,74,29
2017,Esporte Clube Bahia,Agustín Allione,Meia,72,26
2017,Esporte Clube Bahia,Juninho Valoura,Meia,69,28
2017,Esporte Clube Bahia,Renê Júnior,Meia,69,30
2017,Esporte Clube Bahia,Vina,Meia,68,27
2017,Esporte Clube Bahia,Stiven Mendoza,Ponta,77,31
2017,Esporte Clube Bahia,Pablo Armero,Ponta,58,5
2017,Esporte Clube Bahia,Rodrigão,Atacante,70,14
2017,Esporte Clube Bahia,Gustavo,Atacante,62,5
2017,Esporte Clube Bahia,Hernane,Atacante,56,5
2017,Esporte Clube Vitória,Fernando Miguel,Goleiro,68,29
2017,Esporte Clube Vitória,Caíque,Goleiro,57,9
2017,Esporte Clube Vitória,Patric,Lateral,68,33
2017,Esporte Clube Vitória,Juninho,Lateral,61,12
2017,Esporte Clube Vitória,Caique Sá,Lateral,61,18
2017,Esporte Clube Vitória,Geferson,Lateral,61,19
2017,Esporte Clube Vitória,Thallyson,Lateral,57,7
2017,Esporte Clube Vitória,Kanu,Zagueiro,68,25
2017,Esporte Clube Vitória,Wallace,Zagueiro,67,21
2017,Esporte Clube Vitória,Ramon Menezes,Zagueiro,63,25
2017,Esporte Clube Vitória,Alan Costa,Zagueiro,59,8
2017,Esporte Clube Vitória,Uillian Correia,Volante,70,33
2017,Esporte Clube Vitória,Renê Santos,Volante,59,13
2017,Esporte Clube Vitória,Zé Welison,Volante,59,7
2017,Esporte Clube Vitória,Willian Farias,Volante,58,11
2017,Esporte Clube Vitória,Yago Felipe,Meia,69,28
2017,Esporte Clube Vitória,Cleiton Xavier,Meia,66,17
2017,Esporte Clube Vitória,Carlos Eduardo,Meia,63,12
2017,Esporte Clube Vitória,Neilton,Ponta,76,30
2017,Esporte Clube Vitória,David,Ponta,76,35
2017,Esporte Clube Vitória,Danilinho,Ponta,65,10
2017,Esporte Clube Vitória,Santiago Tréllez,Atacante,76,23
2017,Esporte Clube Vitória,André Lima,Atacante,69,20
2017,Fluminense Football Club,Júlio César,Goleiro,65,22
2017,Fluminense Football Club,Diego Cavalieri,Goleiro,65,16
2017,Fluminense Football Club,Lucas,Lateral,67,32
2017,Fluminense Football Club,Marlon,Lateral,62,15
2017,Fluminense Football Club,Matheus Mascarenhas,Lateral,59,5
2017,Fluminense Football Club,Henrique,Zagueiro,69,29
2017,Fluminense Football Club,Léo,Zagueiro,63,22
2017,Fluminense Football Club,Reginaldo,Zagueiro,61,18
2017,Fluminense Football Club,Ygor Nogueira,Zagueiro,58,11
2017,Fluminense Football Club,Gum,Zagueiro,56,5
2017,Fluminense Football Club,Frazan,Zagueiro,56,6
2017,Fluminense Football Club,Marlon Freitas,Volante,60,16
2017,Fluminense Football Club,Richard,Volante,57,8
2017,Fluminense Football Club,Gustavo Scarpa,Meia,86,38
2017,Fluminense Football Club,Wendel,Meia,79,33
2017,Fluminense Football Club,Douglas Augusto,Meia,66,14
2017,Fluminense Football Club,Matheus Alessandro,Ponta,63,17
2017,Fluminense Football Club,Robinho,Ponta,61,5
2017,Fluminense Football Club,Renato,Ponta,58,10
2017,Fluminense Football Club,Romarinho,Ponta,55,4
2017,Fluminense Football Club,Henrique Dourado,Atacante,88,32
2017,Fluminense Football Club,Richarlison,Atacante,77,14
2017,Fluminense Football Club,Pedro,Atacante,64,15
2017,Grêmio Foot-Ball Porto Alegrense,Paulo Victor,Goleiro,62,10
2017,Grêmio Foot-Ball Porto Alegrense,Léo Jardim,Goleiro,61,5
2017,Grêmio Foot-Ball Porto Alegrense,Bruno Cortez,Lateral,66,24
2017,Grêmio Foot-Ball Porto Alegrense,Edílson,Lateral,64,21
2017,Grêmio Foot-Ball Porto Alegrense,Léo Gomes,Lateral,59,9
2017,Grêmio Foot-Ball Porto Alegrense,Pedro Geromel,Zagueiro,69,21
2017,Grêmio Foot-Ball Porto Alegrense,Walter Kannemann,Zagueiro,63,23
2017,Grêmio Foot-Ball Porto Alegrense,Bressan,Zagueiro,61,13
2017,Grêmio Foot-Ball Porto Alegrense,Rafael Thyere,Zagueiro,61,14
2017,Grêmio Foot-Ball Porto Alegrense,Arthur Melo,Volante,73,27
2017,Grêmio Foot-Ball Porto Alegrense,Michel,Volante,66,23
2017,Grêmio Foot-Ball Porto Alegrense,Jailson,Volante,65,18
2017,Grêmio Foot-Ball Porto Alegrense,Kaio Mendes,Volante,59,8
2017,Grêmio Foot-Ball Porto Alegrense,Luan,Meia,77,20
2017,Grêmio Foot-Ball Porto Alegrense,Ramiro,Meia,74,26
2017,Grêmio Foot-Ball Porto Alegrense,Jean Pyerre,Meia,65,6
2017,Grêmio Foot-Ball Porto Alegrense,Lincoln,Meia,60,8
2017,Grêmio Foot-Ball Porto Alegrense,PK,Meia,59,13
2017,Grêmio Foot-Ball Porto Alegrense,Cristian,Meia,57,5
2017,Grêmio Foot-Ball Porto Alegrense,Everton,Ponta,81,32
2017,Grêmio Foot-Ball Porto Alegrense,Pedro Rocha,Ponta,76,15
2017,Grêmio Foot-Ball Porto Alegrense,Lucas Barrios,Atacante,71,17
2017,Grêmio Foot-Ball Porto Alegrense,Jael,Atacante,58,12
2017,Santos FC,Vanderlei,Goleiro,73,37
2017,Santos FC,João Paulo,Goleiro,66,1
2017,Santos FC,Daniel Guedes,Lateral,62,16
2017,Santos FC,Zeca,Lateral,60,14
2017,Santos FC,Lucas Veríssimo,Zagueiro,72,34
2017,Santos FC,David Braz,Zagueiro,71,28
2017,Santos FC,Luiz Felipe,Zagueiro,57,8
2017,Santos FC,Thiago Maia,Volante,69,12
2017,Santos FC,Alison,Volante,65,26
2017,Santos FC,Yuri Lima,Volante,58,11
2017,Santos FC,Leandro Donizete,Volante,57,9
2017,Santos FC,Lucas Lima,Meia,70,25
2017,Santos FC,Victor Ferraz,Meia,66,23
2017,Santos FC,Vitor Bueno,Meia,63,8
2017,Santos FC,Renato,Meia,62,23
2017,Santos FC,Matheus Jesus,Meia,62,10
2017,Santos FC,Serginho,Meia,57,9
2017,Santos FC,Jonathan Copete,Ponta,72,29
2017,Santos FC,Arthur Gomes,Ponta,63,11
2017,Santos FC,Thiago Ribeiro,Ponta,60,10
2017,Santos FC,Bruno Henrique,Atacante,78,28
2017,Santos FC,Ricardo Oliveira,Atacante,73,23
2017,Santos FC,Kayke,Atacante,69,26
2017,Sociedade Esportiva Palmeiras,Fernando Prass,Goleiro,69,32
2017,Sociedade Esportiva Palmeiras,Jailson,Goleiro,63,5
2017,Sociedade Esportiva Palmeiras,Egídio,Lateral,67,21
2017,Sociedade Esportiva Palmeiras,Mayke,Lateral,65,26
2017,Sociedade Esportiva Palmeiras,Yerry Mina,Zagueiro,70,15
2017,Sociedade Esportiva Palmeiras,Juninho,Zagueiro,67,21
2017,Sociedade Esportiva Palmeiras,Thiago Santos,Zagueiro,63,25
2017,Sociedade Esportiva Palmeiras,Luan,Zagueiro,62,19
2017,Sociedade Esportiva Palmeiras,Fabiano,Zagueiro,58,6
2017,Sociedade Esportiva Palmeiras,Felipe Melo,Volante,61,10
2017,Sociedade Esportiva Palmeiras,Arouca,Volante,54,1
2017,Sociedade Esportiva Palmeiras,Tchê Tchê,Meia,73,34
2017,Sociedade Esportiva Palmeiras,Moisés,Meia,69,18
2017,Sociedade Esportiva Palmeiras,Bruno Henrique,Meia,69,15
2017,Sociedade Esportiva Palmeiras,Raphael Veiga,Meia,60,11
2017,Sociedade Esportiva Palmeiras,Dudu,Ponta,85,26
2017,Sociedade Esportiva Palmeiras,Keno,Ponta,76,31
2017,Sociedade Esportiva Palmeiras,Michel Bastos,Ponta,67,17
2017,Sociedade Esportiva Palmeiras,Zé Roberto,Ponta,63,15
2017,Sociedade Esportiva Palmeiras,Erik,Ponta,60,9
2017,Sociedade Esportiva Palmeiras,Deyverson,Atacante,78,19
2017,Sociedade Esportiva Palmeiras,Willian Bigode,Atacante,76,26
2017,Sociedade Esportiva Palmeiras,Róger Guedes,Atacante,68,26
2017,Sport Club Corinthians Paulista,Cássio,Goleiro,72,35
2017,Sport Club Corinthians Paulista,Caíque França,Goleiro,63,3
2017,Sport Club Corinthians Paulista,Guilherme Arana,Lateral,76,32
2017,Sport Club Corinthians Paulista,Fagner,Lateral,72,31
2017,Sport Club Corinthians Paulista,Moisés,Lateral,59,4
2017,Sport Club Corinthians Paulista,Fabián Balbuena,Zagueiro,73,32
2017,Sport Club Corinthians Paulista,Pablo,Zagueiro,65,24
2017,Sport Club Corinthians Paulista,Pedro Henrique,Zagueiro,63,22
2017,Sport Club Corinthians Paulista,Gabriel,Volante,67,33
2017,Sport Club Corinthians Paulista,Paulo Roberto,Volante,61,8
2017,Sport Club Corinthians Paulista,Maycon,Meia,76,36
2017,Sport Club Corinthians Paulista,Jádson,Meia,73,29
2017,Sport Club Corinthians Paulista,Rodriguinho,Meia,73,32
2017,Sport Club Corinthians Paulista,Marquinhos Gabriel,Meia,70,25
2017,Sport Club Corinthians Paulista,Camacho,Meia,64,27
2017,Sport Club Corinthians Paulista,Giovanni Augusto,Meia,63,11
2017,Sport Club Corinthians Paulista,Fellipe Bastos,Meia,57,7
2017,Sport Club Corinthians Paulista,Clayson,Ponta,74,29
2017,Sport Club Corinthians Paulista,Ángel Romero,Ponta,69,30
2017,Sport Club Corinthians Paulista,Pedrinho,Ponta,61,12
2017,Sport Club Corinthians Paulista,Jô,Atacante,82,34
2017,Sport Club Corinthians Paulista,Clayton,Atacante,80,3
2017,Sport Club Corinthians Paulista,Colin Kazım-Richards,Atacante,63,14
2017,Sport Club do Recife,Magrão,Goleiro,70,35
2017,Sport Club do Recife,Mailson,Goleiro,54,0
2017,Sport Club do Recife,Samuel Xavier,Lateral,64,24
2017,Sport Club do Recife,Sander,Lateral,64,23
2017,Sport Club do Recife,Raul Prata,Lateral,60,15
2017,Sport Club do Recife,Evandro,Lateral,55,3
2017,Sport Club do Recife,Oswaldo Henríquez,Zagueiro,62,23
2017,Sport Club do Recife,Matheus Ferraz,Zagueiro,60,3
2017,Sport Club do Recife,Rithely,Volante,67,32
2017,Sport Club do Recife,Thallyson,Volante,61,15
2017,Sport Club do Recife,Rodrigo,Volante,57,9
2017,Sport Club do Recife,Neto Moura,Volante,55,2
2017,Sport Club do Recife,Patrick,Meia,68,32
2017,Sport Club do Recife,Everton Felipe,Meia,65,19
2017,Sport Club do Recife,Wesley,Meia,57,9
2017,Sport Club do Recife,Reinaldo Lenis,Ponta,69,19
2017,Sport Club do Recife,Osvaldo,Ponta,69,28
2017,Sport Club do Recife,Rogério,Ponta,68,27
2017,Sport Club do Recife,Marquinhos,Ponta,66,9
2017,Sport Club do Recife,Thomás,Ponta,61,13
2017,Sport Club do Recife,André Felipe,Atacante,86,35
2017,Sport Club do Recife,Diego Souza,Atacante,82,27
2017,Sport Club do Recife,Leandro Pereira,Atacante,56,2
2017,São Paulo Futebol Clube,Renan Ribeiro,Goleiro,65,20
2017,São Paulo Futebol Clube,Lucas Perri,Goleiro,54,0
2017,São Paulo Futebol Clube,Júnior Tavares,Lateral,66,23
2017,São Paulo Futebol Clube,Edimar,Lateral,63,19
2017,São Paulo Futebol Clube,Bruno,Lateral,57,9
2017,São Paulo Futebol Clube,Éder Militão,Zagueiro,67,22
2017,São Paulo Futebol Clube,Rodrigo Caio,Zagueiro,66,33
2017,São Paulo Futebol Clube,Robert Arboleda,Zagueiro,65,23
2017,São Paulo Futebol Clube,Maicon,Zagueiro,64,7
2017,São Paulo Futebol Clube,Jucilei,Volante,73,35
2017,São Paulo Futebol Clube,Thiago Mendes,Volante,63,5
2017,São Paulo Futebol Clube,Hernanes,Meia,82,19
2017,São Paulo Futebol Clube,Maicosuel,Meia,66,8
2017,São Paulo Futebol Clube,Lucas Fernandes,Meia,65,19
2017,São Paulo Futebol Clube,Shaylon,Meia,65,10
2017,São Paulo Futebol Clube,Thomaz,Meia,63,12
2017,São Paulo Futebol Clube,Cícero,Meia,58,10
2017,São Paulo Futebol Clube,Marcos Guilherme,Ponta,75,22
2017,São Paulo Futebol Clube,Marcinho,Ponta,67,22
2017,São Paulo Futebol Clube,Wellington Nem,Ponta,64,10
2017,São Paulo Futebol Clube,Lucas Pratto,Atacante,79,35
2017,São Paulo Futebol Clube,Gilberto,Atacante,65,17
2017,São Paulo Futebol Clube,Deni Júnior,Atacante,61,12
2018,América Futebol Clube (MG),João Ricardo,Goleiro,68,28
2018,América Futebol Clube (MG),Jori,Goleiro,60,9
2018,América Futebol Clube (MG),Giovanni,Lateral,65,24
2018,América Futebol Clube (MG),Carlinhos,Lateral,65,27
2018,América Futebol Clube (MG),Aderlan,Lateral,64,23
2018,América Futebol Clube (MG),Norberto,Lateral,63,20
2018,América Futebol Clube (MG),Messias,Zagueiro,69,35
2018,América Futebol Clube (MG),Matheus Ferraz,Zagueiro,66,33
2018,América Futebol Clube (MG),Juninho,Volante,68,34
2018,América Futebol Clube (MG),Leandro Donizete,Volante,64,26
2018,América Futebol Clube (MG),Zé Ricardo,Volante,61,18
2018,América Futebol Clube (MG),Christian,Volante,59,10
2018,América Futebol Clube (MG),Serginho,Meia,74,12
2018,América Futebol Clube (MG),Matheusinho,Meia,65,17
2018,América Futebol Clube (MG),Ruy,Meia,65,21
2018,América Futebol Clube (MG),Wesley,Meia,62,17
2018,América Futebol Clube (MG),Luan,Ponta,68,26
2018,América Futebol Clube (MG),Gerson Magrão,Ponta,65,24
2018,América Futebol Clube (MG),Ademir,Ponta,63,14
2018,América Futebol Clube (MG),Marquinhos,Ponta,63,17
2018,América Futebol Clube (MG),Robinho,Ponta,58,12
2018,América Futebol Clube (MG),Rafael Moura,Atacante,72,27
2018,América Futebol Clube (MG),Aylon,Atacante,59,14
2018,Associação Chapecoense de Futebol,Jandrei,Goleiro,73,38
2018,Associação Chapecoense de Futebol,Elias Curzel,Goleiro,54,0
2018,Associação Chapecoense de Futebol,Eduardo,Lateral,67,30
2018,Associação Chapecoense de Futebol,Bruno Pacheco,Lateral,66,30
2018,Associação Chapecoense de Futebol,Douglas,Zagueiro,69,31
2018,Associação Chapecoense de Futebol,Rafael Thyere,Zagueiro,65,28
2018,Associação Chapecoense de Futebol,Nery Bareiro,Zagueiro,57,8
2018,Associação Chapecoense de Futebol,Elicarlos,Volante,65,27
2018,Associação Chapecoense de Futebol,Márcio Araújo,Volante,65,30
2018,Associação Chapecoense de Futebol,Agustín Doffo,Volante,63,15
2018,Associação Chapecoense de Futebol,Amaral,Volante,63,24
2018,Associação Chapecoense de Futebol,Gustavo Barreto,Volante,57,9
2018,Associação Chapecoense de Futebol,Héctor Canteros,Meia,74,34
2018,Associação Chapecoense de Futebol,Diego Torres,Meia,65,17
2018,Associação Chapecoense de Futebol,Yann Rolim,Meia,61,12
2018,Associação Chapecoense de Futebol,Arthur Caíke,Ponta,70,11
2018,Associação Chapecoense de Futebol,Bruno Costa,Ponta,70,31
2018,Associação Chapecoense de Futebol,Apodi,Ponta,66,11
2018,Associação Chapecoense de Futebol,Osman,Ponta,61,13
2018,Associação Chapecoense de Futebol,Guilherme,Ponta,60,10
2018,Associação Chapecoense de Futebol,Vinícius,Ponta,59,11
2018,Associação Chapecoense de Futebol,Leandro Pereira,Atacante,77,34
2018,Associação Chapecoense de Futebol,Wellington Paulista,Atacante,71,24
2018,Atlético Paranaense,Santos,Goleiro,71,32
2018,Atlético Paranaense,Felipe Alves,Goleiro,58,6
2018,Atlético Paranaense,Jonathan,Lateral,69,23
2018,Atlético Paranaense,Thiago Carleto,Lateral,68,12
2018,Atlético Paranaense,Renan Lodi,Lateral,65,24
2018,Atlético Paranaense,Márcio Azevedo,Lateral,59,11
2018,Atlético Paranaense,Léo Pereira,Zagueiro,64,18
2018,Atlético Paranaense,Thiago Heleno,Zagueiro,63,20
2018,Atlético Paranaense,Zé Ivaldo,Zagueiro,62,19
2018,Atlético Paranaense,Wanderson,Zagueiro,60,15
2018,Atlético Paranaense,Paulo André,Zagueiro,59,11
2018,Atlético Paranaense,Bruno Guimarães,Volante,67,32
2018,Atlético Paranaense,Wellington,Volante,62,19
2018,Atlético Paranaense,Raphael Veiga,Meia,76,31
2018,Atlético Paranaense,Nikão,Meia,72,32
2018,Atlético Paranaense,Lucho González,Meia,69,27
2018,Atlético Paranaense,Matheus Rossetto,Meia,64,18
2018,Atlético Paranaense,Camacho,Meia,62,19
2018,Atlético Paranaense,Marcinho,Ponta,67,25
2018,Atlético Paranaense,Marcelo Cirino,Ponta,66,17
2018,Atlético Paranaense,Pablo,Atacante,77,33
2018,Atlético Paranaense,Bérgson,Atacante,66,16
2018,Atlético Paranaense,Rony,Atacante,66,15
2018,Botafogo de Futebol e Regatas,Roberto Fernández,Goleiro,61,8
2018,Botafogo de Futebol e Regatas,Jefferson,Goleiro,61,13
2018,Botafogo de Futebol e Regatas,Marcinho,Lateral,68,32
2018,Botafogo de Futebol e Regatas,Moisés,Lateral,65,27
2018,Botafogo de Futebol e Regatas,Gilson,Lateral,62,16
2018,Botafogo de Futebol e Regatas,Yuri,Lateral,55,2
2018,Botafogo de Futebol e Regatas,Igor Rabello,Zagueiro,68,37
2018,Botafogo de Futebol e Regatas,Joel Carli,Zagueiro,65,29
2018,Botafogo de Futebol e Regatas,Marcelo Benevenuto,Zagueiro,57,9
2018,Botafogo de Futebol e Regatas,Rodrigo Lindoso,Volante,74,32
2018,Botafogo de Futebol e Regatas,Matheus Fernandes,Volante,71,33
2018,Botafogo de Futebol e Regatas,Jean Irmer,Volante,66,15
2018,Botafogo de Futebol e Regatas,Gustavo Bochecha,Volante,61,17
2018,Botafogo de Futebol e Regatas,Renatinho,Meia,60,17
2018,Botafogo de Futebol e Regatas,João Pedro,Meia,57,8
2018,Botafogo de Futebol e Regatas,João Paulo,Meia,55,2
2018,Botafogo de Futebol e Regatas,Dudu Cearense,Meia,55,2
2018,Botafogo de Futebol e Regatas,Leandrinho,Meia,54,1
2018,Botafogo de Futebol e Regatas,Erik,Ponta,74,17
2018,Botafogo de Futebol e Regatas,Luiz Fernando,Ponta,69,32
2018,Botafogo de Futebol e Regatas,Rodrigo Pimpão,Ponta,66,31
2018,Botafogo de Futebol e Regatas,Brenner,Atacante,67,24
2018,Botafogo de Futebol e Regatas,Ezequiel,Atacante,58,10
2018,CR Flamengo,Diego Alves,Goleiro,74,23
2018,CR Flamengo,César,Goleiro,66,14
2018,CR Flamengo,Rodinei,Lateral,69,28
2018,CR Flamengo,Renê,Lateral,69,34
2018,CR Flamengo,Pará,Lateral,62,20
2018,CR Flamengo,Léo Duarte,Zagueiro,67,33
2018,CR Flamengo,Réver,Zagueiro,65,26
2018,CR Flamengo,Rhodolfo,Zagueiro,62,12
2018,CR Flamengo,Willian Arão,Volante,70,23
2018,CR Flamengo,Gustavo Cuéllar,Volante,65,28
2018,CR Flamengo,Rômulo,Volante,59,7
2018,CR Flamengo,Piris da Motta,Volante,59,11
2018,CR Flamengo,Lucas Paquetá,Meia,84,32
2018,CR Flamengo,Diego,Meia,78,26
2018,CR Flamengo,Everton Ribeiro,Meia,76,35
2018,CR Flamengo,Jean Lucas,Meia,59,14
2018,CR Flamengo,Vinicius Junior,Ponta,85,12
2018,CR Flamengo,Vitinho,Ponta,79,21
2018,CR Flamengo,Marlos Moreno,Ponta,65,21
2018,CR Flamengo,Geuvânio,Ponta,61,12
2018,CR Flamengo,Orlando Berrío,Ponta,60,9
2018,CR Flamengo,Henrique Dourado,Atacante,75,20
2018,CR Flamengo,Lincoln,Atacante,57,9
2018,Ceará Sporting Club,Everson,Goleiro,72,37
2018,Ceará Sporting Club,Diogo Silva,Goleiro,66,1
2018,Ceará Sporting Club,Samuel Xavier,Lateral,67,25
2018,Ceará Sporting Club,João Lucas,Lateral,60,15
2018,Ceará Sporting Club,Felipe Jonatan,Lateral,59,14
2018,Ceará Sporting Club,Arnaldo,Lateral,58,12
2018,Ceará Sporting Club,Luiz Otávio,Zagueiro,68,35
2018,Ceará Sporting Club,Eduardo Brock,Zagueiro,57,8
2018,Ceará Sporting Club,Richardson,Volante,66,30
2018,Ceará Sporting Club,Edinho,Volante,61,18
2018,Ceará Sporting Club,Fabinho,Volante,59,14
2018,Ceará Sporting Club,Ricardinho,Meia,67,26
2018,Ceará Sporting Club,Wescley,Meia,65,11
2018,Ceará Sporting Club,Juninho Valoura,Meia,62,16
2018,Ceará Sporting Club,Pedro Ken,Meia,59,10
2018,Ceará Sporting Club,Javier Reina,Meia,58,10
2018,Ceará Sporting Club,Leandro Carvalho,Ponta,72,20
2018,Ceará Sporting Club,Felipe Azevedo,Ponta,69,32
2018,Ceará Sporting Club,Juninho Quixadá,Ponta,67,14
2018,Ceará Sporting Club,Calyson,Ponta,64,22
2018,Ceará Sporting Club,Éder Luís,Ponta,59,13
2018,Ceará Sporting Club,Arthur Cabral,Atacante,72,31
2018,Ceará Sporting Club,Élton,Atacante,66,6
2018,Clube Atlético Mineiro,Victor,Goleiro,71,38
2018,Clube Atlético Mineiro,Cleiton,Goleiro,54,0
2018,Clube Atlético Mineiro,Fábio Santos,Lateral,68,32
2018,Clube Atlético Mineiro,Emerson Royal,Lateral,64,23
2018,Clube Atlético Mineiro,Patric,Lateral,61,18
2018,Clube Atlético Mineiro,Leonardo Silva,Zagueiro,65,24
2018,Clube Atlético Mineiro,Iago Maidana,Zagueiro,63,22
2018,Clube Atlético Mineiro,Bremer,Zagueiro,63,11
2018,Clube Atlético Mineiro,Gabriel,Zagueiro,62,21
2018,Clube Atlético Mineiro,Zé Welison,Volante,60,15
2018,Clube Atlético Mineiro,Yago Henrique,Volante,55,2
2018,Clube Atlético Mineiro,Juan Cazares,Meia,77,31
2018,Clube Atlético Mineiro,Gustavo Blanco,Meia,68,11
2018,Clube Atlético Mineiro,Matheus Galdezani,Meia,65,23
2018,Clube Atlético Mineiro,David Terans,Meia,64,19
2018,Clube Atlético Mineiro,Rómulo Otero,Meia,60,7
2018,Clube Atlético Mineiro,Nathan,Meia,58,7
2018,Clube Atlético Mineiro,Lucas Cândido,Meia,57,7
2018,Clube Atlético Mineiro,Luan,Ponta,73,36
2018,Clube Atlético Mineiro,Yimmi Chará,Ponta,72,22
2018,Clube Atlético Mineiro,Ricardo Oliveira,Atacante,78,35
2018,Clube Atlético Mineiro,Róger Guedes,Atacante,78,12
2018,Clube Atlético Mineiro,Deni Júnior,Atacante,57,8
2018,Clube de Regatas Vasco da Gama,Fernando Miguel,Goleiro,63,14
2018,Clube de Regatas Vasco da Gama,Jordi,Goleiro,54,0
2018,Clube de Regatas Vasco da Gama,Henrique Silva,Lateral,66,24
2018,Clube de Regatas Vasco da Gama,Fabrício,Lateral,60,10
2018,Clube de Regatas Vasco da Gama,Luiz Gustavo,Zagueiro,64,28
2018,Clube de Regatas Vasco da Gama,Werley,Zagueiro,59,14
2018,Clube de Regatas Vasco da Gama,Oswaldo Henríquez,Zagueiro,58,10
2018,Clube de Regatas Vasco da Gama,Paulão,Zagueiro,56,5
2018,Clube de Regatas Vasco da Gama,Andrey,Volante,68,27
2018,Clube de Regatas Vasco da Gama,Leandro Desábato,Volante,65,27
2018,Clube de Regatas Vasco da Gama,Willian Maranhão,Volante,61,14
2018,Clube de Regatas Vasco da Gama,Raul,Volante,60,16
2018,Clube de Regatas Vasco da Gama,Bruno Silva,Volante,58,11
2018,Clube de Regatas Vasco da Gama,Giovanni Augusto,Meia,64,19
2018,Clube de Regatas Vasco da Gama,Rafael Galhardo,Meia,60,11
2018,Clube de Regatas Vasco da Gama,Evander,Meia,58,7
2018,Clube de Regatas Vasco da Gama,Yago Pikachu,Ponta,77,35
2018,Clube de Regatas Vasco da Gama,Kelvin,Ponta,70,19
2018,Clube de Regatas Vasco da Gama,Rildo,Ponta,61,5
2018,Clube de Regatas Vasco da Gama,Marrony,Ponta,61,12
2018,Clube de Regatas Vasco da Gama,Maxi López,Atacante,72,19
2018,Clube de Regatas Vasco da Gama,Andrés Ríos,Atacante,72,28
2018,Clube de Regatas Vasco da Gama,Duvier Riascos,Atacante,56,6
2018,Cruzeiro Esporte Clube,Fábio,Goleiro,69,30
2018,Cruzeiro Esporte Clube,Rafael,Goleiro,63,8
2018,Cruzeiro Esporte Clube,Egídio,Lateral,68,25
2018,Cruzeiro Esporte Clube,Edílson,Lateral,62,18
2018,Cruzeiro Esporte Clube,Ezequiel,Lateral,60,15
2018,Cruzeiro Esporte Clube,Marcelo Hermes,Lateral,59,11
2018,Cruzeiro Esporte Clube,Manoel,Zagueiro,64,16
2018,Cruzeiro Esporte Clube,Dedé,Zagueiro,63,20
2018,Cruzeiro Esporte Clube,Murilo,Zagueiro,60,9
2018,Cruzeiro Esporte Clube,Lucas Silva,Volante,66,23
2018,Cruzeiro Esporte Clube,Pedro Bicalho,Volante,54,0
2018,Cruzeiro Esporte Clube,Giorgian de Arrascaeta,Meia,77,20
2018,Cruzeiro Esporte Clube,Robinho,Meia,69,28
2018,Cruzeiro Esporte Clube,Thiago Neves,Meia,66,24
2018,Cruzeiro Esporte Clube,Bruno Silva,Meia,65,20
2018,Cruzeiro Esporte Clube,Federico Mancuello,Meia,64,20
2018,Cruzeiro Esporte Clube,Ariel Cabral,Meia,63,21
2018,Cruzeiro Esporte Clube,David,Ponta,64,19
2018,Cruzeiro Esporte Clube,Rafinha,Ponta,61,19
2018,Cruzeiro Esporte Clube,Fred,Atacante,71,6
2018,Cruzeiro Esporte Clube,Sassá,Atacante,68,16
2018,Cruzeiro Esporte Clube,Rafael Sóbis,Atacante,66,19
2018,Cruzeiro Esporte Clube,Hernán Barcos,Atacante,65,14
2018,Esporte Clube Bahia,Douglas Friedrich,Goleiro,69,26
2018,Esporte Clube Bahia,Anderson,Goleiro,64,14
2018,Esporte Clube Bahia,Nino Paraíba,Lateral,63,22
2018,Esporte Clube Bahia,Bruno,Lateral,61,16
2018,Esporte Clube Bahia,Lucas Fonseca,Zagueiro,67,33
2018,Esporte Clube Bahia,Léo,Zagueiro,66,32
2018,Esporte Clube Bahia,Tiago Pagnussat,Zagueiro,63,20
2018,Esporte Clube Bahia,Douglas Grolli,Zagueiro,61,12
2018,Esporte Clube Bahia,Éverson,Zagueiro,59,10
2018,Esporte Clube Bahia,Gregore,Volante,68,35
2018,Esporte Clube Bahia,Elton,Volante,67,28
2018,Esporte Clube Bahia,Nilton,Volante,61,11
2018,Esporte Clube Bahia,Zé Rafael,Meia,72,33
2018,Esporte Clube Bahia,Vina,Meia,69,29
2018,Esporte Clube Bahia,Régis,Meia,69,18
2018,Esporte Clube Bahia,Eric Ramires,Meia,66,15
2018,Esporte Clube Bahia,Agustín Allione,Meia,63,10
2018,Esporte Clube Bahia,Flávio,Meia,61,19
2018,Esporte Clube Bahia,Marco Antônio,Meia,58,10
2018,Esporte Clube Bahia,Fernandinho,Ponta,55,2
2018,Esporte Clube Bahia,Italo,Ponta,55,2
2018,Esporte Clube Bahia,Gilberto,Atacante,73,21
2018,Esporte Clube Bahia,Júnior Brumado,Atacante,61,14
2018,Esporte Clube Vitória,Ronaldo,Goleiro,66,20
2018,Esporte Clube Vitória,Elias Curzel,Goleiro,60,8
2018,Esporte Clube Vitória,Jeferson,Lateral,66,30
2018,Esporte Clube Vitória,Fabiano,Lateral,62,10
2018,Esporte Clube Vitória,Lucas,Lateral,59,7
2018,Esporte Clube Vitória,Aderllan Santos,Zagueiro,66,20
2018,Esporte Clube Vitória,Ramon Menezes,Zagueiro,65,28
2018,Esporte Clube Vitória,Kanu,Zagueiro,61,14
2018,Esporte Clube Vitória,Lucas Ribeiro,Zagueiro,60,16
2018,Esporte Clube Vitória,Ruan Renato,Zagueiro,57,7
2018,Esporte Clube Vitória,Rodrigo Andrade,Volante,63,22
2018,Esporte Clube Vitória,Willian Farias,Volante,62,21
2018,Esporte Clube Vitória,Arouca,Volante,58,11
2018,Esporte Clube Vitória,Zé Welison,Volante,56,6
2018,Esporte Clube Vitória,Yago Felipe,Meia,68,27
2018,Esporte Clube Vitória,Rhayner,Meia,64,20
2018,Esporte Clube Vitória,Léo Gomes,Meia,61,15
2018,Esporte Clube Vitória,Neilton,Ponta,75,32
2018,Esporte Clube Vitória,Lucas Fernandes,Ponta,69,30
2018,Esporte Clube Vitória,Erick,Ponta,66,19
2018,Esporte Clube Vitória,Deni Júnior,Atacante,67,6
2018,Esporte Clube Vitória,André Lima,Atacante,65,21
2018,Esporte Clube Vitória,Wallyson,Atacante,64,19
2018,Fluminense Football Club,Júlio César,Goleiro,74,35
2018,Fluminense Football Club,Rodolfo,Goleiro,58,4
2018,Fluminense Football Club,Gilberto,Lateral,67,15
2018,Fluminense Football Club,Ayrton Lucas,Lateral,67,28
2018,Fluminense Football Club,Léo Morais,Lateral,61,16
2018,Fluminense Football Club,Marlon,Lateral,61,12
2018,Fluminense Football Club,Igor Julião,Lateral,57,7
2018,Fluminense Football Club,Gum,Zagueiro,65,28
2018,Fluminense Football Club,Roger Ibañez,Zagueiro,60,14
2018,Fluminense Football Club,Luan Peres,Zagueiro,58,9
2018,Fluminense Football Club,Richard,Volante,70,34
2018,Fluminense Football Club,Dodi,Volante,60,17
2018,Fluminense Football Club,Jádson,Meia,71,33
2018,Fluminense Football Club,Douglas Augusto,Meia,64,6
2018,Fluminense Football Club,Danielzinho,Meia,61,5
2018,Fluminense Football Club,Everaldo,Ponta,70,22
2018,Fluminense Football Club,Matheus Alessandro,Ponta,64,23
2018,Fluminense Football Club,Robinho,Ponta,61,6
2018,Fluminense Football Club,Pedro,Atacante,80,19
2018,Fluminense Football Club,Luciano,Atacante,69,18
2018,Fluminense Football Club,Pablo Dyego,Atacante,64,11
2018,Fluminense Football Club,Júnior Dutra,Atacante,61,14
2018,Fluminense Football Club,Kayke,Atacante,59,9
2018,Grêmio Foot-Ball Porto Alegrense,Paulo Victor,Goleiro,68,20
2018,Grêmio Foot-Ball Porto Alegrense,Léo Jardim,Goleiro,54,0
2018,Grêmio Foot-Ball Porto Alegrense,Bruno Cortez,Lateral,67,26
2018,Grêmio Foot-Ball Porto Alegrense,Léo Gomes,Lateral,60,13
2018,Grêmio Foot-Ball Porto Alegrense,Pedro Geromel,Zagueiro,69,20
2018,Grêmio Foot-Ball Porto Alegrense,Bressan,Zagueiro,64,21
2018,Grêmio Foot-Ball Porto Alegrense,Walter Kannemann,Zagueiro,61,18
2018,Grêmio Foot-Ball Porto Alegrense,Jailson,Volante,65,14
2018,Grêmio Foot-Ball Porto Alegrense,Michel,Volante,59,10
2018,Grêmio Foot-Ball Porto Alegrense,Luan,Meia,71,18
2018,Grêmio Foot-Ball Porto Alegrense,Alisson,Meia,68,22
2018,Grêmio Foot-Ball Porto Alegrense,Cícero,Meia,66,24
2018,Grêmio Foot-Ball Porto Alegrense,Thonny  Anderson,Meia,66,16
2018,Grêmio Foot-Ball Porto Alegrense,Douglas,Meia,65,14
2018,Grêmio Foot-Ball Porto Alegrense,Matheus Henrique,Meia,63,12
2018,Grêmio Foot-Ball Porto Alegrense,Ramiro,Meia,62,21
2018,Grêmio Foot-Ball Porto Alegrense,Thaciano,Meia,62,17
2018,Grêmio Foot-Ball Porto Alegrense,Jean Pyerre,Meia,61,12
2018,Grêmio Foot-Ball Porto Alegrense,Everton,Ponta,83,27
2018,Grêmio Foot-Ball Porto Alegrense,Pepê,Ponta,64,20
2018,Grêmio Foot-Ball Porto Alegrense,Marinho,Ponta,63,13
2018,Grêmio Foot-Ball Porto Alegrense,André Felipe,Atacante,73,24
2018,Grêmio Foot-Ball Porto Alegrense,Jael,Atacante,70,20
2018,Paraná Clube,Richard,Goleiro,63,22
2018,Paraná Clube,Luís Carlos,Goleiro,54,1
2018,Paraná Clube,Caio Henrique,Lateral,67,27
2018,Paraná Clube,Igor Cariús,Lateral,63,24
2018,Paraná Clube,Mansur,Zagueiro,61,17
2018,Paraná Clube,Cléber Reis,Zagueiro,61,12
2018,Paraná Clube,Jesiel,Zagueiro,61,18
2018,Paraná Clube,Rayan,Zagueiro,61,20
2018,Paraná Clube,Leandro Vilela,Volante,66,30
2018,Paraná Clube,Renê Santos,Volante,61,19
2018,Paraná Clube,Wesley Dias,Volante,60,16
2018,Paraná Clube,Jhony Douglas,Volante,57,8
2018,Paraná Clube,Alex Santana,Meia,68,27
2018,Paraná Clube,Jhonny Lucas,Meia,65,21
2018,Paraná Clube,Carlos Eduardo,Meia,59,9
2018,Paraná Clube,Nádson,Meia,58,10
2018,Paraná Clube,Silvinho,Ponta,68,30
2018,Paraná Clube,Andrey Nunes,Ponta,66,9
2018,Paraná Clube,Carlos Júnior,Ponta,65,19
2018,Paraná Clube,Alesson,Ponta,57,7
2018,Paraná Clube,Rafael Grampola,Atacante,62,18
2018,Paraná Clube,Rodolfo,Atacante,61,9
2018,Paraná Clube,Léo Itaperuna,Atacante,58,11
2018,Santos FC,Vanderlei,Goleiro,72,37
2018,Santos FC,Vladimir,Goleiro,54,1
2018,Santos FC,Dodô,Lateral,73,36
2018,Santos FC,Daniel Guedes,Lateral,57,8
2018,Santos FC,Gustavo Henrique,Zagueiro,69,29
2018,Santos FC,Lucas Veríssimo,Zagueiro,65,14
2018,Santos FC,David Braz,Zagueiro,62,13
2018,Santos FC,Luiz Felipe,Zagueiro,59,13
2018,Santos FC,Robson Bambu,Zagueiro,57,9
2018,Santos FC,Alison,Volante,65,28
2018,Santos FC,Yuri Lima,Volante,56,6
2018,Santos FC,Carlos Sánchez,Meia,73,16
2018,Santos FC,Diego Pituca,Meia,70,34
2018,Santos FC,Victor Ferraz,Meia,68,32
2018,Santos FC,Bryan Ruiz,Meia,66,12
2018,Santos FC,Renato,Meia,62,17
2018,Santos FC,Léo Cittadini,Meia,61,12
2018,Santos FC,Rodrygo,Ponta,83,35
2018,Santos FC,Arthur Gomes,Ponta,63,13
2018,Santos FC,Jonathan Copete,Ponta,62,18
2018,Santos FC,Gabriel Barbosa,Atacante,90,35
2018,Santos FC,Bruno Henrique,Atacante,70,27
2018,Santos FC,Eduardo Sasha,Atacante,64,25
2018,Sociedade Esportiva Palmeiras,Weverton,Goleiro,69,23
2018,Sociedade Esportiva Palmeiras,Jailson,Goleiro,63,13
2018,Sociedade Esportiva Palmeiras,Fernando Prass,Goleiro,63,3
2018,Sociedade Esportiva Palmeiras,Marcos Rocha,Lateral,64,20
2018,Sociedade Esportiva Palmeiras,Mayke,Lateral,63,20
2018,Sociedade Esportiva Palmeiras,Diogo Barbosa,Lateral,63,20
2018,Sociedade Esportiva Palmeiras,Victor Luís,Lateral,63,22
2018,Sociedade Esportiva Palmeiras,Gustavo Gómez,Zagueiro,67,14
2018,Sociedade Esportiva Palmeiras,Antônio Carlos,Zagueiro,63,22
2018,Sociedade Esportiva Palmeiras,Thiago Santos,Zagueiro,63,23
2018,Sociedade Esportiva Palmeiras,Luan,Zagueiro,62,16
2018,Sociedade Esportiva Palmeiras,Thiago Martins,Zagueiro,57,7
2018,Sociedade Esportiva Palmeiras,Felipe Melo,Volante,68,29
2018,Sociedade Esportiva Palmeiras,Bruno Henrique,Meia,81,33
2018,Sociedade Esportiva Palmeiras,Lucas Lima,Meia,73,34
2018,Sociedade Esportiva Palmeiras,Gustavo Scarpa,Meia,72,12
2018,Sociedade Esportiva Palmeiras,Hyoran,Meia,72,24
2018,Sociedade Esportiva Palmeiras,Moisés,Meia,66,28
2018,Sociedade Esportiva Palmeiras,Dudu,Ponta,89,31
2018,Sociedade Esportiva Palmeiras,Keno,Ponta,66,9
2018,Sociedade Esportiva Palmeiras,Artur,Ponta,56,5
2018,Sociedade Esportiva Palmeiras,Deyverson,Atacante,80,26
2018,Sociedade Esportiva Palmeiras,Willian Bigode,Atacante,79,32
2018,Sport Club Corinthians Paulista,Cássio,Goleiro,68,27
2018,Sport Club Corinthians Paulista,Walter,Goleiro,61,12
2018,Sport Club Corinthians Paulista,Fagner,Lateral,71,20
2018,Sport Club Corinthians Paulista,Sidcley,Lateral,67,11
2018,Sport Club Corinthians Paulista,Danilo Avelar,Lateral,65,19
2018,Sport Club Corinthians Paulista,Henrique,Zagueiro,72,35
2018,Sport Club Corinthians Paulista,Léo Santos,Zagueiro,62,22
2018,Sport Club Corinthians Paulista,Pedro Henrique,Zagueiro,58,12
2018,Sport Club Corinthians Paulista,Gabriel,Volante,64,25
2018,Sport Club Corinthians Paulista,Paulo Roberto,Volante,56,6
2018,Sport Club Corinthians Paulista,Rodriguinho,Meia,74,11
2018,Sport Club Corinthians Paulista,Jádson,Meia,73,25
2018,Sport Club Corinthians Paulista,Mateus Vital,Meia,73,33
2018,Sport Club Corinthians Paulista,Douglas Augusto,Meia,65,15
2018,Sport Club Corinthians Paulista,Danilo,Meia,63,13
2018,Sport Club Corinthians Paulista,Marquinhos Gabriel,Meia,61,12
2018,Sport Club Corinthians Paulista,Ángelo Araos,Meia,61,15
2018,Sport Club Corinthians Paulista,Pedrinho,Ponta,75,35
2018,Sport Club Corinthians Paulista,Ángel Romero,Ponta,73,27
2018,Sport Club Corinthians Paulista,Clayson,Ponta,65,23
2018,Sport Club Corinthians Paulista,Emerson,Ponta,63,17
2018,Sport Club Corinthians Paulista,Jonathas,Atacante,67,7
2018,Sport Club Corinthians Paulista,Roger Silva,Atacante,67,21
2018,Sport Club Internacional,Marcelo Lomba,Goleiro,68,24
2018,Sport Club Internacional,Danilo Fernandes,Goleiro,66,14
2018,Sport Club Internacional,Iago,Lateral,69,35
2018,Sport Club Internacional,Zeca,Lateral,62,19
2018,Sport Club Internacional,Uendel,Lateral,60,3
2018,Sport Club Internacional,Gabriel Dias,Lateral,57,9
2018,Sport Club Internacional,Rodrigo Moledo,Zagueiro,69,26
2018,Sport Club Internacional,Victor Cuesta,Zagueiro,68,34
2018,Sport Club Internacional,Fabiano,Zagueiro,65,25
2018,Sport Club Internacional,William Klaus,Zagueiro,58,7
2018,Sport Club Internacional,Emerson,Zagueiro,57,8
2018,Sport Club Internacional,Rodrigo Dourado,Volante,67,33
2018,Sport Club Internacional,Fabinho,Volante,54,1
2018,Sport Club Internacional,Edenilson,Meia,77,33
2018,Sport Club Internacional,Patrick,Meia,73,36
2018,Sport Club Internacional,Jogador 3445,Meia,68,24
2018,Sport Club Internacional,Camilo,Meia,65,15
2018,Sport Club Internacional,William Pottker,Ponta,69,30
2018,Sport Club Internacional,Lucca,Ponta,68,15
2018,Sport Club Internacional,Rossi,Ponta,67,27
2018,Sport Club Internacional,Juan Alano,Ponta,57,9
2018,Sport Club Internacional,Leandro Damião,Atacante,79,26
2018,Sport Club Internacional,Nicolás López,Atacante,79,35
2018,Sport Club do Recife,Magrão,Goleiro,65,24
2018,Sport Club do Recife,Mailson,Goleiro,64,13
2018,Sport Club do Recife,Cláudio Winck,Lateral,66,21
2018,Sport Club do Recife,Sander,Lateral,66,28
2018,Sport Club do Recife,Raul Prata,Lateral,62,21
2018,Sport Club do Recife,Ernando,Zagueiro,66,32
2018,Sport Club do Recife,Adryelson,Zagueiro,59,11
2018,Sport Club do Recife,Jair,Volante,61,13
2018,Sport Club do Recife,Deivid,Volante,60,16
2018,Sport Club do Recife,Neto Moura,Volante,60,17
2018,Sport Club do Recife,Marcão,Volante,60,15
2018,Sport Club do Recife,Ferreira,Volante,57,7
2018,Sport Club do Recife,Gabriel,Meia,72,33
2018,Sport Club do Recife,Marlone,Meia,71,30
2018,Sport Club do Recife,Fellipe Bastos,Meia,67,29
2018,Sport Club do Recife,Andrigo,Meia,60,17
2018,Sport Club do Recife,Michel Bastos,Ponta,74,23
2018,Sport Club do Recife,Rogério,Ponta,69,28
2018,Sport Club do Recife,Morato,Ponta,57,7
2018,Sport Club do Recife,Hernane,Atacante,64,16
2018,Sport Club do Recife,Carlos Henrique,Atacante,64,15
2018,Sport Club do Recife,Rafael Marques,Atacante,63,20
2018,Sport Club do Recife,Matheus Peixoto,Atacante,57,7
2018,São Paulo Futebol Clube,Lucas Perri,Goleiro,54,0
2018,São Paulo Futebol Clube,Lucas Paes,Goleiro,54,0
2018,São Paulo Futebol Clube,Bruno Peres,Lateral,68,16
2018,São Paulo Futebol Clube,Reinaldo,Lateral,68,31
2018,São Paulo Futebol Clube,Edimar,Lateral,62,15
2018,São Paulo Futebol Clube,Éder Militão,Zagueiro,71,13
2018,São Paulo Futebol Clube,Robert Arboleda,Zagueiro,65,26
2018,São Paulo Futebol Clube,Bruno Alves,Zagueiro,65,28
2018,São Paulo Futebol Clube,Anderson Martins,Zagueiro,63,23
2018,São Paulo Futebol Clube,Jucilei,Volante,70,28
2018,São Paulo Futebol Clube,Húdson,Volante,66,31
2018,São Paulo Futebol Clube,Luan Santos,Volante,59,7
2018,São Paulo Futebol Clube,Nenê,Meia,79,35
2018,São Paulo Futebol Clube,Joao Rojas,Meia,69,18
2018,São Paulo Futebol Clube,Liziero,Meia,66,29
2018,São Paulo Futebol Clube,Shaylon,Meia,63,14
2018,São Paulo Futebol Clube,Lucas Fernandes,Meia,57,7
2018,São Paulo Futebol Clube,Éverton,Ponta,76,27
2018,São Paulo Futebol Clube,Marcos Guilherme,Ponta,66,6
2018,São Paulo Futebol Clube,Diego Souza,Atacante,83,32
2018,São Paulo Futebol Clube,Santiago Tréllez,Atacante,68,23
2018,São Paulo Futebol Clube,Brenner,Atacante,63,6
2018,São Paulo Futebol Clube,Gonzalo Carneiro,Atacante,61,13
2019,Associação Chapecoense de Futebol,Tiepo,Goleiro,66,25
2019,Associação Chapecoense de Futebol,João Ricardo,Goleiro,62,13
2019,Associação Chapecoense de Futebol,Bruno Pacheco,Lateral,68,33
2019,Associação Chapecoense de Futebol,Eduardo,Lateral,65,26
2019,Associação Chapecoense de Futebol,Roberto,Lateral,61,17
2019,Associação Chapecoense de Futebol,Douglas,Zagueiro,66,27
2019,Associação Chapecoense de Futebol,Gum,Zagueiro,62,20
2019,Associação Chapecoense de Futebol,Rafael Pereira,Zagueiro,61,17
2019,Associação Chapecoense de Futebol,Maurício Ramos,Zagueiro,61,17
2019,Associação Chapecoense de Futebol,Márcio Araújo,Volante,67,36
2019,Associação Chapecoense de Futebol,Elicarlos,Volante,61,19
2019,Associação Chapecoense de Futebol,Amaral,Volante,60,15
2019,Associação Chapecoense de Futebol,Campanharo,Meia,69,25
2019,Associação Chapecoense de Futebol,Camilo,Meia,69,28
2019,Associação Chapecoense de Futebol,Diego Torres,Meia,63,13
2019,Associação Chapecoense de Futebol,Régis,Meia,60,14
2019,Associação Chapecoense de Futebol,Arthur Gomes,Ponta,71,30
2019,Associação Chapecoense de Futebol,Renato,Ponta,60,15
2019,Associação Chapecoense de Futebol,Everaldo,Atacante,78,33
2019,Associação Chapecoense de Futebol,Henrique Almeida,Atacante,67,12
2019,Associação Chapecoense de Futebol,Renato Kayzer,Atacante,61,14
2019,Associação Chapecoense de Futebol,Dalberto,Atacante,58,10
2019,Associação Chapecoense de Futebol,Aylon,Atacante,57,9
2019,Avaí FC,Vladimir,Goleiro,69,34
2019,Avaí FC,Lucas Frigeri,Goleiro,58,4
2019,Avaí FC,Igor Fernandes,Lateral,64,28
2019,Avaí FC,Caio Paulista,Lateral,64,26
2019,Avaí FC,Léo Morais,Lateral,62,18
2019,Avaí FC,Iury,Lateral,59,10
2019,Avaí FC,Gustavo Ferrareis,Lateral,57,8
2019,Avaí FC,Betão,Zagueiro,65,28
2019,Avaí FC,Marquinhos,Zagueiro,61,19
2019,Avaí FC,Matheus Barbosa,Volante,61,18
2019,Avaí FC,Luanderson,Volante,58,12
2019,Avaí FC,João Paulo,Meia,69,28
2019,Avaí FC,Lourenço,Meia,68,27
2019,Avaí FC,Richard Franco,Meia,66,27
2019,Avaí FC,Pedro Castro,Meia,65,27
2019,Avaí FC,Douglas,Meia,61,12
2019,Avaí FC,Gegê,Meia,60,10
2019,Avaí FC,Wesley Soares,Meia,58,10
2019,Avaí FC,Igor Goularte,Ponta,57,7
2019,Avaí FC,Jonathan Júnior,Atacante,66,16
2019,Avaí FC,Brenner,Atacante,63,14
2019,Avaí FC,Vinícius Araújo,Atacante,62,15
2019,Avaí FC,Daniel Amorim,Atacante,61,9
2019,Botafogo de Futebol e Regatas,Roberto Fernández,Goleiro,69,30
2019,Botafogo de Futebol e Regatas,Diego Cavalieri,Goleiro,57,9
2019,Botafogo de Futebol e Regatas,Marcinho,Lateral,66,25
2019,Botafogo de Futebol e Regatas,Gilson,Lateral,61,18
2019,Botafogo de Futebol e Regatas,Jonathan Vieira,Lateral,61,5
2019,Botafogo de Futebol e Regatas,Yuri,Lateral,60,17
2019,Botafogo de Futebol e Regatas,Gabriel,Zagueiro,67,34
2019,Botafogo de Futebol e Regatas,Marcelo Benevenuto,Zagueiro,63,17
2019,Botafogo de Futebol e Regatas,Joel Carli,Zagueiro,63,25
2019,Botafogo de Futebol e Regatas,Fernando Costanza,Volante,64,22
2019,Botafogo de Futebol e Regatas,Gustavo Bochecha,Volante,62,21
2019,Botafogo de Futebol e Regatas,Jean Irmer,Volante,58,8
2019,Botafogo de Futebol e Regatas,Rickson,Volante,56,6
2019,Botafogo de Futebol e Regatas,João Paulo,Meia,71,36
2019,Botafogo de Futebol e Regatas,Cícero,Meia,69,32
2019,Botafogo de Futebol e Regatas,Alex Santana,Meia,69,24
2019,Botafogo de Futebol e Regatas,Luiz Fernando,Ponta,67,32
2019,Botafogo de Futebol e Regatas,Rodrigo Pimpão,Ponta,65,19
2019,Botafogo de Futebol e Regatas,Erik,Ponta,63,10
2019,Botafogo de Futebol e Regatas,Diego Souza,Atacante,75,32
2019,Botafogo de Futebol e Regatas,Igor Cássio,Atacante,63,12
2019,Botafogo de Futebol e Regatas,Victor Rangel,Atacante,59,14
2019,Botafogo de Futebol e Regatas,Vinícius Tanque,Atacante,57,8
2019,CR Flamengo,Diego Alves,Goleiro,76,32
2019,CR Flamengo,César,Goleiro,58,6
2019,CR Flamengo,Rafinha,Lateral,70,20
2019,CR Flamengo,Rodinei,Lateral,64,17
2019,CR Flamengo,Renê,Lateral,64,23
2019,CR Flamengo,Filipe Luís,Lateral,64,16
2019,CR Flamengo,Pablo Marí,Zagueiro,67,22
2019,CR Flamengo,Rodrigo Caio,Zagueiro,66,29
2019,CR Flamengo,Matheus Thuler,Zagueiro,59,13
2019,CR Flamengo,Rhodolfo,Zagueiro,59,9
2019,CR Flamengo,Willian Arão,Volante,76,35
2019,CR Flamengo,Piris da Motta,Volante,67,26
2019,CR Flamengo,Gustavo Cuéllar,Volante,57,9
2019,CR Flamengo,Reinier,Meia,84,14
2019,CR Flamengo,Giorgian de Arrascaeta,Meia,78,23
2019,CR Flamengo,Gerson,Meia,77,27
2019,CR Flamengo,Everton Ribeiro,Meia,73,32
2019,CR Flamengo,Diego,Meia,68,16
2019,CR Flamengo,Vitinho,Ponta,78,25
2019,CR Flamengo,Orlando Berrío,Ponta,65,16
2019,CR Flamengo,Gabriel Barbosa,Atacante,95,29
2019,CR Flamengo,Bruno Henrique,Atacante,92,33
2019,CR Flamengo,Lincoln,Atacante,66,11
2019,Ceará Sporting Club,Diogo Silva,Goleiro,71,37
2019,Ceará Sporting Club,Richard,Goleiro,54,1
2019,Ceará Sporting Club,Samuel Xavier,Lateral,67,33
2019,Ceará Sporting Club,João Lucas,Lateral,66,32
2019,Ceará Sporting Club,Thiago Carleto,Lateral,58,5
2019,Ceará Sporting Club,Cristovam,Lateral,57,8
2019,Ceará Sporting Club,Luiz Otávio,Zagueiro,65,26
2019,Ceará Sporting Club,Eduardo Brock,Zagueiro,57,9
2019,Ceará Sporting Club,Fabinho,Volante,67,35
2019,Ceará Sporting Club,William Oliveira,Volante,59,14
2019,Ceará Sporting Club,Auremir,Volante,57,6
2019,Ceará Sporting Club,Ricardinho,Meia,71,34
2019,Ceará Sporting Club,Felipe Silva,Meia,66,24
2019,Ceará Sporting Club,Lima,Meia,63,15
2019,Ceará Sporting Club,Wescley,Meia,60,15
2019,Ceará Sporting Club,Chico Kim,Meia,60,11
2019,Ceará Sporting Club,Pedro Ken,Meia,60,16
2019,Ceará Sporting Club,Fernando Sobral,Meia,59,13
2019,Ceará Sporting Club,Leandro Carvalho,Ponta,69,26
2019,Ceará Sporting Club,Juninho Quixadá,Ponta,56,6
2019,Ceará Sporting Club,Ricardo Bueno,Atacante,71,6
2019,Ceará Sporting Club,Bérgson,Atacante,65,22
2019,Ceará Sporting Club,Felippe Cardoso,Atacante,65,18
2019,Centro Sportivo Alagoano (AL),Jordi,Goleiro,69,29
2019,Centro Sportivo Alagoano (AL),João Carlos,Goleiro,60,11
2019,Centro Sportivo Alagoano (AL),Warley,Lateral,59,13
2019,Centro Sportivo Alagoano (AL),Luciano Castán,Zagueiro,67,34
2019,Centro Sportivo Alagoano (AL),Alan Costa,Zagueiro,64,26
2019,Centro Sportivo Alagoano (AL),Gerson,Zagueiro,57,9
2019,Centro Sportivo Alagoano (AL),Leandro Souza,Zagueiro,55,2
2019,Centro Sportivo Alagoano (AL),João Vitor,Volante,62,19
2019,Centro Sportivo Alagoano (AL),Nilton,Volante,60,13
2019,Centro Sportivo Alagoano (AL),Jean Cléber,Meia,66,24
2019,Centro Sportivo Alagoano (AL),Matheus Savio,Meia,62,8
2019,Centro Sportivo Alagoano (AL),Apodi,Ponta,71,32
2019,Centro Sportivo Alagoano (AL),Jarro Pedroso,Ponta,61,5
2019,Centro Sportivo Alagoano (AL),Maranhão,Ponta,60,11
2019,Centro Sportivo Alagoano (AL),Euller,Ponta,60,16
2019,Centro Sportivo Alagoano (AL),Victor Paraíba,Ponta,60,8
2019,Centro Sportivo Alagoano (AL),Bruno Alves,Ponta,58,12
2019,Centro Sportivo Alagoano (AL),Pablo Armero,Ponta,56,3
2019,Centro Sportivo Alagoano (AL),Robinho,Ponta,55,2
2019,Centro Sportivo Alagoano (AL),Ricardo Bueno,Atacante,68,22
2019,Centro Sportivo Alagoano (AL),Alecsandro,Atacante,64,20
2019,Centro Sportivo Alagoano (AL),Cassiano,Atacante,58,10
2019,Centro Sportivo Alagoano (AL),Alisson Safira,Atacante,57,7
2019,Club Athletico Paranaense,Santos,Goleiro,70,29
2019,Club Athletico Paranaense,Léo Vieira,Goleiro,60,6
2019,Club Athletico Paranaense,Madson,Lateral,67,27
2019,Club Athletico Paranaense,Márcio Azevedo,Lateral,67,26
2019,Club Athletico Paranaense,Adriano,Lateral,62,11
2019,Club Athletico Paranaense,Léo Pereira,Zagueiro,66,29
2019,Club Athletico Paranaense,Thiago Heleno,Zagueiro,60,16
2019,Club Athletico Paranaense,Pedro Henrique,Zagueiro,59,13
2019,Club Athletico Paranaense,Lucas Halter,Zagueiro,57,9
2019,Club Athletico Paranaense,Bruno Guimarães,Volante,75,25
2019,Club Athletico Paranaense,Wellington,Volante,65,29
2019,Club Athletico Paranaense,Erick,Volante,60,14
2019,Club Athletico Paranaense,Nikão,Meia,70,23
2019,Club Athletico Paranaense,Thonny  Anderson,Meia,70,23
2019,Club Athletico Paranaense,Léo Cittadini,Meia,68,21
2019,Club Athletico Paranaense,Lucho González,Meia,62,17
2019,Club Athletico Paranaense,Camacho,Meia,60,11
2019,Club Athletico Paranaense,Bruno Nazário,Meia,59,14
2019,Club Athletico Paranaense,Marcelo Cirino,Ponta,75,30
2019,Club Athletico Paranaense,Vitinho,Ponta,66,16
2019,Club Athletico Paranaense,Rony,Atacante,71,30
2019,Club Athletico Paranaense,Marco Ruben,Atacante,69,23
2019,Club Athletico Paranaense,Braian Romero,Atacante,64,16
2019,Clube Atlético Mineiro,Cleiton,Goleiro,66,25
2019,Clube Atlético Mineiro,Victor,Goleiro,59,10
2019,Clube Atlético Mineiro,Fábio Santos,Lateral,67,30
2019,Clube Atlético Mineiro,Patric,Lateral,65,24
2019,Clube Atlético Mineiro,Guga,Lateral,64,18
2019,Clube Atlético Mineiro,Igor Rabello,Zagueiro,67,33
2019,Clube Atlético Mineiro,Réver,Zagueiro,66,28
2019,Clube Atlético Mineiro,Leonardo Silva,Zagueiro,61,18
2019,Clube Atlético Mineiro,Iago Maidana,Zagueiro,60,7
2019,Clube Atlético Mineiro,Jair,Volante,61,13
2019,Clube Atlético Mineiro,Zé Welison,Volante,61,18
2019,Clube Atlético Mineiro,Ramón Martínez,Volante,58,11
2019,Clube Atlético Mineiro,Juan Cazares,Meia,71,26
2019,Clube Atlético Mineiro,Nathan,Meia,68,20
2019,Clube Atlético Mineiro,Vina,Meia,67,24
2019,Clube Atlético Mineiro,Rómulo Otero,Meia,67,20
2019,Clube Atlético Mineiro,Bruninho,Meia,64,13
2019,Clube Atlético Mineiro,Luan,Ponta,69,28
2019,Clube Atlético Mineiro,Marquinhos,Ponta,69,12
2019,Clube Atlético Mineiro,Yimmi Chará,Ponta,66,18
2019,Clube Atlético Mineiro,Geuvânio,Ponta,64,25
2019,Clube Atlético Mineiro,Franco Di Santo,Atacante,69,21
2019,Clube Atlético Mineiro,Ricardo Oliveira,Atacante,65,21
2019,Clube de Regatas Vasco da Gama,Fernando Miguel,Goleiro,69,30
2019,Clube de Regatas Vasco da Gama,Alexander,Goleiro,55,2
2019,Clube de Regatas Vasco da Gama,Danilo Barcelos,Lateral,64,21
2019,Clube de Regatas Vasco da Gama,Henrique Silva,Lateral,63,21
2019,Clube de Regatas Vasco da Gama,Bruno Gomes,Lateral,59,8
2019,Clube de Regatas Vasco da Gama,Oswaldo Henríquez,Zagueiro,65,27
2019,Clube de Regatas Vasco da Gama,Werley,Zagueiro,57,8
2019,Clube de Regatas Vasco da Gama,Raul,Volante,67,30
2019,Clube de Regatas Vasco da Gama,Richard,Volante,67,25
2019,Clube de Regatas Vasco da Gama,Andrey,Volante,62,17
2019,Clube de Regatas Vasco da Gama,Lucas Mineiro,Volante,60,11
2019,Clube de Regatas Vasco da Gama,Fredy Guarín,Meia,69,12
2019,Clube de Regatas Vasco da Gama,Marcos Júnior,Meia,67,27
2019,Clube de Regatas Vasco da Gama,Valdívia,Meia,61,12
2019,Clube de Regatas Vasco da Gama,Fellipe Bastos,Meia,61,14
2019,Clube de Regatas Vasco da Gama,Marrony,Ponta,77,34
2019,Clube de Regatas Vasco da Gama,Yago Pikachu,Ponta,72,36
2019,Clube de Regatas Vasco da Gama,Rossi,Ponta,70,29
2019,Clube de Regatas Vasco da Gama,Talles Magno,Ponta,63,15
2019,Clube de Regatas Vasco da Gama,Gabriel Pec,Ponta,60,8
2019,Clube de Regatas Vasco da Gama,Felipe Ferreira,Ponta,57,9
2019,Clube de Regatas Vasco da Gama,Ribamar,Atacante,66,21
2019,Clube de Regatas Vasco da Gama,Tiago Reis,Atacante,61,11
2019,Cruzeiro Esporte Clube,Fábio,Goleiro,71,36
2019,Cruzeiro Esporte Clube,Rafael,Goleiro,61,2
2019,Cruzeiro Esporte Clube,Luis Orejuela,Lateral,67,23
2019,Cruzeiro Esporte Clube,Egídio,Lateral,66,25
2019,Cruzeiro Esporte Clube,Dodô,Lateral,64,18
2019,Cruzeiro Esporte Clube,Edílson,Lateral,59,14
2019,Cruzeiro Esporte Clube,Dedé,Zagueiro,63,20
2019,Cruzeiro Esporte Clube,Cacá,Zagueiro,62,20
2019,Cruzeiro Esporte Clube,Fabrício Bruno,Zagueiro,61,19
2019,Cruzeiro Esporte Clube,Lucas Silva,Volante,60,6
2019,Cruzeiro Esporte Clube,Jadsom,Volante,54,1
2019,Cruzeiro Esporte Clube,Thiago Neves,Meia,75,28
2019,Cruzeiro Esporte Clube,Éderson,Meia,68,21
2019,Cruzeiro Esporte Clube,Marquinhos Gabriel,Meia,66,28
2019,Cruzeiro Esporte Clube,Robinho,Meia,66,27
2019,Cruzeiro Esporte Clube,Ariel Cabral,Meia,62,16
2019,Cruzeiro Esporte Clube,Jádson,Meia,61,14
2019,Cruzeiro Esporte Clube,Mauricio,Meia,60,8
2019,Cruzeiro Esporte Clube,Pedro Rocha,Ponta,72,23
2019,Cruzeiro Esporte Clube,David,Ponta,68,33
2019,Cruzeiro Esporte Clube,Sassá,Atacante,70,24
2019,Cruzeiro Esporte Clube,Fred,Atacante,70,30
2019,Cruzeiro Esporte Clube,Ezequiel,Atacante,59,14
2019,Esporte Clube Bahia,Douglas Friedrich,Goleiro,72,37
2019,Esporte Clube Bahia,Anderson,Goleiro,54,1
2019,Esporte Clube Bahia,Moisés,Lateral,68,30
2019,Esporte Clube Bahia,Nino Paraíba,Lateral,68,29
2019,Esporte Clube Bahia,João Pedro,Lateral,62,12
2019,Esporte Clube Bahia,Giovanni,Lateral,58,10
2019,Esporte Clube Bahia,Lucas Fonseca,Zagueiro,67,35
2019,Esporte Clube Bahia,Juninho,Zagueiro,66,27
2019,Esporte Clube Bahia,Ernando,Zagueiro,59,8
2019,Esporte Clube Bahia,Wanderson,Zagueiro,57,7
2019,Esporte Clube Bahia,Gregore,Volante,68,34
2019,Esporte Clube Bahia,Ronaldo,Volante,59,14
2019,Esporte Clube Bahia,Elton,Volante,57,9
2019,Esporte Clube Bahia,Flávio,Meia,67,28
2019,Esporte Clube Bahia,Douglas Augusto,Meia,62,7
2019,Esporte Clube Bahia,Eric Ramires,Meia,59,14
2019,Esporte Clube Bahia,Shaylon,Meia,57,8
2019,Esporte Clube Bahia,Artur,Ponta,78,32
2019,Esporte Clube Bahia,Arthur Caíke,Ponta,71,29
2019,Esporte Clube Bahia,Rogério,Ponta,61,13
2019,Esporte Clube Bahia,Lucca,Ponta,60,17
2019,Esporte Clube Bahia,Gilberto,Atacante,81,32
2019,Esporte Clube Bahia,Fernandão,Atacante,72,32
2019,Fluminense Football Club,Muriel,Goleiro,67,21
2019,Fluminense Football Club,Marcos Felipe,Goleiro,62,6
2019,Fluminense Football Club,Rodolfo,Goleiro,57,7
2019,Fluminense Football Club,Caio Henrique,Lateral,71,35
2019,Fluminense Football Club,Gilberto,Lateral,69,31
2019,Fluminense Football Club,Igor Julião,Lateral,61,15
2019,Fluminense Football Club,Nino,Zagueiro,72,36
2019,Fluminense Football Club,Frazan,Zagueiro,60,12
2019,Fluminense Football Club,Matheus Ferraz,Zagueiro,59,7
2019,Fluminense Football Club,Allan,Volante,68,28
2019,Fluminense Football Club,Yuri Lima,Volante,62,23
2019,Fluminense Football Club,Dodi,Volante,57,9
2019,Fluminense Football Club,Nenê,Meia,71,25
2019,Fluminense Football Club,Ganso,Meia,70,28
2019,Fluminense Football Club,Danielzinho,Meia,69,30
2019,Fluminense Football Club,Léo Artur,Meia,57,7
2019,Fluminense Football Club,Marcos Paulo,Ponta,80,24
2019,Fluminense Football Club,Yony González,Ponta,77,34
2019,Fluminense Football Club,Wellington Nem,Ponta,65,18
2019,Fluminense Football Club,Pedro,Atacante,82,10
2019,Fluminense Football Club,João Pedro,Atacante,77,24
2019,Fluminense Football Club,Luciano,Atacante,70,6
2019,Fluminense Football Club,Pablo Dyego,Atacante,57,9
2019,Fortaleza Esporte Clube,Felipe Alves,Goleiro,68,32
2019,Fortaleza Esporte Clube,Marcelo Boeck,Goleiro,60,7
2019,Fortaleza Esporte Clube,Tinga,Lateral,66,23
2019,Fortaleza Esporte Clube,Gabriel Dias,Lateral,66,28
2019,Fortaleza Esporte Clube,Carlinhos,Lateral,66,27
2019,Fortaleza Esporte Clube,Juan Quintero,Zagueiro,68,37
2019,Fortaleza Esporte Clube,Bruno Melo,Zagueiro,65,14
2019,Fortaleza Esporte Clube,Paulão,Zagueiro,61,12
2019,Fortaleza Esporte Clube,Roger Carvalho,Zagueiro,58,12
2019,Fortaleza Esporte Clube,Jackson,Zagueiro,58,11
2019,Fortaleza Esporte Clube,Felipe,Volante,66,30
2019,Fortaleza Esporte Clube,Marlon,Volante,61,19
2019,Fortaleza Esporte Clube,Nenê Bonilha,Volante,56,6
2019,Fortaleza Esporte Clube,Juninho Valoura,Meia,73,32
2019,Fortaleza Esporte Clube,Edinho,Meia,68,29
2019,Fortaleza Esporte Clube,Felipe Pires,Meia,64,11
2019,Fortaleza Esporte Clube,Mariano Vázquez,Meia,56,6
2019,Fortaleza Esporte Clube,Osvaldo,Ponta,76,32
2019,Fortaleza Esporte Clube,Romarinho,Ponta,71,32
2019,Fortaleza Esporte Clube,André Luis,Ponta,65,24
2019,Fortaleza Esporte Clube,Matheus Alessandro,Ponta,57,8
2019,Fortaleza Esporte Clube,Júnior Santos,Ponta,56,6
2019,Fortaleza Esporte Clube,Wellington Paulista,Atacante,79,31
2019,Goiás EC,Tadeu,Goleiro,71,37
2019,Goiás EC,Marcos de Paula,Goleiro,54,1
2019,Goiás EC,Jefferson,Lateral,67,33
2019,Goiás EC,Marcelo Hermes,Lateral,62,12
2019,Goiás EC,Yago Rocha,Lateral,62,21
2019,Goiás EC,Daniel Guedes,Lateral,60,15
2019,Goiás EC,Alan Ruschel,Lateral,59,9
2019,Goiás EC,Rafael Vaz,Zagueiro,68,32
2019,Goiás EC,Fábio Sanches,Zagueiro,64,25
2019,Goiás EC,David Duarte,Zagueiro,57,7
2019,Goiás EC,Gilberto Jr,Volante,62,20
2019,Goiás EC,Geovane,Volante,60,17
2019,Goiás EC,Breno,Volante,58,11
2019,Goiás EC,Yago Felipe,Meia,69,30
2019,Goiás EC,Marlone,Meia,63,16
2019,Goiás EC,Thalles,Meia,63,10
2019,Goiás EC,Giovanni Augusto,Meia,61,12
2019,Goiás EC,Renatinho,Meia,57,9
2019,Goiás EC,Michael,Ponta,77,35
2019,Goiás EC,Leandro Barcia,Ponta,73,35
2019,Goiás EC,Rafinha,Ponta,60,10
2019,Goiás EC,Rafael Moura,Atacante,74,23
2019,Goiás EC,Kayke,Atacante,72,19
2019,Grêmio Foot-Ball Porto Alegrense,Paulo Victor,Goleiro,72,28
2019,Grêmio Foot-Ball Porto Alegrense,Júlio César,Goleiro,62,8
2019,Grêmio Foot-Ball Porto Alegrense,Bruno Cortez,Lateral,67,21
2019,Grêmio Foot-Ball Porto Alegrense,Juninho Capixaba,Lateral,61,17
2019,Grêmio Foot-Ball Porto Alegrense,Pedro Geromel,Zagueiro,69,20
2019,Grêmio Foot-Ball Porto Alegrense,David Braz,Zagueiro,66,18
2019,Grêmio Foot-Ball Porto Alegrense,Walter Kannemann,Zagueiro,61,17
2019,Grêmio Foot-Ball Porto Alegrense,Rômulo,Volante,63,14
2019,Grêmio Foot-Ball Porto Alegrense,Michel,Volante,63,22
2019,Grêmio Foot-Ball Porto Alegrense,Darlan,Volante,60,13
2019,Grêmio Foot-Ball Porto Alegrense,Alisson,Meia,74,22
2019,Grêmio Foot-Ball Porto Alegrense,Luan,Meia,74,20
2019,Grêmio Foot-Ball Porto Alegrense,Matheus Henrique,Meia,73,20
2019,Grêmio Foot-Ball Porto Alegrense,Jean Pyerre,Meia,71,10
2019,Grêmio Foot-Ball Porto Alegrense,Rafael Galhardo,Meia,70,16
2019,Grêmio Foot-Ball Porto Alegrense,Thaciano,Meia,67,22
2019,Grêmio Foot-Ball Porto Alegrense,PK,Meia,64,18
2019,Grêmio Foot-Ball Porto Alegrense,Everton,Ponta,90,30
2019,Grêmio Foot-Ball Porto Alegrense,Pepê,Ponta,77,32
2019,Grêmio Foot-Ball Porto Alegrense,Luciano,Atacante,73,19
2019,Grêmio Foot-Ball Porto Alegrense,Diego Tardelli,Atacante,69,29
2019,Grêmio Foot-Ball Porto Alegrense,André Felipe,Atacante,67,17
2019,Grêmio Foot-Ball Porto Alegrense,Felipe Vizeu,Atacante,64,11
2019,Santos FC,Everson,Goleiro,71,32
2019,Santos FC,Vanderlei,Goleiro,62,6
2019,Santos FC,Jorge,Lateral,73,29
2019,Santos FC,Felipe Jonatan,Lateral,65,26
2019,Santos FC,Pará,Lateral,58,11
2019,Santos FC,Lucas Veríssimo,Zagueiro,73,33
2019,Santos FC,Gustavo Henrique,Zagueiro,72,32
2019,Santos FC,Felipe Aguilar,Zagueiro,60,17
2019,Santos FC,Luan Peres,Zagueiro,58,9
2019,Santos FC,Luiz Felipe,Zagueiro,57,8
2019,Santos FC,Alison,Volante,63,23
2019,Santos FC,Yuri Lima,Volante,54,0
2019,Santos FC,Carlos Sánchez,Meia,83,34
2019,Santos FC,Evandro,Meia,72,18
2019,Santos FC,Diego Pituca,Meia,69,35
2019,Santos FC,Jean Lucas,Meia,66,9
2019,Santos FC,Victor Ferraz,Meia,65,25
2019,Santos FC,Rodrygo,Ponta,83,4
2019,Santos FC,Yeferson Soteldo,Ponta,78,32
2019,Santos FC,Marinho,Ponta,76,27
2019,Santos FC,Tailson,Ponta,60,11
2019,Santos FC,Eduardo Sasha,Atacante,79,37
2019,Santos FC,Yuri Alberto,Atacante,58,0
2019,Sociedade Esportiva Palmeiras,Weverton,Goleiro,70,31
2019,Sociedade Esportiva Palmeiras,Jailson,Goleiro,55,4
2019,Sociedade Esportiva Palmeiras,Diogo Barbosa,Lateral,67,33
2019,Sociedade Esportiva Palmeiras,Marcos Rocha,Lateral,67,30
2019,Sociedade Esportiva Palmeiras,Gustavo Gómez,Zagueiro,70,22
2019,Sociedade Esportiva Palmeiras,Vitor Hugo,Zagueiro,68,20
2019,Sociedade Esportiva Palmeiras,Luan,Zagueiro,61,20
2019,Sociedade Esportiva Palmeiras,Thiago Santos,Zagueiro,61,18
2019,Sociedade Esportiva Palmeiras,Antônio Carlos,Zagueiro,57,9
2019,Sociedade Esportiva Palmeiras,Felipe Melo,Volante,67,24
2019,Sociedade Esportiva Palmeiras,Matheus Fernandes,Volante,65,11
2019,Sociedade Esportiva Palmeiras,Bruno Henrique,Meia,81,34
2019,Sociedade Esportiva Palmeiras,Gustavo Scarpa,Meia,79,27
2019,Sociedade Esportiva Palmeiras,Zé Rafael,Meia,74,27
2019,Sociedade Esportiva Palmeiras,Lucas Lima,Meia,68,23
2019,Sociedade Esportiva Palmeiras,Raphael Veiga,Meia,68,19
2019,Sociedade Esportiva Palmeiras,Hyoran,Meia,67,12
2019,Sociedade Esportiva Palmeiras,Moisés,Meia,57,9
2019,Sociedade Esportiva Palmeiras,Dudu,Ponta,91,36
2019,Sociedade Esportiva Palmeiras,Carlos Eduardo,Ponta,62,7
2019,Sociedade Esportiva Palmeiras,Luiz Adriano,Atacante,78,13
2019,Sociedade Esportiva Palmeiras,Deyverson,Atacante,74,24
2019,Sociedade Esportiva Palmeiras,Willian Bigode,Atacante,71,22
2019,Sport Club Corinthians Paulista,Cássio,Goleiro,71,32
2019,Sport Club Corinthians Paulista,Walter,Goleiro,60,6
2019,Sport Club Corinthians Paulista,Fagner,Lateral,73,30
2019,Sport Club Corinthians Paulista,Danilo Avelar,Lateral,69,25
2019,Sport Club Corinthians Paulista,Carlos Augusto,Lateral,62,15
2019,Sport Club Corinthians Paulista,Michel Macedo,Lateral,62,10
2019,Sport Club Corinthians Paulista,Gil,Zagueiro,71,29
2019,Sport Club Corinthians Paulista,Manoel,Zagueiro,70,31
2019,Sport Club Corinthians Paulista,Bruno Méndez,Zagueiro,60,6
2019,Sport Club Corinthians Paulista,Gabriel,Volante,60,17
2019,Sport Club Corinthians Paulista,Richard,Volante,58,3
2019,Sport Club Corinthians Paulista,Mateus Vital,Meia,74,31
2019,Sport Club Corinthians Paulista,Júnior Urso,Meia,67,27
2019,Sport Club Corinthians Paulista,Ramiro,Meia,62,18
2019,Sport Club Corinthians Paulista,Jádson,Meia,62,18
2019,Sport Club Corinthians Paulista,Matheus Jesus,Meia,58,6
2019,Sport Club Corinthians Paulista,Pedrinho,Ponta,82,28
2019,Sport Club Corinthians Paulista,Clayson,Ponta,74,32
2019,Sport Club Corinthians Paulista,Janderson,Ponta,65,20
2019,Sport Club Corinthians Paulista,Everaldo,Ponta,60,9
2019,Sport Club Corinthians Paulista,Mauro Boselli,Atacante,75,22
2019,Sport Club Corinthians Paulista,Vágner Love,Atacante,72,28
2019,Sport Club Corinthians Paulista,Gustavo,Atacante,71,25
2019,Sport Club Internacional,Marcelo Lomba,Goleiro,70,34
2019,Sport Club Internacional,Danilo Fernandes,Goleiro,58,5
2019,Sport Club Internacional,Heitor,Lateral,67,20
2019,Sport Club Internacional,Uendel,Lateral,63,20
2019,Sport Club Internacional,Zeca,Lateral,62,20
2019,Sport Club Internacional,Victor Cuesta,Zagueiro,66,31
2019,Sport Club Internacional,Rodrigo Moledo,Zagueiro,65,17
2019,Sport Club Internacional,Emerson,Zagueiro,59,11
2019,Sport Club Internacional,William Klaus,Zagueiro,59,10
2019,Sport Club Internacional,Bruno Fuchs,Zagueiro,59,10
2019,Sport Club Internacional,Rodrigo Lindoso,Volante,72,27
2019,Sport Club Internacional,Rithely,Volante,59,8
2019,Sport Club Internacional,Edenilson,Meia,76,30
2019,Sport Club Internacional,Nonato,Meia,68,26
2019,Sport Club Internacional,Jogador 3445,Meia,67,23
2019,Sport Club Internacional,Patrick,Meia,66,24
2019,Sport Club Internacional,Martín Sarrafiore,Meia,65,19
2019,Sport Club Internacional,William Pottker,Ponta,68,10
2019,Sport Club Internacional,Guilherme Parede,Ponta,68,25
2019,Sport Club Internacional,Neilton,Ponta,62,16
2019,Sport Club Internacional,Paolo Guerrero,Atacante,75,24
2019,Sport Club Internacional,Nicolás López,Atacante,69,25
2019,Sport Club Internacional,Rafael Sóbis,Atacante,64,20
2019,São Paulo Futebol Clube,Tiago Volpi,Goleiro,72,37
2019,São Paulo Futebol Clube,Lucas Perri,Goleiro,54,1
2019,São Paulo Futebol Clube,Reinaldo,Lateral,69,35
2019,São Paulo Futebol Clube,Dani Alves,Lateral,68,20
2019,São Paulo Futebol Clube,Juanfran Torres,Lateral,66,17
2019,São Paulo Futebol Clube,Igor Vinícius,Lateral,63,19
2019,São Paulo Futebol Clube,Bruno Alves,Zagueiro,67,33
2019,São Paulo Futebol Clube,Robert Arboleda,Zagueiro,66,29
2019,São Paulo Futebol Clube,Anderson Martins,Zagueiro,58,11
2019,São Paulo Futebol Clube,Húdson,Volante,62,16
2019,São Paulo Futebol Clube,Luan Santos,Volante,62,23
2019,São Paulo Futebol Clube,Vitor Bueno,Meia,74,28
2019,São Paulo Futebol Clube,Tchê Tchê,Meia,73,35
2019,São Paulo Futebol Clube,Hernanes,Meia,72,25
2019,São Paulo Futebol Clube,Igor Gomes,Meia,68,27
2019,São Paulo Futebol Clube,Liziero,Meia,63,21
2019,São Paulo Futebol Clube,Gabriel Sara,Meia,61,6
2019,São Paulo Futebol Clube,Antony,Ponta,83,29
2019,São Paulo Futebol Clube,Jonas Toró,Ponta,72,17
2019,São Paulo Futebol Clube,Éverton,Ponta,65,16
2019,São Paulo Futebol Clube,Helinho,Ponta,57,8
2019,São Paulo Futebol Clube,Alexandre Pato,Atacante,75,20
2019,São Paulo Futebol Clube,Pablo,Atacante,66,13
2020,Atlético Clube Goianiense,Mauricio Kozlinski,Goleiro,55,2
2020,Atlético Clube Goianiense,Lucas,Goleiro,54,0
2020,Atlético Clube Goianiense,Dudu,Lateral,67,34
2020,Atlético Clube Goianiense,Gustavo Ferrareis,Lateral,66,26
2020,Atlético Clube Goianiense,Nicolas,Lateral,66,30
2020,Atlético Clube Goianiense,Natanael,Lateral,63,19
2020,Atlético Clube Goianiense,Arnaldo,Lateral,60,17
2020,Atlético Clube Goianiense,Éder,Zagueiro,66,32
2020,Atlético Clube Goianiense,João Victor,Zagueiro,66,27
2020,Atlético Clube Goianiense,Gilvan,Zagueiro,63,22
2020,Atlético Clube Goianiense,Lucas Oliveira,Zagueiro,62,19
2020,Atlético Clube Goianiense,Marlon Freitas,Volante,66,31
2020,Atlético Clube Goianiense,Willian Maranhão,Volante,62,22
2020,Atlético Clube Goianiense,Edson,Volante,61,14
2020,Atlético Clube Goianiense,Chico Kim,Meia,72,33
2020,Atlético Clube Goianiense,Matheus Vargas,Meia,66,29
2020,Atlético Clube Goianiense,Everton Felipe,Meia,61,14
2020,Atlético Clube Goianiense,Janderson,Ponta,72,32
2020,Atlético Clube Goianiense,Wellington Rato,Ponta,68,19
2020,Atlético Clube Goianiense,Danilo Gomes,Ponta,61,13
2020,Atlético Clube Goianiense,Zé Roberto,Atacante,67,25
2020,Atlético Clube Goianiense,Hyuri,Atacante,64,16
2020,Atlético Clube Goianiense,Junior Brandão,Atacante,58,11
2020,Botafogo de Futebol e Regatas,Diego Cavalieri,Goleiro,63,22
2020,Botafogo de Futebol e Regatas,Roberto Fernández,Goleiro,61,8
2020,Botafogo de Futebol e Regatas,Kevin,Lateral,67,33
2020,Botafogo de Futebol e Regatas,Victor Luís,Lateral,65,26
2020,Botafogo de Futebol e Regatas,Warley,Lateral,62,16
2020,Botafogo de Futebol e Regatas,Guilherme Santos,Lateral,60,12
2020,Botafogo de Futebol e Regatas,Hugo,Lateral,57,7
2020,Botafogo de Futebol e Regatas,Kanu,Zagueiro,67,35
2020,Botafogo de Futebol e Regatas,Marcelo Benevenuto,Zagueiro,66,31
2020,Botafogo de Futebol e Regatas,David Sousa,Zagueiro,59,13
2020,Botafogo de Futebol e Regatas,Caio Alexandre,Volante,68,34
2020,Botafogo de Futebol e Regatas,Zé Welison,Volante,61,17
2020,Botafogo de Futebol e Regatas,Luiz Otávio,Volante,61,19
2020,Botafogo de Futebol e Regatas,Neneco,Volante,58,10
2020,Botafogo de Futebol e Regatas,Bruno Nazário,Meia,68,26
2020,Botafogo de Futebol e Regatas,Keisuke Honda,Meia,65,18
2020,Botafogo de Futebol e Regatas,Cícero,Meia,60,9
2020,Botafogo de Futebol e Regatas,Salomon Kalou,Ponta,67,25
2020,Botafogo de Futebol e Regatas,Davi Araújo,Ponta,59,13
2020,Botafogo de Futebol e Regatas,Matheus Babi,Atacante,77,34
2020,Botafogo de Futebol e Regatas,Pedro Raul,Atacante,72,25
2020,Botafogo de Futebol e Regatas,Rafael Navarro,Atacante,65,7
2020,Botafogo de Futebol e Regatas,Matheus Nascimento,Atacante,58,11
2020,CR Flamengo,Hugo Souza,Goleiro,66,23
2020,CR Flamengo,Diego Alves,Goleiro,65,10
2020,CR Flamengo,Filipe Luís,Lateral,71,31
2020,CR Flamengo,Mauricio Isla,Lateral,70,29
2020,CR Flamengo,Renê,Lateral,61,12
2020,CR Flamengo,Matheuzinho,Lateral,60,13
2020,CR Flamengo,Gustavo Henrique,Zagueiro,69,25
2020,CR Flamengo,Rodrigo Caio,Zagueiro,61,20
2020,CR Flamengo,Léo Pereira,Zagueiro,60,13
2020,CR Flamengo,Natan,Zagueiro,60,14
2020,CR Flamengo,Willian Arão,Volante,73,32
2020,CR Flamengo,Thiago Maia,Volante,65,14
2020,CR Flamengo,Giorgian de Arrascaeta,Meia,80,28
2020,CR Flamengo,Gerson,Meia,78,34
2020,CR Flamengo,Everton Ribeiro,Meia,76,33
2020,CR Flamengo,Diego,Meia,71,26
2020,CR Flamengo,Pepê,Meia,60,11
2020,CR Flamengo,Vitinho,Ponta,75,29
2020,CR Flamengo,Michael,Ponta,63,20
2020,CR Flamengo,Gabriel Barbosa,Atacante,90,25
2020,CR Flamengo,Pedro,Atacante,86,34
2020,CR Flamengo,Bruno Henrique,Atacante,80,31
2020,CR Flamengo,Lincoln,Atacante,61,14
2020,Ceará Sporting Club,Fernando Prass,Goleiro,65,22
2020,Ceará Sporting Club,Richard,Goleiro,64,16
2020,Ceará Sporting Club,Samuel Xavier,Lateral,66,28
2020,Ceará Sporting Club,Bruno Pacheco,Lateral,66,29
2020,Ceará Sporting Club,Kelvyn,Lateral,62,16
2020,Ceará Sporting Club,Eduardo,Lateral,60,14
2020,Ceará Sporting Club,Luiz Otávio,Zagueiro,65,28
2020,Ceará Sporting Club,Tiago Pagnussat,Zagueiro,65,28
2020,Ceará Sporting Club,William Klaus,Zagueiro,58,12
2020,Ceará Sporting Club,Fabinho,Volante,66,31
2020,Ceará Sporting Club,Pedro Naressi,Volante,64,13
2020,Ceará Sporting Club,William Oliveira,Volante,58,11
2020,Ceará Sporting Club,Vina,Meia,81,31
2020,Ceará Sporting Club,Lima,Meia,73,31
2020,Ceará Sporting Club,Fernando Sobral,Meia,70,34
2020,Ceará Sporting Club,Charles,Meia,70,31
2020,Ceará Sporting Club,Wescley,Meia,67,20
2020,Ceará Sporting Club,Léo Chú,Ponta,73,22
2020,Ceará Sporting Club,Leandro Carvalho,Ponta,64,19
2020,Ceará Sporting Club,Cléber,Atacante,72,33
2020,Ceará Sporting Club,Saulo Mineiro,Atacante,67,17
2020,Ceará Sporting Club,Felipe Vizeu,Atacante,65,11
2020,Ceará Sporting Club,Rafael Sóbis,Atacante,59,14
2020,Club Athletico Paranaense,Santos,Goleiro,71,33
2020,Club Athletico Paranaense,Jandrei,Goleiro,64,4
2020,Club Athletico Paranaense,Abner,Lateral,74,34
2020,Club Athletico Paranaense,Khellven,Lateral,69,21
2020,Club Athletico Paranaense,Jonathan,Lateral,63,18
2020,Club Athletico Paranaense,Thiago Heleno,Zagueiro,66,29
2020,Club Athletico Paranaense,Pedro Henrique,Zagueiro,65,30
2020,Club Athletico Paranaense,Zé Ivaldo,Zagueiro,59,14
2020,Club Athletico Paranaense,Richard,Volante,67,28
2020,Club Athletico Paranaense,Erick,Volante,62,19
2020,Club Athletico Paranaense,Wellington,Volante,61,20
2020,Club Athletico Paranaense,Jaime Alvarado,Volante,59,14
2020,Club Athletico Paranaense,Nikão,Meia,71,26
2020,Club Athletico Paranaense,Léo Cittadini,Meia,70,31
2020,Club Athletico Paranaense,Fernando Canesin,Meia,68,16
2020,Club Athletico Paranaense,Christian,Meia,67,30
2020,Club Athletico Paranaense,Carlos Eduardo,Ponta,79,30
2020,Club Athletico Paranaense,Vitinho,Ponta,72,13
2020,Club Athletico Paranaense,Geuvânio,Ponta,63,12
2020,Club Athletico Paranaense,Fabinho,Ponta,61,13
2020,Club Athletico Paranaense,Renato Kayzer,Atacante,73,27
2020,Club Athletico Paranaense,Bissoli,Atacante,60,15
2020,Club Athletico Paranaense,Walter,Atacante,60,16
2020,Clube Atlético Mineiro,Everson,Goleiro,68,28
2020,Clube Atlético Mineiro,Rafael,Goleiro,64,10
2020,Clube Atlético Mineiro,Guilherme Arana,Lateral,77,37
2020,Clube Atlético Mineiro,Guga,Lateral,67,32
2020,Clube Atlético Mineiro,Mariano,Lateral,60,8
2020,Clube Atlético Mineiro,Júnior Alonso,Zagueiro,72,32
2020,Clube Atlético Mineiro,Réver,Zagueiro,65,26
2020,Clube Atlético Mineiro,Igor Rabello,Zagueiro,64,24
2020,Clube Atlético Mineiro,Gabriel,Zagueiro,57,9
2020,Clube Atlético Mineiro,Bueno,Zagueiro,57,9
2020,Clube Atlético Mineiro,Allan,Volante,70,31
2020,Clube Atlético Mineiro,Jair,Volante,68,28
2020,Clube Atlético Mineiro,Jefferson Savarino,Meia,76,32
2020,Clube Atlético Mineiro,Hyoran,Meia,75,29
2020,Clube Atlético Mineiro,Nathan,Meia,72,27
2020,Clube Atlético Mineiro,Alan Franco,Meia,67,28
2020,Clube Atlético Mineiro,Matías Zaracho,Meia,61,13
2020,Clube Atlético Mineiro,Calebe,Meia,58,11
2020,Clube Atlético Mineiro,Keno,Ponta,80,33
2020,Clube Atlético Mineiro,Marrony,Ponta,76,32
2020,Clube Atlético Mineiro,Marquinhos,Ponta,67,11
2020,Clube Atlético Mineiro,Eduardo Sasha,Atacante,74,34
2020,Clube Atlético Mineiro,Eduardo Vargas,Atacante,68,16
2020,Clube de Regatas Vasco da Gama,Fernando Miguel,Goleiro,71,36
2020,Clube de Regatas Vasco da Gama,Lucão,Goleiro,55,2
2020,Clube de Regatas Vasco da Gama,Henrique Silva,Lateral,67,29
2020,Clube de Regatas Vasco da Gama,Neto Borges,Lateral,64,19
2020,Clube de Regatas Vasco da Gama,Bruno Gomes,Lateral,62,23
2020,Clube de Regatas Vasco da Gama,Miranda,Zagueiro,61,18
2020,Clube de Regatas Vasco da Gama,Marcelo Alves,Zagueiro,59,14
2020,Clube de Regatas Vasco da Gama,Werley,Zagueiro,57,8
2020,Clube de Regatas Vasco da Gama,Andrey,Volante,66,27
2020,Clube de Regatas Vasco da Gama,Carlinhos,Meia,69,28
2020,Clube de Regatas Vasco da Gama,Martín Benítez,Meia,67,24
2020,Clube de Regatas Vasco da Gama,Fellipe Bastos,Meia,67,14
2020,Clube de Regatas Vasco da Gama,Marcos Júnior,Meia,63,21
2020,Clube de Regatas Vasco da Gama,Juninho,Meia,62,17
2020,Clube de Regatas Vasco da Gama,Talles Magno,Ponta,70,34
2020,Clube de Regatas Vasco da Gama,Yago Pikachu,Ponta,66,28
2020,Clube de Regatas Vasco da Gama,Ygor Catatau,Ponta,63,15
2020,Clube de Regatas Vasco da Gama,Vinícius Paiva,Ponta,62,18
2020,Clube de Regatas Vasco da Gama,Gabriel Pec,Ponta,62,16
2020,Clube de Regatas Vasco da Gama,Guilherme Parede,Ponta,58,11
2020,Clube de Regatas Vasco da Gama,Germán Cano,Atacante,79,34
2020,Clube de Regatas Vasco da Gama,Ribamar,Atacante,68,15
2020,Clube de Regatas Vasco da Gama,Tiago Reis,Atacante,57,8
2020,Coritiba Foot Ball Club,Wilson,Goleiro,69,34
2020,Coritiba Foot Ball Club,Arthur,Goleiro,58,4
2020,Coritiba Foot Ball Club,William Matheus,Lateral,66,24
2020,Coritiba Foot Ball Club,Jonathan,Lateral,63,24
2020,Coritiba Foot Ball Club,Natanael,Lateral,61,17
2020,Coritiba Foot Ball Club,Sabino,Zagueiro,67,31
2020,Coritiba Foot Ball Club,Nathan Silva,Zagueiro,62,19
2020,Coritiba Foot Ball Club,Rhodolfo,Zagueiro,61,17
2020,Coritiba Foot Ball Club,Rodolfo Filemon,Zagueiro,59,14
2020,Coritiba Foot Ball Club,Hugo Moura,Volante,67,28
2020,Coritiba Foot Ball Club,Matheus Sales,Volante,62,21
2020,Coritiba Foot Ball Club,Giovanni Augusto,Meia,73,20
2020,Coritiba Foot Ball Club,Matheus Galdezani,Meia,65,24
2020,Coritiba Foot Ball Club,Matheus Bueno,Meia,65,27
2020,Coritiba Foot Ball Club,Luiz Henrique,Meia,63,15
2020,Coritiba Foot Ball Club,Mattheus,Meia,62,12
2020,Coritiba Foot Ball Club,Martín Sarrafiore,Meia,62,16
2020,Coritiba Foot Ball Club,Robson,Ponta,73,32
2020,Coritiba Foot Ball Club,Neilton,Ponta,68,24
2020,Coritiba Foot Ball Club,Yan Sasse,Ponta,61,18
2020,Coritiba Foot Ball Club,Ricardo Oliveira,Atacante,64,18
2020,Coritiba Foot Ball Club,Pablo Thomaz,Atacante,59,13
2020,Coritiba Foot Ball Club,Nathan Fogaça,Atacante,58,12
2020,Esporte Clube Bahia,Douglas Friedrich,Goleiro,69,30
2020,Esporte Clube Bahia,Anderson,Goleiro,58,8
2020,Esporte Clube Bahia,Nino Paraíba,Lateral,69,33
2020,Esporte Clube Bahia,Juninho Capixaba,Lateral,68,29
2020,Esporte Clube Bahia,Matheus Bahia,Lateral,60,13
2020,Esporte Clube Bahia,Zeca,Lateral,59,11
2020,Esporte Clube Bahia,Juninho,Zagueiro,68,30
2020,Esporte Clube Bahia,Ernando,Zagueiro,66,30
2020,Esporte Clube Bahia,Lucas Fonseca,Zagueiro,61,19
2020,Esporte Clube Bahia,Gregore,Volante,68,33
2020,Esporte Clube Bahia,Ronaldo,Volante,65,26
2020,Esporte Clube Bahia,Edson Fernando,Volante,58,12
2020,Esporte Clube Bahia,Rodriguinho,Meia,72,24
2020,Esporte Clube Bahia,Danielzinho,Meia,69,29
2020,Esporte Clube Bahia,Juan Pablo Ramírez,Meia,69,9
2020,Esporte Clube Bahia,Marco Antônio,Meia,65,18
2020,Esporte Clube Bahia,Ramon,Meia,59,13
2020,Esporte Clube Bahia,Rossi,Ponta,72,34
2020,Esporte Clube Bahia,Clayson,Ponta,67,21
2020,Esporte Clube Bahia,Alesson,Ponta,63,16
2020,Esporte Clube Bahia,Fessin,Ponta,62,19
2020,Esporte Clube Bahia,Gilberto,Atacante,76,33
2020,Esporte Clube Bahia,Gabriel Novaes,Atacante,63,13
2020,Fluminense Football Club,Muriel,Goleiro,65,20
2020,Fluminense Football Club,Marcos Felipe,Goleiro,65,18
2020,Fluminense Football Club,Egídio,Lateral,68,20
2020,Fluminense Football Club,Igor Julião,Lateral,65,20
2020,Fluminense Football Club,Caio Paulista,Lateral,65,22
2020,Fluminense Football Club,Danilo Barcelos,Lateral,63,17
2020,Fluminense Football Club,Calegari,Lateral,62,22
2020,Fluminense Football Club,Nino,Zagueiro,70,26
2020,Fluminense Football Club,Luccas Claro,Zagueiro,68,31
2020,Fluminense Football Club,Matheus Ferraz,Zagueiro,61,14
2020,Fluminense Football Club,Húdson,Volante,64,25
2020,Fluminense Football Club,Dodi,Volante,63,19
2020,Fluminense Football Club,Yuri Lima,Volante,60,16
2020,Fluminense Football Club,Nenê,Meia,77,31
2020,Fluminense Football Club,Ganso,Meia,68,18
2020,Fluminense Football Club,Yago Felipe,Meia,66,28
2020,Fluminense Football Club,Marcos Paulo,Ponta,77,24
2020,Fluminense Football Club,Luiz Henrique,Ponta,71,26
2020,Fluminense Football Club,Lucca,Ponta,66,18
2020,Fluminense Football Club,Michel Araújo,Ponta,66,29
2020,Fluminense Football Club,Fernando Pacheco,Ponta,60,15
2020,Fluminense Football Club,Fred,Atacante,69,24
2020,Fluminense Football Club,Felippe Cardoso,Atacante,66,20
2020,Fortaleza Esporte Clube,Felipe Alves,Goleiro,72,37
2020,Fortaleza Esporte Clube,Max Walef,Goleiro,66,1
2020,Fortaleza Esporte Clube,Tinga,Lateral,66,28
2020,Fortaleza Esporte Clube,Gabriel Dias,Lateral,66,31
2020,Fortaleza Esporte Clube,Carlinhos,Lateral,64,27
2020,Fortaleza Esporte Clube,Paulão,Zagueiro,65,31
2020,Fortaleza Esporte Clube,Bruno Melo,Zagueiro,65,24
2020,Fortaleza Esporte Clube,Jackson,Zagueiro,62,21
2020,Fortaleza Esporte Clube,Juan Quintero,Zagueiro,59,14
2020,Fortaleza Esporte Clube,Wanderson,Zagueiro,58,11
2020,Fortaleza Esporte Clube,Felipe,Volante,67,33
2020,Fortaleza Esporte Clube,Ronald,Volante,65,28
2020,Fortaleza Esporte Clube,Marlon,Volante,60,16
2020,Fortaleza Esporte Clube,Derley,Volante,58,10
2020,Fortaleza Esporte Clube,Juninho Valoura,Meia,71,32
2020,Fortaleza Esporte Clube,Mariano Vázquez,Meia,61,19
2020,Fortaleza Esporte Clube,João Paulo,Meia,57,9
2020,Fortaleza Esporte Clube,David,Ponta,76,35
2020,Fortaleza Esporte Clube,Osvaldo,Ponta,72,36
2020,Fortaleza Esporte Clube,Romarinho,Ponta,70,34
2020,Fortaleza Esporte Clube,Franco Fragapane,Ponta,60,9
2020,Fortaleza Esporte Clube,Wellington Paulista,Atacante,75,35
2020,Fortaleza Esporte Clube,Bérgson,Atacante,66,14
2020,Goiás EC,Tadeu,Goleiro,68,32
2020,Goiás EC,Marcelo Rangel,Goleiro,62,6
2020,Goiás EC,Jefferson,Lateral,64,26
2020,Goiás EC,Edílson,Lateral,59,10
2020,Goiás EC,Fábio Sanches,Zagueiro,66,31
2020,Goiás EC,David Duarte,Zagueiro,66,30
2020,Goiás EC,Heron,Zagueiro,63,24
2020,Goiás EC,Rafael Vaz,Zagueiro,59,7
2020,Goiás EC,Breno,Volante,65,29
2020,Goiás EC,Ratinho,Volante,58,11
2020,Goiás EC,Gilberto Jr,Volante,57,7
2020,Goiás EC,Shaylon,Meia,70,26
2020,Goiás EC,Daniel Bessa,Meia,67,13
2020,Goiás EC,Ariel Cabral,Meia,63,20
2020,Goiás EC,Sandro,Meia,59,9
2020,Goiás EC,Douglas Baggio,Ponta,64,25
2020,Goiás EC,Victor Andrade,Ponta,64,9
2020,Goiás EC,Mike,Ponta,57,7
2020,Goiás EC,Fernandão,Atacante,76,24
2020,Goiás EC,Rafael Moura,Atacante,74,31
2020,Goiás EC,Vinícius Lopes,Atacante,72,28
2020,Goiás EC,João Lima,Atacante,63,4
2020,Goiás EC,Daniel Villalva,Atacante,61,18
2020,Grêmio Foot-Ball Porto Alegrense,Vanderlei,Goleiro,67,27
2020,Grêmio Foot-Ball Porto Alegrense,Paulo Victor,Goleiro,66,10
2020,Grêmio Foot-Ball Porto Alegrense,Bruno Cortez,Lateral,65,23
2020,Grêmio Foot-Ball Porto Alegrense,Luis Orejuela,Lateral,65,18
2020,Grêmio Foot-Ball Porto Alegrense,Diogo Barbosa,Lateral,64,21
2020,Grêmio Foot-Ball Porto Alegrense,David Braz,Zagueiro,65,21
2020,Grêmio Foot-Ball Porto Alegrense,Pedro Geromel,Zagueiro,63,13
2020,Grêmio Foot-Ball Porto Alegrense,Rodrigues,Zagueiro,63,24
2020,Grêmio Foot-Ball Porto Alegrense,Walter Kannemann,Zagueiro,60,16
2020,Grêmio Foot-Ball Porto Alegrense,Lucas Silva,Volante,71,32
2020,Grêmio Foot-Ball Porto Alegrense,Darlan,Volante,62,21
2020,Grêmio Foot-Ball Porto Alegrense,Matheus Henrique,Meia,77,29
2020,Grêmio Foot-Ball Porto Alegrense,Jean Pyerre,Meia,72,20
2020,Grêmio Foot-Ball Porto Alegrense,Alisson,Meia,70,24
2020,Grêmio Foot-Ball Porto Alegrense,Isaque,Meia,68,24
2020,Grêmio Foot-Ball Porto Alegrense,Thaciano,Meia,66,25
2020,Grêmio Foot-Ball Porto Alegrense,Victor Ferraz,Meia,63,17
2020,Grêmio Foot-Ball Porto Alegrense,Pepê,Ponta,85,31
2020,Grêmio Foot-Ball Porto Alegrense,Luiz Fernando,Ponta,67,23
2020,Grêmio Foot-Ball Porto Alegrense,Ferreirinha,Ponta,64,22
2020,Grêmio Foot-Ball Porto Alegrense,Éverton,Ponta,63,17
2020,Grêmio Foot-Ball Porto Alegrense,Diego Souza,Atacante,82,25
2020,Grêmio Foot-Ball Porto Alegrense,Diego Churín,Atacante,66,14
2020,Red Bull Bragantino,Cleiton,Goleiro,70,32
2020,Red Bull Bragantino,Júlio César,Goleiro,58,6
2020,Red Bull Bragantino,Aderlan,Lateral,68,34
2020,Red Bull Bragantino,Edimar,Lateral,67,29
2020,Red Bull Bragantino,Weverson,Lateral,60,15
2020,Red Bull Bragantino,Luan Cândido,Lateral,59,11
2020,Red Bull Bragantino,Léo Ortiz,Zagueiro,67,33
2020,Red Bull Bragantino,Ligger,Zagueiro,65,29
2020,Red Bull Bragantino,Fabrício Bruno,Zagueiro,60,14
2020,Red Bull Bragantino,Raul,Volante,68,30
2020,Red Bull Bragantino,Uillian Correia,Volante,57,7
2020,Red Bull Bragantino,Claudinho,Meia,85,35
2020,Red Bull Bragantino,Lucas Evangelista,Meia,70,20
2020,Red Bull Bragantino,Matheus Jesus,Meia,63,12
2020,Red Bull Bragantino,Eric Ramires,Meia,61,13
2020,Red Bull Bragantino,Artur,Ponta,77,33
2020,Red Bull Bragantino,Bruno Tubarão,Ponta,66,28
2020,Red Bull Bragantino,Luis Phelipe,Ponta,63,11
2020,Red Bull Bragantino,Morato,Ponta,61,18
2020,Red Bull Bragantino,Tomás Cuello,Ponta,61,18
2020,Red Bull Bragantino,Leandrinho,Ponta,58,12
2020,Red Bull Bragantino,Ytalo,Atacante,70,31
2020,Red Bull Bragantino,Jan Hurtado,Atacante,65,23
2020,Santos FC,João Paulo,Goleiro,66,26
2020,Santos FC,John Victor,Goleiro,59,9
2020,Santos FC,Vladimir,Goleiro,58,4
2020,Santos FC,Madson,Lateral,69,26
2020,Santos FC,Felipe Jonatan,Lateral,67,33
2020,Santos FC,Pará,Lateral,64,27
2020,Santos FC,Luan Peres,Zagueiro,67,29
2020,Santos FC,Lucas Veríssimo,Zagueiro,67,16
2020,Santos FC,Luiz Felipe,Zagueiro,59,13
2020,Santos FC,Wagner Leonardo,Zagueiro,58,12
2020,Santos FC,Alison,Volante,62,20
2020,Santos FC,Vinicius Balieiro,Volante,58,12
2020,Santos FC,Guilherme Nunes,Volante,55,4
2020,Santos FC,Diego Pituca,Meia,68,27
2020,Santos FC,Jobson,Meia,65,19
2020,Santos FC,Carlos Sánchez,Meia,63,12
2020,Santos FC,Marinho,Ponta,80,27
2020,Santos FC,Yeferson Soteldo,Ponta,73,24
2020,Santos FC,Lucas Braga,Ponta,69,30
2020,Santos FC,Arthur Gomes,Ponta,68,22
2020,Santos FC,Tailson,Ponta,59,13
2020,Santos FC,Bruno Marques,Atacante,66,15
2020,Santos FC,Brayan Kruger,Atacante,54,0
2020,Sociedade Esportiva Palmeiras,Weverton,Goleiro,69,30
2020,Sociedade Esportiva Palmeiras,Jailson,Goleiro,58,6
2020,Sociedade Esportiva Palmeiras,Matías Viña,Lateral,70,23
2020,Sociedade Esportiva Palmeiras,Marcos Rocha,Lateral,63,22
2020,Sociedade Esportiva Palmeiras,Mayke,Lateral,62,21
2020,Sociedade Esportiva Palmeiras,Gustavo Gómez,Zagueiro,69,21
2020,Sociedade Esportiva Palmeiras,Luan,Zagueiro,64,26
2020,Sociedade Esportiva Palmeiras,Patrick de Paula,Volante,66,27
2020,Sociedade Esportiva Palmeiras,Danilo,Volante,62,18
2020,Sociedade Esportiva Palmeiras,Felipe Melo,Volante,61,15
2020,Sociedade Esportiva Palmeiras,Gustavo Scarpa,Meia,76,26
2020,Sociedade Esportiva Palmeiras,Raphael Veiga,Meia,76,26
2020,Sociedade Esportiva Palmeiras,Gabriel Menino,Meia,70,27
2020,Sociedade Esportiva Palmeiras,Zé Rafael,Meia,69,26
2020,Sociedade Esportiva Palmeiras,Lucas Lima,Meia,68,32
2020,Sociedade Esportiva Palmeiras,Ramires,Meia,65,16
2020,Sociedade Esportiva Palmeiras,Bruno Henrique,Meia,64,13
2020,Sociedade Esportiva Palmeiras,Gabriel Veron,Ponta,79,20
2020,Sociedade Esportiva Palmeiras,Wesley,Ponta,66,15
2020,Sociedade Esportiva Palmeiras,Breno Lopes,Ponta,64,18
2020,Sociedade Esportiva Palmeiras,Luiz Adriano,Atacante,80,24
2020,Sociedade Esportiva Palmeiras,Willian Bigode,Atacante,76,32
2020,Sociedade Esportiva Palmeiras,Rony,Atacante,69,23
2020,Sport Club Corinthians Paulista,Cássio,Goleiro,71,36
2020,Sport Club Corinthians Paulista,Walter,Goleiro,67,3
2020,Sport Club Corinthians Paulista,Fagner,Lateral,73,32
2020,Sport Club Corinthians Paulista,Danilo Avelar,Lateral,65,13
2020,Sport Club Corinthians Paulista,Fábio Santos,Lateral,63,20
2020,Sport Club Corinthians Paulista,Lucas Piton,Lateral,63,20
2020,Sport Club Corinthians Paulista,Gil,Zagueiro,74,36
2020,Sport Club Corinthians Paulista,Bruno Méndez,Zagueiro,63,16
2020,Sport Club Corinthians Paulista,Gabriel,Volante,67,28
2020,Sport Club Corinthians Paulista,Víctor Cantillo,Volante,65,25
2020,Sport Club Corinthians Paulista,Xavier,Volante,62,18
2020,Sport Club Corinthians Paulista,Mateus Vital,Meia,72,25
2020,Sport Club Corinthians Paulista,Juan Cazares,Meia,70,20
2020,Sport Club Corinthians Paulista,Ángelo Araos,Meia,68,15
2020,Sport Club Corinthians Paulista,Ramiro,Meia,67,31
2020,Sport Club Corinthians Paulista,Rómulo Otero,Meia,66,24
2020,Sport Club Corinthians Paulista,Luan,Meia,66,22
2020,Sport Club Corinthians Paulista,Éderson,Meia,66,16
2020,Sport Club Corinthians Paulista,Camacho,Meia,63,20
2020,Sport Club Corinthians Paulista,Gustavo Silva,Ponta,73,27
2020,Sport Club Corinthians Paulista,Léo Natel,Ponta,72,31
2020,Sport Club Corinthians Paulista,Jô,Atacante,71,30
2020,Sport Club Corinthians Paulista,Mauro Boselli,Atacante,59,8
2020,Sport Club Internacional,Marcelo Lomba,Goleiro,72,37
2020,Sport Club Internacional,Daniel,Goleiro,66,1
2020,Sport Club Internacional,Moisés,Lateral,68,26
2020,Sport Club Internacional,Rodinei,Lateral,66,23
2020,Sport Club Internacional,Uendel,Lateral,60,14
2020,Sport Club Internacional,Victor Cuesta,Zagueiro,68,35
2020,Sport Club Internacional,Rodrigo Moledo,Zagueiro,64,18
2020,Sport Club Internacional,Lucas Ribeiro,Zagueiro,63,13
2020,Sport Club Internacional,Rodrigo Lindoso,Volante,69,30
2020,Sport Club Internacional,Rodrigo Dourado,Volante,64,19
2020,Sport Club Internacional,Zé Gabriel,Volante,62,22
2020,Sport Club Internacional,Damián Musto,Volante,61,14
2020,Sport Club Internacional,Edenilson,Meia,79,33
2020,Sport Club Internacional,Patrick,Meia,74,33
2020,Sport Club Internacional,Gabriel Boschilia,Meia,68,13
2020,Sport Club Internacional,Praxedes,Meia,63,22
2020,Sport Club Internacional,Jogador 3445,Meia,61,20
2020,Sport Club Internacional,Johnny Cardoso,Meia,60,13
2020,Sport Club Internacional,Peglow,Ponta,72,16
2020,Sport Club Internacional,Marcos Guilherme,Ponta,69,27
2020,Sport Club Internacional,Caio Vidal,Ponta,63,14
2020,Sport Club Internacional,Yuri Alberto,Atacante,79,23
2020,Sport Club Internacional,Abel Hernández,Atacante,71,23
2020,Sport Club do Recife,Luan Polli,Goleiro,69,31
2020,Sport Club do Recife,Mailson,Goleiro,57,7
2020,Sport Club do Recife,Patric,Lateral,70,36
2020,Sport Club do Recife,Júnior Tavares,Lateral,64,20
2020,Sport Club do Recife,Sander,Lateral,63,24
2020,Sport Club do Recife,Luciano Juba,Lateral,63,21
2020,Sport Club do Recife,Raul Prata,Lateral,58,12
2020,Sport Club do Recife,Ewerthon,Lateral,58,11
2020,Sport Club do Recife,Iago Maidana,Zagueiro,71,34
2020,Sport Club do Recife,Adryelson,Zagueiro,69,36
2020,Sport Club do Recife,Chico,Zagueiro,58,12
2020,Sport Club do Recife,Marcão,Volante,65,26
2020,Sport Club do Recife,Betinho,Volante,64,24
2020,Sport Club do Recife,Ronaldo Henrique,Volante,62,21
2020,Sport Club do Recife,Thiago Neves,Meia,72,25
2020,Sport Club do Recife,Lucas Mugni,Meia,67,23
2020,Sport Club do Recife,Ricardinho,Meia,64,26
2020,Sport Club do Recife,Bruninho,Meia,61,16
2020,Sport Club do Recife,Marquinhos,Ponta,70,32
2020,Sport Club do Recife,Leandro Barcia,Ponta,66,16
2020,Sport Club do Recife,Dalberto,Atacante,66,15
2020,Sport Club do Recife,Hernane,Atacante,65,23
2020,Sport Club do Recife,Mikael,Atacante,61,14
2020,São Paulo Futebol Clube,Tiago Volpi,Goleiro,71,38
2020,São Paulo Futebol Clube,Lucas Perri,Goleiro,54,0
2020,São Paulo Futebol Clube,Reinaldo,Lateral,72,35
2020,São Paulo Futebol Clube,Dani Alves,Lateral,70,30
2020,São Paulo Futebol Clube,Juanfran Torres,Lateral,66,23
2020,São Paulo Futebol Clube,Igor Vinícius,Lateral,65,26
2020,São Paulo Futebol Clube,Diego Costa,Zagueiro,65,19
2020,São Paulo Futebol Clube,Bruno Alves,Zagueiro,64,28
2020,São Paulo Futebol Clube,Robert Arboleda,Zagueiro,62,21
2020,São Paulo Futebol Clube,Léo,Zagueiro,62,20
2020,São Paulo Futebol Clube,Luan Santos,Volante,66,30
2020,São Paulo Futebol Clube,Tchê Tchê,Meia,77,34
2020,São Paulo Futebol Clube,Gabriel Sara,Meia,73,33
2020,São Paulo Futebol Clube,Vitor Bueno,Meia,72,31
2020,São Paulo Futebol Clube,Igor Gomes,Meia,71,37
2020,São Paulo Futebol Clube,Hernanes,Meia,67,21
2020,São Paulo Futebol Clube,Jonas Toró,Ponta,67,13
2020,São Paulo Futebol Clube,Paulinho Bóia,Ponta,61,13
2020,São Paulo Futebol Clube,Luciano,Atacante,87,31
2020,São Paulo Futebol Clube,Brenner,Atacante,79,27
2020,São Paulo Futebol Clube,Pablo,Atacante,67,30
2020,São Paulo Futebol Clube,Gonzalo Carneiro,Atacante,61,10
2020,São Paulo Futebol Clube,Santiago Tréllez,Atacante,57,8
2021,América Futebol Clube (MG),Matheus Cavichioli,Goleiro,71,35
2021,América Futebol Clube (MG),Jori,Goleiro,59,3
2021,América Futebol Clube (MG),Marlon,Lateral,64,23
2021,América Futebol Clube (MG),Patric,Lateral,64,24
2021,América Futebol Clube (MG),João Paulo,Lateral,62,17
2021,América Futebol Clube (MG),Alan Ruschel,Lateral,62,21
2021,América Futebol Clube (MG),Eduardo Bauermann,Zagueiro,71,35
2021,América Futebol Clube (MG),Ricardo Silva,Zagueiro,65,29
2021,América Futebol Clube (MG),Anderson,Zagueiro,63,22
2021,América Futebol Clube (MG),Juninho,Volante,70,37
2021,América Futebol Clube (MG),Alê,Volante,67,28
2021,América Futebol Clube (MG),Zé Ricardo,Volante,60,16
2021,América Futebol Clube (MG),Lucas Kal,Meia,70,20
2021,América Futebol Clube (MG),Juninho Valoura,Meia,69,25
2021,América Futebol Clube (MG),Geovane,Meia,60,10
2021,América Futebol Clube (MG),Bruno Nazário,Meia,59,11
2021,América Futebol Clube (MG),Ademir,Ponta,79,31
2021,América Futebol Clube (MG),Felipe Azevedo,Ponta,73,37
2021,América Futebol Clube (MG),Fabrício Daniel,Ponta,68,22
2021,América Futebol Clube (MG),Rodolfo,Atacante,66,31
2021,América Futebol Clube (MG),Ribamar,Atacante,64,20
2021,América Futebol Clube (MG),Mauro Zárate,Atacante,63,16
2021,América Futebol Clube (MG),Marcelo Toscano,Atacante,61,20
2021,Associação Chapecoense de Futebol,João Paulo,Goleiro,62,20
2021,Associação Chapecoense de Futebol,Keiller,Goleiro,61,16
2021,Associação Chapecoense de Futebol,Busanello,Lateral,69,30
2021,Associação Chapecoense de Futebol,Matheus Ribeiro,Lateral,66,32
2021,Associação Chapecoense de Futebol,Ronei,Lateral,60,16
2021,Associação Chapecoense de Futebol,Ezequiel,Lateral,59,14
2021,Associação Chapecoense de Futebol,Ignácio,Zagueiro,65,24
2021,Associação Chapecoense de Futebol,Alan Santos,Zagueiro,60,16
2021,Associação Chapecoense de Futebol,Jordan,Zagueiro,60,15
2021,Associação Chapecoense de Futebol,Joílson,Zagueiro,59,13
2021,Associação Chapecoense de Futebol,Anderson Leite,Volante,65,24
2021,Associação Chapecoense de Futebol,Moisés Ribeiro,Volante,64,26
2021,Associação Chapecoense de Futebol,Lima,Meia,65,24
2021,Associação Chapecoense de Futebol,Denner,Meia,62,18
2021,Associação Chapecoense de Futebol,Felipe Silva,Meia,58,10
2021,Associação Chapecoense de Futebol,Mike,Ponta,71,30
2021,Associação Chapecoense de Futebol,Geuvânio,Ponta,68,27
2021,Associação Chapecoense de Futebol,Bruno Costa,Ponta,63,22
2021,Associação Chapecoense de Futebol,Fernandinho,Ponta,60,15
2021,Associação Chapecoense de Futebol,Fabinho,Ponta,58,10
2021,Associação Chapecoense de Futebol,Anselmo Ramon,Atacante,68,24
2021,Associação Chapecoense de Futebol,Perotti,Atacante,67,26
2021,Associação Chapecoense de Futebol,Henrique Almeida,Atacante,58,10
2021,Atlético Clube Goianiense,Fernando Miguel,Goleiro,73,37
2021,Atlético Clube Goianiense,Luan Polli,Goleiro,54,1
2021,Atlético Clube Goianiense,Arnaldo,Lateral,66,28
2021,Atlético Clube Goianiense,Dudu,Lateral,66,31
2021,Atlético Clube Goianiense,Natanael,Lateral,64,19
2021,Atlético Clube Goianiense,Igor Cariús,Lateral,64,27
2021,Atlético Clube Goianiense,Éder,Zagueiro,67,34
2021,Atlético Clube Goianiense,Wanderson,Zagueiro,62,22
2021,Atlético Clube Goianiense,Lucas Oliveira,Zagueiro,62,19
2021,Atlético Clube Goianiense,Marlon Freitas,Volante,67,26
2021,Atlético Clube Goianiense,Willian Maranhão,Volante,67,34
2021,Atlético Clube Goianiense,Baralhas,Volante,67,31
2021,Atlético Clube Goianiense,Matheus Barbosa,Volante,61,11
2021,Atlético Clube Goianiense,João Paulo,Meia,69,26
2021,Atlético Clube Goianiense,Matheus Oliveira,Meia,54,0
2021,Atlético Clube Goianiense,Janderson,Ponta,70,34
2021,Atlético Clube Goianiense,André Luis,Ponta,68,30
2021,Atlético Clube Goianiense,Arthur Gomes,Ponta,66,12
2021,Atlético Clube Goianiense,Jonas Toró,Ponta,64,13
2021,Atlético Clube Goianiense,Ronald,Ponta,63,25
2021,Atlético Clube Goianiense,Zé Roberto,Atacante,72,34
2021,Atlético Clube Goianiense,Lucão,Atacante,66,25
2021,Atlético Clube Goianiense,Brian Montenegro,Atacante,63,20
2021,CR Flamengo,Diego Alves,Goleiro,70,26
2021,CR Flamengo,Hugo Souza,Goleiro,67,8
2021,CR Flamengo,Matheuzinho,Lateral,67,30
2021,CR Flamengo,Rodinei,Lateral,65,18
2021,CR Flamengo,Filipe Luís,Lateral,65,22
2021,CR Flamengo,Mauricio Isla,Lateral,63,15
2021,CR Flamengo,Renê,Lateral,62,19
2021,CR Flamengo,Gustavo Henrique,Zagueiro,68,21
2021,CR Flamengo,Bruno Viana,Zagueiro,64,18
2021,CR Flamengo,Rodrigo Caio,Zagueiro,62,19
2021,CR Flamengo,Léo Pereira,Zagueiro,61,19
2021,CR Flamengo,Willian Arão,Volante,72,30
2021,CR Flamengo,Thiago Maia,Volante,69,23
2021,CR Flamengo,Andreas Pereira,Meia,77,18
2021,CR Flamengo,Giorgian de Arrascaeta,Meia,72,14
2021,CR Flamengo,Everton Ribeiro,Meia,68,22
2021,CR Flamengo,João Gomes,Meia,68,19
2021,CR Flamengo,Diego,Meia,64,19
2021,CR Flamengo,Vitinho,Ponta,81,31
2021,CR Flamengo,Michael,Ponta,80,35
2021,CR Flamengo,Gabriel Barbosa,Atacante,91,18
2021,CR Flamengo,Bruno Henrique,Atacante,83,24
2021,CR Flamengo,Pedro,Atacante,80,24
2021,Ceará Sporting Club,Richard,Goleiro,67,22
2021,Ceará Sporting Club,João Ricardo,Goleiro,65,13
2021,Ceará Sporting Club,Bruno Pacheco,Lateral,67,34
2021,Ceará Sporting Club,Kelvyn,Lateral,63,22
2021,Ceará Sporting Club,Gabriel Dias,Lateral,60,16
2021,Ceará Sporting Club,Igor Inocêncio,Lateral,60,15
2021,Ceará Sporting Club,Marcos Ytalo,Lateral,58,12
2021,Ceará Sporting Club,Messias,Zagueiro,68,34
2021,Ceará Sporting Club,Gabriel Lacerda,Zagueiro,66,23
2021,Ceará Sporting Club,Luiz Otávio,Zagueiro,61,20
2021,Ceará Sporting Club,Marlon,Volante,65,28
2021,Ceará Sporting Club,Fabinho,Volante,63,19
2021,Ceará Sporting Club,William Oliveira,Volante,59,14
2021,Ceará Sporting Club,Vina,Meia,74,34
2021,Ceará Sporting Club,Lima,Meia,72,33
2021,Ceará Sporting Club,Jorginho,Meia,68,21
2021,Ceará Sporting Club,Fernando Sobral,Meia,68,36
2021,Ceará Sporting Club,Rick,Ponta,71,28
2021,Ceará Sporting Club,Stiven Mendoza,Ponta,70,28
2021,Ceará Sporting Club,Yony González,Ponta,65,14
2021,Ceará Sporting Club,Erick,Ponta,60,16
2021,Ceará Sporting Club,Cléber,Atacante,68,28
2021,Ceará Sporting Club,Jael,Atacante,65,23
2021,Club Athletico Paranaense,Santos,Goleiro,68,29
2021,Club Athletico Paranaense,Bento,Goleiro,59,9
2021,Club Athletico Paranaense,Abner,Lateral,72,24
2021,Club Athletico Paranaense,Khellven,Lateral,71,20
2021,Club Athletico Paranaense,Marcinho,Lateral,68,30
2021,Club Athletico Paranaense,Nicolas,Lateral,60,15
2021,Club Athletico Paranaense,Zé Ivaldo,Zagueiro,66,30
2021,Club Athletico Paranaense,Pedro Henrique,Zagueiro,65,28
2021,Club Athletico Paranaense,Thiago Heleno,Zagueiro,65,28
2021,Club Athletico Paranaense,Richard,Volante,65,20
2021,Club Athletico Paranaense,Erick,Volante,64,25
2021,Club Athletico Paranaense,David Terans,Meia,76,29
2021,Club Athletico Paranaense,Nikão,Meia,72,27
2021,Club Athletico Paranaense,Christian,Meia,67,32
2021,Club Athletico Paranaense,Léo Cittadini,Meia,66,29
2021,Club Athletico Paranaense,Fernando Canesin,Meia,63,14
2021,Club Athletico Paranaense,Vitinho,Ponta,75,12
2021,Club Athletico Paranaense,Pedro Rocha,Ponta,70,20
2021,Club Athletico Paranaense,Carlos Eduardo,Ponta,68,22
2021,Club Athletico Paranaense,Jader Gentil,Ponta,59,13
2021,Club Athletico Paranaense,Renato Kayzer,Atacante,71,28
2021,Club Athletico Paranaense,Matheus Babi,Atacante,71,11
2021,Club Athletico Paranaense,Bissoli,Atacante,66,21
2021,Clube Atlético Mineiro,Everson,Goleiro,73,37
2021,Clube Atlético Mineiro,Rafael,Goleiro,54,1
2021,Clube Atlético Mineiro,Guilherme Arana,Lateral,75,26
2021,Clube Atlético Mineiro,Mariano,Lateral,64,25
2021,Clube Atlético Mineiro,Guga,Lateral,63,25
2021,Clube Atlético Mineiro,Júnior Alonso,Zagueiro,70,22
2021,Clube Atlético Mineiro,Nathan Silva,Zagueiro,66,28
2021,Clube Atlético Mineiro,Réver,Zagueiro,62,22
2021,Clube Atlético Mineiro,Allan,Volante,72,32
2021,Clube Atlético Mineiro,Jair,Volante,66,28
2021,Clube Atlético Mineiro,Nacho Fernández,Meia,74,26
2021,Clube Atlético Mineiro,Tchê Tchê,Meia,73,33
2021,Clube Atlético Mineiro,Matías Zaracho,Meia,73,32
2021,Clube Atlético Mineiro,Nathan,Meia,72,22
2021,Clube Atlético Mineiro,Jefferson Savarino,Meia,71,18
2021,Clube Atlético Mineiro,Hyoran,Meia,65,18
2021,Clube Atlético Mineiro,Calebe,Meia,65,14
2021,Clube Atlético Mineiro,Keno,Ponta,74,24
2021,Clube Atlético Mineiro,Dylan Borrero,Ponta,65,15
2021,Clube Atlético Mineiro,Hulk,Atacante,87,35
2021,Clube Atlético Mineiro,Diego Costa,Atacante,74,15
2021,Clube Atlético Mineiro,Eduardo Vargas,Atacante,72,16
2021,Clube Atlético Mineiro,Eduardo Sasha,Atacante,65,23
2021,Cuiabá Esporte Clube (MT),Walter,Goleiro,72,34
2021,Cuiabá Esporte Clube (MT),João Carlos,Goleiro,55,4
2021,Cuiabá Esporte Clube (MT),João Lucas,Lateral,67,34
2021,Cuiabá Esporte Clube (MT),Uendel,Lateral,67,35
2021,Cuiabá Esporte Clube (MT),Paulão,Zagueiro,67,35
2021,Cuiabá Esporte Clube (MT),Marllon,Zagueiro,66,28
2021,Cuiabá Esporte Clube (MT),Alan Empereur,Zagueiro,62,14
2021,Cuiabá Esporte Clube (MT),Anderson Conceição,Zagueiro,58,11
2021,Cuiabá Esporte Clube (MT),Camilo,Volante,68,31
2021,Cuiabá Esporte Clube (MT),Uillian Correia,Volante,65,26
2021,Cuiabá Esporte Clube (MT),Auremir,Volante,63,24
2021,Cuiabá Esporte Clube (MT),Yuri Lima,Volante,62,21
2021,Cuiabá Esporte Clube (MT),Pepê,Meia,73,34
2021,Cuiabá Esporte Clube (MT),Rafael Gava,Meia,72,31
2021,Cuiabá Esporte Clube (MT),Max Alves,Meia,61,15
2021,Cuiabá Esporte Clube (MT),Clayson,Ponta,70,31
2021,Cuiabá Esporte Clube (MT),Jonathan Cafu,Ponta,69,29
2021,Cuiabá Esporte Clube (MT),Felipe Marques,Ponta,69,30
2021,Cuiabá Esporte Clube (MT),Osman,Ponta,59,14
2021,Cuiabá Esporte Clube (MT),Danilo Gomes,Ponta,59,14
2021,Cuiabá Esporte Clube (MT),Élton,Atacante,74,31
2021,Cuiabá Esporte Clube (MT),Jenison,Atacante,69,30
2021,Cuiabá Esporte Clube (MT),Rafael Elias,Atacante,61,10
2021,Esporte Clube Bahia,Danilo Fernandes,Goleiro,66,16
2021,Esporte Clube Bahia,Matheus Teixeira,Goleiro,64,16
2021,Esporte Clube Bahia,Matheus Bahia,Lateral,68,29
2021,Esporte Clube Bahia,Nino Paraíba,Lateral,67,32
2021,Esporte Clube Bahia,Juninho Capixaba,Lateral,66,26
2021,Esporte Clube Bahia,Germán Conti,Zagueiro,69,28
2021,Esporte Clube Bahia,Luiz Otávio,Zagueiro,66,30
2021,Esporte Clube Bahia,Patrick de Lucca,Volante,68,35
2021,Esporte Clube Bahia,Jonas,Volante,61,15
2021,Esporte Clube Bahia,Lucas Araújo,Volante,59,13
2021,Esporte Clube Bahia,Edson Fernando,Volante,59,13
2021,Esporte Clube Bahia,Rodriguinho,Meia,70,34
2021,Esporte Clube Bahia,Danielzinho,Meia,68,31
2021,Esporte Clube Bahia,Thaciano,Meia,66,11
2021,Esporte Clube Bahia,Lucas Mugni,Meia,63,20
2021,Esporte Clube Bahia,Thonny  Anderson,Meia,61,12
2021,Esporte Clube Bahia,Rossi,Ponta,70,24
2021,Esporte Clube Bahia,Raí Nascimento,Ponta,68,14
2021,Esporte Clube Bahia,Maycon Douglas,Ponta,64,21
2021,Esporte Clube Bahia,Óscar Ruiz,Ponta,61,19
2021,Esporte Clube Bahia,Ronaldo,Ponta,60,16
2021,Esporte Clube Bahia,Gilberto,Atacante,82,36
2021,Esporte Clube Bahia,Hugo Rodallega,Atacante,70,22
2021,Esporte Clube Juventude,Douglas Friedrich,Goleiro,64,17
2021,Esporte Clube Juventude,William,Goleiro,54,0
2021,Esporte Clube Juventude,Michel Macedo,Lateral,69,31
2021,Esporte Clube Juventude,William Matheus,Lateral,67,32
2021,Esporte Clube Juventude,Paulo Henrique,Lateral,62,17
2021,Esporte Clube Juventude,Vitor Mendes,Zagueiro,67,34
2021,Esporte Clube Juventude,Didi,Zagueiro,59,13
2021,Esporte Clube Juventude,Elton,Volante,58,10
2021,Esporte Clube Juventude,João Paulo,Volante,55,2
2021,Esporte Clube Juventude,Guilherme Castilho,Meia,72,33
2021,Esporte Clube Juventude,Chico Kim,Meia,68,32
2021,Esporte Clube Juventude,Wescley,Meia,65,28
2021,Esporte Clube Juventude,Jádson,Meia,65,25
2021,Esporte Clube Juventude,Matheus Jesus,Meia,61,14
2021,Esporte Clube Juventude,Bruninho,Meia,60,16
2021,Esporte Clube Juventude,Ricardinho,Meia,58,12
2021,Esporte Clube Juventude,Sorriso,Ponta,70,36
2021,Esporte Clube Juventude,Capixaba,Ponta,68,34
2021,Esporte Clube Juventude,Paulinho Bóia,Ponta,68,20
2021,Esporte Clube Juventude,Fernando Pacheco,Ponta,61,16
2021,Esporte Clube Juventude,Matheus Peixoto,Atacante,76,12
2021,Esporte Clube Juventude,Ricardo Bueno,Atacante,72,19
2021,Esporte Clube Juventude,Roberson,Atacante,61,14
2021,Fluminense Football Club,Marcos Felipe,Goleiro,71,36
2021,Fluminense Football Club,Muriel,Goleiro,55,2
2021,Fluminense Football Club,Samuel Xavier,Lateral,66,30
2021,Fluminense Football Club,Caio Paulista,Lateral,66,27
2021,Fluminense Football Club,Danilo Barcelos,Lateral,63,15
2021,Fluminense Football Club,Egídio,Lateral,61,15
2021,Fluminense Football Club,Nino,Zagueiro,72,25
2021,Fluminense Football Club,Luccas Claro,Zagueiro,67,28
2021,Fluminense Football Club,David Braz,Zagueiro,62,18
2021,Fluminense Football Club,André,Volante,68,26
2021,Fluminense Football Club,Martinelli,Volante,65,31
2021,Fluminense Football Club,Wellington,Volante,60,15
2021,Fluminense Football Club,Yago Felipe,Meia,71,35
2021,Fluminense Football Club,Juan Cazares,Meia,66,22
2021,Fluminense Football Club,Nenê,Meia,62,15
2021,Fluminense Football Club,Nonato,Meia,62,16
2021,Fluminense Football Club,Luiz Henrique,Ponta,78,33
2021,Fluminense Football Club,Lucca,Ponta,67,22
2021,Fluminense Football Club,Biel,Ponta,65,15
2021,Fluminense Football Club,Jhon Arias,Ponta,62,19
2021,Fluminense Football Club,Fred,Atacante,69,24
2021,Fluminense Football Club,Abel Hernández,Atacante,69,23
2021,Fluminense Football Club,Raúl Bobadilla,Atacante,66,20
2021,Fortaleza Esporte Clube,Felipe Alves,Goleiro,66,20
2021,Fortaleza Esporte Clube,Marcelo Boeck,Goleiro,65,19
2021,Fortaleza Esporte Clube,Tinga,Lateral,68,36
2021,Fortaleza Esporte Clube,Daniel Guedes,Lateral,59,4
2021,Fortaleza Esporte Clube,Marcelo Benevenuto,Zagueiro,68,34
2021,Fortaleza Esporte Clube,Titi,Zagueiro,68,34
2021,Fortaleza Esporte Clube,Bruno Melo,Zagueiro,62,21
2021,Fortaleza Esporte Clube,Felipe,Volante,64,28
2021,Fortaleza Esporte Clube,Matheus Jussa,Volante,63,24
2021,Fortaleza Esporte Clube,Ronald,Volante,62,23
2021,Fortaleza Esporte Clube,Éderson,Meia,75,34
2021,Fortaleza Esporte Clube,Lucas Crispim,Meia,72,26
2021,Fortaleza Esporte Clube,Matheus Vargas,Meia,69,31
2021,Fortaleza Esporte Clube,Lucas Lima,Meia,63,17
2021,Fortaleza Esporte Clube,Edinho,Meia,59,13
2021,Fortaleza Esporte Clube,Yago Pikachu,Ponta,77,34
2021,Fortaleza Esporte Clube,Robson,Ponta,75,34
2021,Fortaleza Esporte Clube,David,Ponta,71,32
2021,Fortaleza Esporte Clube,Romarinho,Ponta,66,31
2021,Fortaleza Esporte Clube,Osvaldo,Ponta,58,12
2021,Fortaleza Esporte Clube,Wellington Paulista,Atacante,67,25
2021,Fortaleza Esporte Clube,Igor Torres,Atacante,66,16
2021,Fortaleza Esporte Clube,Ángelo Henríquez,Atacante,60,14
2021,Grêmio Foot-Ball Porto Alegrense,Gabriel Grando,Goleiro,67,24
2021,Grêmio Foot-Ball Porto Alegrense,Brenno,Goleiro,62,14
2021,Grêmio Foot-Ball Porto Alegrense,Vanderson,Lateral,75,30
2021,Grêmio Foot-Ball Porto Alegrense,Rafinha,Lateral,69,30
2021,Grêmio Foot-Ball Porto Alegrense,Diogo Barbosa,Lateral,62,16
2021,Grêmio Foot-Ball Porto Alegrense,Bruno Cortez,Lateral,61,20
2021,Grêmio Foot-Ball Porto Alegrense,Ruan,Zagueiro,68,23
2021,Grêmio Foot-Ball Porto Alegrense,Thiago Santos,Zagueiro,67,27
2021,Grêmio Foot-Ball Porto Alegrense,Pedro Geromel,Zagueiro,65,24
2021,Grêmio Foot-Ball Porto Alegrense,Walter Kannemann,Zagueiro,62,21
2021,Grêmio Foot-Ball Porto Alegrense,Rodrigues,Zagueiro,58,12
2021,Grêmio Foot-Ball Porto Alegrense,Lucas Silva,Volante,69,25
2021,Grêmio Foot-Ball Porto Alegrense,Bobsin,Volante,62,14
2021,Grêmio Foot-Ball Porto Alegrense,Mathías Villasanti,Volante,61,16
2021,Grêmio Foot-Ball Porto Alegrense,Alisson,Meia,68,29
2021,Grêmio Foot-Ball Porto Alegrense,Jean Pyerre,Meia,63,24
2021,Grêmio Foot-Ball Porto Alegrense,Douglas Costa,Ponta,74,26
2021,Grêmio Foot-Ball Porto Alegrense,Ferreirinha,Ponta,73,29
2021,Grêmio Foot-Ball Porto Alegrense,Jhonata Robert,Ponta,65,14
2021,Grêmio Foot-Ball Porto Alegrense,Jáminton Campaz,Ponta,63,17
2021,Grêmio Foot-Ball Porto Alegrense,Léo Pereira,Ponta,62,16
2021,Grêmio Foot-Ball Porto Alegrense,Diego Souza,Atacante,77,31
2021,Grêmio Foot-Ball Porto Alegrense,Ricardinho,Atacante,62,12
2021,Red Bull Bragantino,Cleiton,Goleiro,70,34
2021,Red Bull Bragantino,Júlio César,Goleiro,55,4
2021,Red Bull Bragantino,Aderlan,Lateral,69,29
2021,Red Bull Bragantino,Luan Cândido,Lateral,63,18
2021,Red Bull Bragantino,Weverson,Lateral,62,17
2021,Red Bull Bragantino,Edimar,Lateral,62,20
2021,Red Bull Bragantino,Weverton,Lateral,59,11
2021,Red Bull Bragantino,Natan,Zagueiro,68,24
2021,Red Bull Bragantino,Fabrício Bruno,Zagueiro,67,33
2021,Red Bull Bragantino,Léo Ortiz,Zagueiro,64,24
2021,Red Bull Bragantino,Jadsom,Volante,65,26
2021,Red Bull Bragantino,Emiliano Martínez,Volante,63,13
2021,Red Bull Bragantino,Raul,Volante,61,12
2021,Red Bull Bragantino,Lucas Evangelista,Meia,71,14
2021,Red Bull Bragantino,Praxedes,Meia,68,20
2021,Red Bull Bragantino,Eric Ramires,Meia,68,31
2021,Red Bull Bragantino,Artur,Ponta,89,30
2021,Red Bull Bragantino,Helinho,Ponta,73,33
2021,Red Bull Bragantino,Tomás Cuello,Ponta,69,30
2021,Red Bull Bragantino,Pedrinho,Ponta,66,17
2021,Red Bull Bragantino,Ytalo,Atacante,79,30
2021,Red Bull Bragantino,Gabriel Novaes,Atacante,62,16
2021,Red Bull Bragantino,Jan Hurtado,Atacante,61,13
2021,Santos FC,João Paulo,Goleiro,71,33
2021,Santos FC,John Victor,Goleiro,61,4
2021,Santos FC,Madson,Lateral,68,31
2021,Santos FC,Felipe Jonatan,Lateral,66,33
2021,Santos FC,Pará,Lateral,62,20
2021,Santos FC,Moraes,Lateral,59,13
2021,Santos FC,Kaiky,Zagueiro,67,15
2021,Santos FC,Luan Peres,Zagueiro,63,7
2021,Santos FC,Luiz Felipe,Zagueiro,63,23
2021,Santos FC,Danilo Boza,Zagueiro,63,22
2021,Santos FC,Wagner Leonardo,Zagueiro,63,16
2021,Santos FC,Emiliano Velázquez,Zagueiro,59,10
2021,Santos FC,Robson Reis,Zagueiro,57,8
2021,Santos FC,Zanocelo,Volante,67,23
2021,Santos FC,Vinicius Balieiro,Volante,59,13
2021,Santos FC,Gabriel Pirani,Meia,71,32
2021,Santos FC,Carlos Sánchez,Meia,69,28
2021,Santos FC,Camacho,Meia,66,30
2021,Santos FC,Marcos Guilherme,Ponta,77,35
2021,Santos FC,Marinho,Ponta,71,27
2021,Santos FC,Lucas Braga,Ponta,68,32
2021,Santos FC,Diego Tardelli,Atacante,61,12
2021,Santos FC,Léo Baptistão,Atacante,60,8
2021,Sociedade Esportiva Palmeiras,Weverton,Goleiro,66,21
2021,Sociedade Esportiva Palmeiras,Jailson,Goleiro,63,14
2021,Sociedade Esportiva Palmeiras,Marcos Rocha,Lateral,62,22
2021,Sociedade Esportiva Palmeiras,Victor Luís,Lateral,61,16
2021,Sociedade Esportiva Palmeiras,Gustavo Gómez,Zagueiro,69,20
2021,Sociedade Esportiva Palmeiras,Luan,Zagueiro,64,26
2021,Sociedade Esportiva Palmeiras,Renan,Zagueiro,62,21
2021,Sociedade Esportiva Palmeiras,Danilo,Volante,74,22
2021,Sociedade Esportiva Palmeiras,Danilo Barbosa,Volante,68,15
2021,Sociedade Esportiva Palmeiras,Felipe Melo,Volante,64,24
2021,Sociedade Esportiva Palmeiras,Patrick de Paula,Volante,64,26
2021,Sociedade Esportiva Palmeiras,Gustavo Scarpa,Meia,87,31
2021,Sociedade Esportiva Palmeiras,Raphael Veiga,Meia,77,31
2021,Sociedade Esportiva Palmeiras,Zé Rafael,Meia,65,26
2021,Sociedade Esportiva Palmeiras,Gabriel Menino,Meia,65,18
2021,Sociedade Esportiva Palmeiras,Dudu,Ponta,75,21
2021,Sociedade Esportiva Palmeiras,Breno Lopes,Ponta,72,22
2021,Sociedade Esportiva Palmeiras,Gabriel Veron,Ponta,72,14
2021,Sociedade Esportiva Palmeiras,Wesley,Ponta,69,23
2021,Sociedade Esportiva Palmeiras,Deyverson,Atacante,73,26
2021,Sociedade Esportiva Palmeiras,Willian Bigode,Atacante,69,20
2021,Sociedade Esportiva Palmeiras,Rony,Atacante,68,25
2021,Sociedade Esportiva Palmeiras,Luiz Adriano,Atacante,67,19
2021,Sport Club Corinthians Paulista,Cássio,Goleiro,71,37
2021,Sport Club Corinthians Paulista,Matheus Donelli,Goleiro,66,1
2021,Sport Club Corinthians Paulista,Fagner,Lateral,72,35
2021,Sport Club Corinthians Paulista,Fábio Santos,Lateral,68,32
2021,Sport Club Corinthians Paulista,João Victor,Zagueiro,74,36
2021,Sport Club Corinthians Paulista,Gil,Zagueiro,72,37
2021,Sport Club Corinthians Paulista,Gabriel,Volante,67,31
2021,Sport Club Corinthians Paulista,Roni,Volante,65,21
2021,Sport Club Corinthians Paulista,Víctor Cantillo,Volante,64,21
2021,Sport Club Corinthians Paulista,Xavier,Volante,60,16
2021,Sport Club Corinthians Paulista,Renato Augusto,Meia,74,21
2021,Sport Club Corinthians Paulista,Giuliano,Meia,74,21
2021,Sport Club Corinthians Paulista,Mateus Vital,Meia,65,16
2021,Sport Club Corinthians Paulista,Du Queiroz,Meia,63,16
2021,Sport Club Corinthians Paulista,Luan,Meia,61,18
2021,Sport Club Corinthians Paulista,Ángelo Araos,Meia,58,11
2021,Sport Club Corinthians Paulista,Gustavo Silva,Ponta,71,37
2021,Sport Club Corinthians Paulista,Adson,Ponta,71,16
2021,Sport Club Corinthians Paulista,Willian,Ponta,70,9
2021,Sport Club Corinthians Paulista,Gabriel Pereira,Ponta,65,21
2021,Sport Club Corinthians Paulista,Marquinhos,Ponta,58,10
2021,Sport Club Corinthians Paulista,Jô,Atacante,72,32
2021,Sport Club Corinthians Paulista,Róger Guedes,Atacante,72,19
2021,Sport Club Internacional,Daniel,Goleiro,68,23
2021,Sport Club Internacional,Marcelo Lomba,Goleiro,60,15
2021,Sport Club Internacional,Renzo Saravia,Lateral,69,27
2021,Sport Club Internacional,Heitor,Lateral,69,24
2021,Sport Club Internacional,Moisés,Lateral,68,26
2021,Sport Club Internacional,Paulo Victor,Lateral,66,19
2021,Sport Club Internacional,Victor Cuesta,Zagueiro,69,35
2021,Sport Club Internacional,Bruno Méndez,Zagueiro,68,25
2021,Sport Club Internacional,Gabriel Mercado,Zagueiro,61,12
2021,Sport Club Internacional,Rodrigo Lindoso,Volante,68,26
2021,Sport Club Internacional,Rodrigo Dourado,Volante,67,29
2021,Sport Club Internacional,Zé Gabriel,Volante,57,9
2021,Sport Club Internacional,Edenilson,Meia,86,33
2021,Sport Club Internacional,Patrick,Meia,72,34
2021,Sport Club Internacional,Mauricio,Meia,69,30
2021,Sport Club Internacional,Johnny Cardoso,Meia,67,27
2021,Sport Club Internacional,Gabriel Boschilia,Meia,65,16
2021,Sport Club Internacional,Carlos Palacios,Meia,65,20
2021,Sport Club Internacional,Taison,Ponta,74,22
2021,Sport Club Internacional,Caio Vidal,Ponta,63,20
2021,Sport Club Internacional,Yuri Alberto,Atacante,85,33
2021,Sport Club Internacional,Matheus Cadorini,Atacante,64,8
2021,Sport Club Internacional,Paolo Guerrero,Atacante,61,9
2021,Sport Club do Recife,Mailson,Goleiro,72,37
2021,Sport Club do Recife,Carlos Eduardo,Goleiro,54,1
2021,Sport Club do Recife,Sander,Lateral,64,25
2021,Sport Club do Recife,Hayner,Lateral,63,24
2021,Sport Club do Recife,Ewerthon,Lateral,61,18
2021,Sport Club do Recife,Luciano Juba,Lateral,61,14
2021,Sport Club do Recife,Sabino,Zagueiro,67,36
2021,Sport Club do Recife,Rafael Thyere,Zagueiro,66,32
2021,Sport Club do Recife,Chico,Zagueiro,61,18
2021,Sport Club do Recife,Zé Welison,Volante,67,31
2021,Sport Club do Recife,Marcão,Volante,67,34
2021,Sport Club do Recife,Ronaldo Henrique,Volante,58,11
2021,Sport Club do Recife,Gustavo,Meia,69,27
2021,Sport Club do Recife,Everton Felipe,Meia,63,20
2021,Sport Club do Recife,Thiago Neves,Meia,61,14
2021,Sport Club do Recife,Hernanes,Meia,60,17
2021,Sport Club do Recife,Thiago Lopes,Meia,59,14
2021,Sport Club do Recife,Paulinho Moccelin,Ponta,70,34
2021,Sport Club do Recife,Everaldo,Ponta,63,17
2021,Sport Club do Recife,Cristiano,Ponta,57,9
2021,Sport Club do Recife,Mikael,Atacante,77,33
2021,Sport Club do Recife,Santiago Tréllez,Atacante,66,30
2021,Sport Club do Recife,André Felipe,Atacante,64,20
2021,São Paulo Futebol Clube,Tiago Volpi,Goleiro,72,38
2021,São Paulo Futebol Clube,Lucas Perri,Goleiro,56,0
2021,São Paulo Futebol Clube,Reinaldo,Lateral,67,30
2021,São Paulo Futebol Clube,Welington,Lateral,63,16
2021,São Paulo Futebol Clube,Igor Vinícius,Lateral,62,22
2021,São Paulo Futebol Clube,Miranda,Zagueiro,66,28
2021,São Paulo Futebol Clube,Léo,Zagueiro,66,32
2021,São Paulo Futebol Clube,Bruno Alves,Zagueiro,62,23
2021,São Paulo Futebol Clube,Robert Arboleda,Zagueiro,61,17
2021,São Paulo Futebol Clube,Luan Santos,Volante,60,17
2021,São Paulo Futebol Clube,Gabriel Neves,Volante,58,12
2021,São Paulo Futebol Clube,Rodrigo Nestor,Meia,69,30
2021,São Paulo Futebol Clube,Gabriel Sara,Meia,69,29
2021,São Paulo Futebol Clube,Igor Gomes,Meia,67,31
2021,São Paulo Futebol Clube,Martín Benítez,Meia,66,24
2021,São Paulo Futebol Clube,Liziero,Meia,66,29
2021,São Paulo Futebol Clube,Vitor Bueno,Meia,65,19
2021,São Paulo Futebol Clube,Emiliano Rigoni,Ponta,78,30
2021,São Paulo Futebol Clube,Marquinhos,Ponta,69,21
2021,São Paulo Futebol Clube,Jonathan Calleri,Atacante,75,16
2021,São Paulo Futebol Clube,Luciano,Atacante,73,22
2021,São Paulo Futebol Clube,Pablo,Atacante,66,16
2021,São Paulo Futebol Clube,Éder,Atacante,62,17
2022,América Futebol Clube (MG),Matheus Cavichioli,Goleiro,68,25
2022,América Futebol Clube (MG),Jailson,Goleiro,60,12
2022,América Futebol Clube (MG),Raúl Cáceres,Lateral,65,26
2022,América Futebol Clube (MG),Marlon,Lateral,65,29
2022,América Futebol Clube (MG),Patric,Lateral,65,30
2022,América Futebol Clube (MG),Danilo Avelar,Lateral,62,19
2022,América Futebol Clube (MG),Éder,Zagueiro,67,33
2022,América Futebol Clube (MG),Germán Conti,Zagueiro,66,23
2022,América Futebol Clube (MG),Iago Maidana,Zagueiro,66,17
2022,América Futebol Clube (MG),Ricardo Silva,Zagueiro,58,11
2022,América Futebol Clube (MG),Juninho,Volante,72,35
2022,América Futebol Clube (MG),Alê,Volante,67,28
2022,América Futebol Clube (MG),Lucas Kal,Meia,68,28
2022,América Futebol Clube (MG),Matheusinho,Meia,67,28
2022,América Futebol Clube (MG),Martín Benítez,Meia,66,15
2022,América Futebol Clube (MG),Juan Pablo Ramírez,Meia,63,16
2022,América Futebol Clube (MG),Pedrinho,Ponta,73,19
2022,América Futebol Clube (MG),Felipe Azevedo,Ponta,72,36
2022,América Futebol Clube (MG),Everaldo,Ponta,70,29
2022,América Futebol Clube (MG),Henrique Almeida,Atacante,71,28
2022,América Futebol Clube (MG),Aloísio,Atacante,68,22
2022,América Futebol Clube (MG),Wellington Paulista,Atacante,64,19
2022,América Futebol Clube (MG),Gonzalo Mastriani,Atacante,61,11
2022,Atlético Clube Goianiense,Ronaldo,Goleiro,62,18
2022,Atlético Clube Goianiense,Renan,Goleiro,61,16
2022,Atlético Clube Goianiense,Jefferson,Lateral,67,33
2022,Atlético Clube Goianiense,Dudu,Lateral,64,22
2022,Atlético Clube Goianiense,Arthur Henrique,Lateral,62,22
2022,Atlético Clube Goianiense,Hayner,Lateral,62,19
2022,Atlético Clube Goianiense,Wanderson,Zagueiro,64,28
2022,Atlético Clube Goianiense,Lucas Gazal,Zagueiro,60,15
2022,Atlético Clube Goianiense,Ramon Menezes,Zagueiro,59,14
2022,Atlético Clube Goianiense,Marlon Freitas,Volante,70,36
2022,Atlético Clube Goianiense,Baralhas,Volante,68,30
2022,Atlético Clube Goianiense,Edson Fernando,Volante,63,25
2022,Atlético Clube Goianiense,Willian Maranhão,Volante,61,18
2022,Atlético Clube Goianiense,Edson,Volante,60,17
2022,Atlético Clube Goianiense,Jorginho,Meia,68,30
2022,Atlético Clube Goianiense,Shaylon,Meia,67,28
2022,Atlético Clube Goianiense,Wellington Rato,Ponta,75,36
2022,Atlético Clube Goianiense,Airton,Ponta,71,33
2022,Atlético Clube Goianiense,Luiz Fernando,Ponta,70,29
2022,Atlético Clube Goianiense,Léo Pereira,Ponta,70,30
2022,Atlético Clube Goianiense,Kelvin,Ponta,60,11
2022,Atlético Clube Goianiense,Diego Churín,Atacante,74,36
2022,Atlético Clube Goianiense,Ricardinho,Atacante,57,6
2022,Avaí FC,Vladimir,Goleiro,64,23
2022,Avaí FC,Douglas Friedrich,Goleiro,61,11
2022,Avaí FC,Kevin,Lateral,67,32
2022,Avaí FC,Bruno Cortez,Lateral,64,27
2022,Avaí FC,Natanael,Lateral,63,16
2022,Avaí FC,Arthur Chaves,Zagueiro,64,17
2022,Avaí FC,Bressan,Zagueiro,63,21
2022,Avaí FC,Rafael Vaz,Zagueiro,61,18
2022,Avaí FC,Eduardo,Volante,67,31
2022,Avaí FC,Raniele,Volante,67,33
2022,Avaí FC,Lucas Ventura,Volante,63,21
2022,Avaí FC,Bruno Silva,Meia,66,31
2022,Avaí FC,Jean Cléber,Meia,64,26
2022,Avaí FC,Jean Pyerre,Meia,64,23
2022,Avaí FC,William Pottker,Ponta,68,27
2022,Avaí FC,Muriqui,Ponta,68,26
2022,Avaí FC,Morato,Ponta,65,14
2022,Avaí FC,Marcinho,Ponta,61,15
2022,Avaí FC,Renato,Ponta,60,16
2022,Avaí FC,Rômulo Souza,Ponta,59,13
2022,Avaí FC,Bissoli,Atacante,79,32
2022,Avaí FC,Pablo Dyego,Atacante,58,10
2022,Avaí FC,Paolo Guerrero,Atacante,58,10
2022,Botafogo de Futebol e Regatas,Roberto Fernández,Goleiro,69,32
2022,Botafogo de Futebol e Regatas,Lucas Perri,Goleiro,66,4
2022,Botafogo de Futebol e Regatas,Renzo Saravia,Lateral,69,25
2022,Botafogo de Futebol e Regatas,Marçal,Lateral,65,18
2022,Botafogo de Futebol e Regatas,Daniel Borges,Lateral,65,26
2022,Botafogo de Futebol e Regatas,Hugo,Lateral,61,16
2022,Botafogo de Futebol e Regatas,Victor Cuesta,Zagueiro,68,29
2022,Botafogo de Futebol e Regatas,Adryelson,Zagueiro,65,17
2022,Botafogo de Futebol e Regatas,Kanu,Zagueiro,61,19
2022,Botafogo de Futebol e Regatas,Philipe Sampaio,Zagueiro,60,16
2022,Botafogo de Futebol e Regatas,Patrick de Paula,Volante,62,18
2022,Botafogo de Futebol e Regatas,Luís Oyama,Volante,60,16
2022,Botafogo de Futebol e Regatas,Lucas Fernandes,Meia,72,24
2022,Botafogo de Futebol e Regatas,Eduardo,Meia,69,14
2022,Botafogo de Futebol e Regatas,Tchê Tchê,Meia,69,29
2022,Botafogo de Futebol e Regatas,Lucas Piazón,Meia,64,17
2022,Botafogo de Futebol e Regatas,Jeffinho,Ponta,71,24
2022,Botafogo de Futebol e Regatas,Victor Sá,Ponta,70,27
2022,Botafogo de Futebol e Regatas,Júnior Santos,Ponta,63,15
2022,Botafogo de Futebol e Regatas,Tiquinho Soares,Atacante,77,14
2022,Botafogo de Futebol e Regatas,Erison,Atacante,77,20
2022,Botafogo de Futebol e Regatas,Vinícius Lopes,Atacante,64,16
2022,Botafogo de Futebol e Regatas,Matheus Nascimento,Atacante,62,23
2022,CR Flamengo,Santos,Goleiro,66,19
2022,CR Flamengo,Hugo Souza,Goleiro,66,15
2022,CR Flamengo,Ayrton Lucas,Lateral,76,31
2022,CR Flamengo,Matheuzinho,Lateral,66,28
2022,CR Flamengo,Rodinei,Lateral,63,16
2022,CR Flamengo,Pablo,Zagueiro,68,23
2022,CR Flamengo,Fabrício Bruno,Zagueiro,62,13
2022,CR Flamengo,David Luiz,Zagueiro,62,19
2022,CR Flamengo,Thiago Maia,Volante,69,24
2022,CR Flamengo,Willian Arão,Volante,68,14
2022,CR Flamengo,Giorgian de Arrascaeta,Meia,77,24
2022,CR Flamengo,João Gomes,Meia,74,29
2022,CR Flamengo,Andreas Pereira,Meia,73,13
2022,CR Flamengo,Matheus França,Meia,72,17
2022,CR Flamengo,Victor Hugo,Meia,71,21
2022,CR Flamengo,Everton Ribeiro,Meia,70,30
2022,CR Flamengo,Arturo Vidal,Meia,68,15
2022,CR Flamengo,Diego,Meia,62,19
2022,CR Flamengo,Everton,Ponta,79,20
2022,CR Flamengo,Lázaro,Ponta,76,21
2022,CR Flamengo,Marinho,Ponta,73,25
2022,CR Flamengo,Gabriel Barbosa,Atacante,86,29
2022,CR Flamengo,Pedro,Atacante,86,24
2022,Ceará Sporting Club,João Ricardo,Goleiro,69,35
2022,Ceará Sporting Club,Vinicius Machado,Goleiro,61,2
2022,Ceará Sporting Club,Nino Paraíba,Lateral,67,33
2022,Ceará Sporting Club,Bruno Pacheco,Lateral,66,28
2022,Ceará Sporting Club,Victor Luís,Lateral,63,24
2022,Ceará Sporting Club,Michel Macedo,Lateral,62,17
2022,Ceará Sporting Club,Messias,Zagueiro,64,25
2022,Ceará Sporting Club,Gabriel Lacerda,Zagueiro,64,26
2022,Ceará Sporting Club,Luiz Otávio,Zagueiro,63,23
2022,Ceará Sporting Club,Richard,Volante,68,30
2022,Ceará Sporting Club,Richardson,Volante,65,31
2022,Ceará Sporting Club,Rodrigo Lindoso,Volante,61,13
2022,Ceará Sporting Club,Vina,Meia,70,31
2022,Ceará Sporting Club,Lima,Meia,68,31
2022,Ceará Sporting Club,Fernando Sobral,Meia,64,23
2022,Ceará Sporting Club,Guilherme Castilho,Meia,61,13
2022,Ceará Sporting Club,Geovane,Meia,60,17
2022,Ceará Sporting Club,Stiven Mendoza,Ponta,77,29
2022,Ceará Sporting Club,Erick,Ponta,65,24
2022,Ceará Sporting Club,Cléber,Atacante,69,21
2022,Ceará Sporting Club,Zé Roberto,Atacante,65,21
2022,Ceará Sporting Club,Iury Castilho,Atacante,60,13
2022,Ceará Sporting Club,Matheus Peixoto,Atacante,59,13
2022,Club Athletico Paranaense,Bento,Goleiro,70,33
2022,Club Athletico Paranaense,Anderson,Goleiro,61,5
2022,Club Athletico Paranaense,Abner,Lateral,73,28
2022,Club Athletico Paranaense,Khellven,Lateral,72,28
2022,Club Athletico Paranaense,Luis Orejuela,Lateral,64,15
2022,Club Athletico Paranaense,Pedro Henrique,Lateral,63,21
2022,Club Athletico Paranaense,Pedro Henrique,Zagueiro,65,28
2022,Club Athletico Paranaense,Matheus Felipe,Zagueiro,64,23
2022,Club Athletico Paranaense,Nicolás Hernández,Zagueiro,61,20
2022,Club Athletico Paranaense,Thiago Heleno,Zagueiro,59,13
2022,Club Athletico Paranaense,Erick,Volante,67,31
2022,Club Athletico Paranaense,Fernandinho,Volante,64,13
2022,Club Athletico Paranaense,Hugo Moura,Volante,64,25
2022,Club Athletico Paranaense,Matheus Fernandes,Volante,62,14
2022,Club Athletico Paranaense,David Terans,Meia,79,31
2022,Club Athletico Paranaense,Vitor Bueno,Meia,70,21
2022,Club Athletico Paranaense,Léo Cittadini,Meia,64,20
2022,Club Athletico Paranaense,Alex Santana,Meia,63,13
2022,Club Athletico Paranaense,Vitinho,Ponta,71,25
2022,Club Athletico Paranaense,Tomás Cuello,Ponta,70,31
2022,Club Athletico Paranaense,Agustín Canobbio,Ponta,65,25
2022,Club Athletico Paranaense,Pablo,Atacante,68,25
2022,Club Athletico Paranaense,Rômulo,Atacante,65,26
2022,Clube Atlético Mineiro,Everson,Goleiro,72,37
2022,Clube Atlético Mineiro,Rafael,Goleiro,66,1
2022,Clube Atlético Mineiro,Guilherme Arana,Lateral,72,20
2022,Clube Atlético Mineiro,Rubens,Lateral,71,29
2022,Clube Atlético Mineiro,Mariano,Lateral,64,25
2022,Clube Atlético Mineiro,Guga,Lateral,63,22
2022,Clube Atlético Mineiro,Dodô,Lateral,61,13
2022,Clube Atlético Mineiro,Júnior Alonso,Zagueiro,73,31
2022,Clube Atlético Mineiro,Nathan Silva,Zagueiro,62,22
2022,Clube Atlético Mineiro,Réver,Zagueiro,60,15
2022,Clube Atlético Mineiro,Allan,Volante,73,33
2022,Clube Atlético Mineiro,Otávio,Volante,69,24
2022,Clube Atlético Mineiro,Jair,Volante,68,31
2022,Clube Atlético Mineiro,Nacho Fernández,Meia,73,34
2022,Clube Atlético Mineiro,Matías Zaracho,Meia,68,26
2022,Clube Atlético Mineiro,Calebe,Meia,59,13
2022,Clube Atlético Mineiro,Keno,Ponta,69,29
2022,Clube Atlético Mineiro,Ademir,Ponta,68,35
2022,Clube Atlético Mineiro,Cristian Pavón,Ponta,62,18
2022,Clube Atlético Mineiro,Hulk,Atacante,82,25
2022,Clube Atlético Mineiro,Eduardo Vargas,Atacante,72,24
2022,Clube Atlético Mineiro,Eduardo Sasha,Atacante,67,27
2022,Clube Atlético Mineiro,Alan Kardec,Atacante,64,12
2022,Coritiba Foot Ball Club,Gabriel,Goleiro,65,13
2022,Coritiba Foot Ball Club,Alex Muralha,Goleiro,64,19
2022,Coritiba Foot Ball Club,Egídio,Lateral,64,21
2022,Coritiba Foot Ball Club,Natanael,Lateral,63,25
2022,Coritiba Foot Ball Club,Matheus Alexandre,Lateral,62,21
2022,Coritiba Foot Ball Club,Bruno Gomes,Lateral,61,18
2022,Coritiba Foot Ball Club,Rafael Santos,Lateral,60,15
2022,Coritiba Foot Ball Club,Warley,Lateral,60,15
2022,Coritiba Foot Ball Club,Guilherme Biro,Lateral,59,14
2022,Coritiba Foot Ball Club,Luciano Castán,Zagueiro,68,35
2022,Coritiba Foot Ball Club,Henrique,Zagueiro,61,18
2022,Coritiba Foot Ball Club,Willian Farias,Volante,62,21
2022,Coritiba Foot Ball Club,Bernardo,Volante,61,19
2022,Coritiba Foot Ball Club,Val Soares,Volante,60,13
2022,Coritiba Foot Ball Club,Régis,Meia,66,22
2022,Coritiba Foot Ball Club,Robinho,Meia,64,19
2022,Coritiba Foot Ball Club,Thonny  Anderson,Meia,62,18
2022,Coritiba Foot Ball Club,Matías Galarza Fonda,Meia,58,11
2022,Coritiba Foot Ball Club,Igor Paixão,Ponta,79,18
2022,Coritiba Foot Ball Club,Alef Manga,Ponta,77,35
2022,Coritiba Foot Ball Club,Fabrício Daniel,Ponta,71,28
2022,Coritiba Foot Ball Club,Léo Gamalho,Atacante,73,28
2022,Coritiba Foot Ball Club,Clayton,Atacante,58,9
2022,Cuiabá Esporte Clube (MT),Walter,Goleiro,68,28
2022,Cuiabá Esporte Clube (MT),João Carlos,Goleiro,59,11
2022,Cuiabá Esporte Clube (MT),João Lucas,Lateral,65,31
2022,Cuiabá Esporte Clube (MT),Daniel Guedes,Lateral,63,14
2022,Cuiabá Esporte Clube (MT),Uendel,Lateral,62,16
2022,Cuiabá Esporte Clube (MT),Igor Cariús,Lateral,60,17
2022,Cuiabá Esporte Clube (MT),Marllon,Zagueiro,67,34
2022,Cuiabá Esporte Clube (MT),Alan Empereur,Zagueiro,67,28
2022,Cuiabá Esporte Clube (MT),Joaquim,Zagueiro,64,25
2022,Cuiabá Esporte Clube (MT),Paulão,Zagueiro,59,14
2022,Cuiabá Esporte Clube (MT),Camilo,Volante,66,24
2022,Cuiabá Esporte Clube (MT),Marcão,Volante,64,26
2022,Cuiabá Esporte Clube (MT),Rodriguinho,Meia,70,33
2022,Cuiabá Esporte Clube (MT),Rafael Gava,Meia,69,29
2022,Cuiabá Esporte Clube (MT),Pepê,Meia,69,30
2022,Cuiabá Esporte Clube (MT),Valdívia,Meia,66,27
2022,Cuiabá Esporte Clube (MT),Kelvin Osorio,Meia,61,18
2022,Cuiabá Esporte Clube (MT),André Luis,Ponta,69,33
2022,Cuiabá Esporte Clube (MT),Jonathan Cafu,Ponta,65,14
2022,Cuiabá Esporte Clube (MT),Felipe Marques,Ponta,65,24
2022,Cuiabá Esporte Clube (MT),Alesson,Ponta,64,21
2022,Cuiabá Esporte Clube (MT),Deyverson,Atacante,74,16
2022,Cuiabá Esporte Clube (MT),André Felipe,Atacante,66,17
2022,Esporte Clube Juventude,César,Goleiro,65,25
2022,Esporte Clube Juventude,Pegorari,Goleiro,59,13
2022,Esporte Clube Juventude,Rodrigo Soares,Lateral,70,35
2022,Esporte Clube Juventude,Paulo Henrique,Lateral,65,26
2022,Esporte Clube Juventude,Moraes,Lateral,62,19
2022,Esporte Clube Juventude,William Matheus,Lateral,59,14
2022,Esporte Clube Juventude,Thalisson,Zagueiro,63,25
2022,Esporte Clube Juventude,Vitor Mendes,Zagueiro,62,19
2022,Esporte Clube Juventude,Jean Irmer,Volante,64,25
2022,Esporte Clube Juventude,Elton,Volante,62,18
2022,Esporte Clube Juventude,Yuri Lima,Volante,62,22
2022,Esporte Clube Juventude,Jádson,Meia,69,33
2022,Esporte Clube Juventude,Chico Kim,Meia,69,33
2022,Esporte Clube Juventude,Felipe Pires,Meia,64,11
2022,Esporte Clube Juventude,Bruno Nazário,Meia,62,12
2022,Esporte Clube Juventude,Rafinha,Meia,58,11
2022,Esporte Clube Juventude,Óscar Ruiz,Ponta,69,24
2022,Esporte Clube Juventude,Capixaba,Ponta,66,27
2022,Esporte Clube Juventude,Guilherme Parede,Ponta,65,16
2022,Esporte Clube Juventude,Ruan,Ponta,58,11
2022,Esporte Clube Juventude,Isidro Pitta,Atacante,70,32
2022,Esporte Clube Juventude,Vitor Gabriel,Atacante,65,21
2022,Esporte Clube Juventude,Ricardo Bueno,Atacante,64,16
2022,Fluminense Football Club,Fábio,Goleiro,72,38
2022,Fluminense Football Club,Muriel,Goleiro,54,0
2022,Fluminense Football Club,Samuel Xavier,Lateral,68,33
2022,Fluminense Football Club,Caio Paulista,Lateral,66,27
2022,Fluminense Football Club,Cristiano,Lateral,60,14
2022,Fluminense Football Club,Nino,Zagueiro,72,30
2022,Fluminense Football Club,Manoel,Zagueiro,68,31
2022,Fluminense Football Club,David Braz,Zagueiro,60,13
2022,Fluminense Football Club,Luccas Claro,Zagueiro,59,10
2022,Fluminense Football Club,André,Volante,75,34
2022,Fluminense Football Club,Martinelli,Volante,67,28
2022,Fluminense Football Club,Felipe Melo,Volante,63,24
2022,Fluminense Football Club,Wellington,Volante,60,11
2022,Fluminense Football Club,Ganso,Meia,75,33
2022,Fluminense Football Club,Nathan,Meia,71,24
2022,Fluminense Football Club,Nonato,Meia,63,17
2022,Fluminense Football Club,Yago Felipe,Meia,62,21
2022,Fluminense Football Club,Jhon Arias,Ponta,80,33
2022,Fluminense Football Club,Luiz Henrique,Ponta,77,14
2022,Fluminense Football Club,Matheus Martins,Ponta,72,30
2022,Fluminense Football Club,Marrony,Ponta,61,10
2022,Fluminense Football Club,Germán Cano,Atacante,88,38
2022,Fluminense Football Club,Willian Bigode,Atacante,68,28
2022,Fortaleza Esporte Clube,Fernando Miguel,Goleiro,69,20
2022,Fortaleza Esporte Clube,Marcelo Boeck,Goleiro,62,13
2022,Fortaleza Esporte Clube,Juninho Capixaba,Lateral,69,34
2022,Fortaleza Esporte Clube,Tinga,Lateral,62,17
2022,Fortaleza Esporte Clube,Titi,Zagueiro,67,34
2022,Fortaleza Esporte Clube,Marcelo Benevenuto,Zagueiro,66,31
2022,Fortaleza Esporte Clube,Emanuel Brítez,Zagueiro,64,20
2022,Fortaleza Esporte Clube,Brayan Ceballos,Zagueiro,62,16
2022,Fortaleza Esporte Clube,Zé Welison,Volante,65,27
2022,Fortaleza Esporte Clube,Lucas Sasha,Volante,63,19
2022,Fortaleza Esporte Clube,Ronald,Volante,61,20
2022,Fortaleza Esporte Clube,Matheus Jussa,Volante,60,12
2022,Fortaleza Esporte Clube,Felipe,Volante,60,12
2022,Fortaleza Esporte Clube,Lucas Crispim,Meia,65,23
2022,Fortaleza Esporte Clube,Lucas Lima,Meia,64,22
2022,Fortaleza Esporte Clube,Pedro Rocha,Ponta,76,13
2022,Fortaleza Esporte Clube,Moisés,Ponta,75,37
2022,Fortaleza Esporte Clube,Robson,Ponta,72,29
2022,Fortaleza Esporte Clube,Romarinho,Ponta,70,26
2022,Fortaleza Esporte Clube,Yago Pikachu,Ponta,67,14
2022,Fortaleza Esporte Clube,Valentín Depietri,Ponta,60,16
2022,Fortaleza Esporte Clube,Silvio Romero,Atacante,69,30
2022,Fortaleza Esporte Clube,Renato Kayzer,Atacante,56,6
2022,Goiás EC,Tadeu,Goleiro,71,38
2022,Goiás EC,Matheus Alves,Goleiro,54,0
2022,Goiás EC,Dieguinho,Lateral,69,34
2022,Goiás EC,Maguinho,Lateral,65,31
2022,Goiás EC,Danilo Barcelos,Lateral,63,22
2022,Goiás EC,Hugo,Lateral,60,15
2022,Goiás EC,Reynaldo,Zagueiro,68,32
2022,Goiás EC,Caetano,Zagueiro,64,26
2022,Goiás EC,Lucas Halter,Zagueiro,60,15
2022,Goiás EC,Matheus Sales,Volante,65,31
2022,Goiás EC,Caio Vinicius,Volante,64,27
2022,Goiás EC,Auremir,Volante,63,25
2022,Goiás EC,Élvis,Meia,71,13
2022,Goiás EC,Marquinhos Gabriel,Meia,65,12
2022,Goiás EC,Fellipe Bastos,Meia,64,25
2022,Goiás EC,Luan Dias,Meia,62,22
2022,Goiás EC,Dadá Belmonte,Ponta,75,33
2022,Goiás EC,Vinícius,Ponta,72,25
2022,Goiás EC,Apodi,Ponta,64,18
2022,Goiás EC,Pedrinho,Ponta,61,13
2022,Goiás EC,Pedro Raul,Atacante,83,34
2022,Goiás EC,Nicolas,Atacante,70,29
2022,Goiás EC,Renato Júnior,Atacante,60,17
2022,Red Bull Bragantino,Cleiton,Goleiro,70,37
2022,Red Bull Bragantino,Lucão,Goleiro,54,1
2022,Red Bull Bragantino,Luan Cândido,Lateral,71,32
2022,Red Bull Bragantino,Aderlan,Lateral,68,31
2022,Red Bull Bragantino,Ramon,Lateral,64,15
2022,Red Bull Bragantino,José Andrés Hurtado,Lateral,62,16
2022,Red Bull Bragantino,Natan,Zagueiro,73,32
2022,Red Bull Bragantino,Léo Ortiz,Zagueiro,64,22
2022,Red Bull Bragantino,Kevin Lomónaco,Zagueiro,60,16
2022,Red Bull Bragantino,Raul,Volante,66,32
2022,Red Bull Bragantino,Jadsom,Volante,65,29
2022,Red Bull Bragantino,Lucas Evangelista,Meia,75,34
2022,Red Bull Bragantino,Hyoran,Meia,70,26
2022,Red Bull Bragantino,Miguel Silveira,Meia,68,17
2022,Red Bull Bragantino,Praxedes,Meia,65,15
2022,Red Bull Bragantino,Eric Ramires,Meia,64,25
2022,Red Bull Bragantino,Artur,Ponta,83,33
2022,Red Bull Bragantino,Sorriso,Ponta,71,31
2022,Red Bull Bragantino,Helinho,Ponta,70,31
2022,Red Bull Bragantino,Carlos Eduardo,Ponta,66,24
2022,Red Bull Bragantino,Ytalo,Atacante,66,11
2022,Red Bull Bragantino,Gabriel Novaes,Atacante,61,13
2022,Red Bull Bragantino,Jan Hurtado,Atacante,59,13
2022,Santos FC,João Paulo,Goleiro,71,37
2022,Santos FC,John Victor,Goleiro,54,1
2022,Santos FC,Madson,Lateral,67,27
2022,Santos FC,Lucas Pires,Lateral,66,20
2022,Santos FC,Felipe Jonatan,Lateral,65,26
2022,Santos FC,Nathan,Lateral,62,9
2022,Santos FC,Eduardo Bauermann,Zagueiro,72,33
2022,Santos FC,Maicon,Zagueiro,65,23
2022,Santos FC,Luiz Felipe,Zagueiro,61,13
2022,Santos FC,Emiliano Velázquez,Zagueiro,59,9
2022,Santos FC,Zanocelo,Volante,71,28
2022,Santos FC,Vinicius Balieiro,Volante,56,5
2022,Santos FC,Camacho,Meia,66,26
2022,Santos FC,Luan,Meia,63,8
2022,Santos FC,Carlos Sánchez,Meia,61,14
2022,Santos FC,Bruno Oliveira,Meia,61,14
2022,Santos FC,Gabriel Carabajal,Meia,60,8
2022,Santos FC,Lucas Braga,Ponta,71,33
2022,Santos FC,Lucas Barbosa,Ponta,67,26
2022,Santos FC,Léo Baptistão,Atacante,72,17
2022,Santos FC,Bryan Angulo,Atacante,64,16
2022,Santos FC,Rwan Cruz,Atacante,64,17
2022,Santos FC,Ricardo Goulart,Atacante,58,11
2022,Sociedade Esportiva Palmeiras,Weverton,Goleiro,72,34
2022,Sociedade Esportiva Palmeiras,Marcelo Lomba,Goleiro,67,3
2022,Sociedade Esportiva Palmeiras,Mayke,Lateral,66,28
2022,Sociedade Esportiva Palmeiras,Marcos Rocha,Lateral,66,28
2022,Sociedade Esportiva Palmeiras,Joaquín Piquerez,Lateral,65,26
2022,Sociedade Esportiva Palmeiras,Vanderlan,Lateral,61,13
2022,Sociedade Esportiva Palmeiras,Gustavo Gómez,Zagueiro,77,30
2022,Sociedade Esportiva Palmeiras,Murilo,Zagueiro,75,32
2022,Sociedade Esportiva Palmeiras,Luan,Zagueiro,62,16
2022,Sociedade Esportiva Palmeiras,Danilo,Volante,78,34
2022,Sociedade Esportiva Palmeiras,Fabinho,Volante,55,4
2022,Sociedade Esportiva Palmeiras,Gustavo Scarpa,Meia,90,35
2022,Sociedade Esportiva Palmeiras,Zé Rafael,Meia,69,33
2022,Sociedade Esportiva Palmeiras,Raphael Veiga,Meia,69,19
2022,Sociedade Esportiva Palmeiras,Gabriel Menino,Meia,66,27
2022,Sociedade Esportiva Palmeiras,Eduard Atuesta,Meia,65,26
2022,Sociedade Esportiva Palmeiras,Dudu,Ponta,87,38
2022,Sociedade Esportiva Palmeiras,Gabriel Veron,Ponta,75,12
2022,Sociedade Esportiva Palmeiras,Bruno Tabata,Ponta,66,13
2022,Sociedade Esportiva Palmeiras,Breno Lopes,Ponta,64,23
2022,Sociedade Esportiva Palmeiras,Wesley,Ponta,64,19
2022,Sociedade Esportiva Palmeiras,Rony,Atacante,77,33
2022,Sociedade Esportiva Palmeiras,Rafael Navarro,Atacante,62,23
2022,Sport Club Corinthians Paulista,Cássio,Goleiro,71,34
2022,Sport Club Corinthians Paulista,Matheus Donelli,Goleiro,59,3
2022,Sport Club Corinthians Paulista,Lucas Piton,Lateral,66,28
2022,Sport Club Corinthians Paulista,Fagner,Lateral,65,17
2022,Sport Club Corinthians Paulista,Fábio Santos,Lateral,64,22
2022,Sport Club Corinthians Paulista,Rafael Ramos,Lateral,63,20
2022,Sport Club Corinthians Paulista,Gil,Zagueiro,66,25
2022,Sport Club Corinthians Paulista,Bruno Méndez,Zagueiro,66,18
2022,Sport Club Corinthians Paulista,Raul Gustavo,Zagueiro,63,20
2022,Sport Club Corinthians Paulista,Roni,Volante,62,19
2022,Sport Club Corinthians Paulista,Víctor Cantillo,Volante,61,19
2022,Sport Club Corinthians Paulista,Fausto Vera,Volante,61,18
2022,Sport Club Corinthians Paulista,Du Queiroz,Meia,76,36
2022,Sport Club Corinthians Paulista,Giuliano,Meia,72,32
2022,Sport Club Corinthians Paulista,Renato Augusto,Meia,70,25
2022,Sport Club Corinthians Paulista,Mateus Vital,Meia,67,16
2022,Sport Club Corinthians Paulista,Maycon,Meia,67,16
2022,Sport Club Corinthians Paulista,Adson,Ponta,72,25
2022,Sport Club Corinthians Paulista,Gustavo Mantuan,Ponta,71,14
2022,Sport Club Corinthians Paulista,Gustavo Silva,Ponta,69,22
2022,Sport Club Corinthians Paulista,Willian,Ponta,68,14
2022,Sport Club Corinthians Paulista,Yuri Alberto,Atacante,82,20
2022,Sport Club Corinthians Paulista,Róger Guedes,Atacante,76,36
2022,Sport Club Internacional,Daniel,Goleiro,68,23
2022,Sport Club Internacional,Keiller,Goleiro,66,15
2022,Sport Club Internacional,Fabricio Bustos,Lateral,68,31
2022,Sport Club Internacional,Moisés,Lateral,66,8
2022,Sport Club Internacional,Renê,Lateral,65,28
2022,Sport Club Internacional,Vitão,Zagueiro,73,31
2022,Sport Club Internacional,Gabriel Mercado,Zagueiro,64,26
2022,Sport Club Internacional,Rodrigo Moledo,Zagueiro,61,20
2022,Sport Club Internacional,Gabriel,Volante,64,26
2022,Sport Club Internacional,Rodrigo Dourado,Volante,57,8
2022,Sport Club Internacional,Alan Patrick,Meia,80,26
2022,Sport Club Internacional,Edenilson,Meia,77,31
2022,Sport Club Internacional,Mauricio,Meia,75,32
2022,Sport Club Internacional,Johnny Cardoso,Meia,72,24
2022,Sport Club Internacional,Liziero,Meia,59,14
2022,Sport Club Internacional,Lucas Ramos,Meia,57,9
2022,Sport Club Internacional,Wanderson,Ponta,80,26
2022,Sport Club Internacional,Carlos de Pena,Ponta,80,34
2022,Sport Club Internacional,Pedro Henrique,Ponta,78,32
2022,Sport Club Internacional,Taison,Ponta,67,20
2022,Sport Club Internacional,David,Ponta,64,21
2022,Sport Club Internacional,Alemão,Atacante,74,34
2022,Sport Club Internacional,Braian Romero,Atacante,64,17
2022,São Paulo Futebol Clube,Jandrei,Goleiro,65,19
2022,São Paulo Futebol Clube,Felipe Alves,Goleiro,64,17
2022,São Paulo Futebol Clube,Welington,Lateral,73,32
2022,São Paulo Futebol Clube,Reinaldo,Lateral,68,28
2022,São Paulo Futebol Clube,Rafinha,Lateral,67,32
2022,São Paulo Futebol Clube,Igor Vinícius,Lateral,64,23
2022,São Paulo Futebol Clube,Diego Costa,Zagueiro,67,21
2022,São Paulo Futebol Clube,Léo,Zagueiro,65,29
2022,São Paulo Futebol Clube,Miranda,Zagueiro,60,15
2022,São Paulo Futebol Clube,Luizão,Zagueiro,60,14
2022,São Paulo Futebol Clube,Pablo Maia,Volante,66,32
2022,São Paulo Futebol Clube,Gabriel Neves,Volante,58,10
2022,São Paulo Futebol Clube,Patrick,Meia,73,31
2022,São Paulo Futebol Clube,Igor Gomes,Meia,71,33
2022,São Paulo Futebol Clube,Rodrigo Nestor,Meia,70,29
2022,São Paulo Futebol Clube,Talles Costa,Meia,66,12
2022,São Paulo Futebol Clube,Alisson,Meia,63,15
2022,São Paulo Futebol Clube,Giuliano Galoppo,Meia,61,14
2022,São Paulo Futebol Clube,Marcos Guilherme,Ponta,65,16
2022,São Paulo Futebol Clube,Emiliano Rigoni,Ponta,63,11
2022,São Paulo Futebol Clube,Jonathan Calleri,Atacante,88,36
2022,São Paulo Futebol Clube,Luciano,Atacante,81,31
2022,São Paulo Futebol Clube,Éder,Atacante,66,23
2023,América Futebol Clube (MG),Matheus Cavichioli,Goleiro,60,15
2023,América Futebol Clube (MG),Jori,Goleiro,58,11
2023,América Futebol Clube (MG),Danilo Avelar,Lateral,66,26
2023,América Futebol Clube (MG),Marlon,Lateral,65,26
2023,América Futebol Clube (MG),Nicolas,Lateral,61,11
2023,América Futebol Clube (MG),Daniel Borges,Lateral,60,14
2023,América Futebol Clube (MG),Mateus Henrique,Lateral,60,12
2023,América Futebol Clube (MG),Marcinho,Lateral,58,12
2023,América Futebol Clube (MG),Iago Maidana,Zagueiro,69,30
2023,América Futebol Clube (MG),Éder,Zagueiro,63,24
2023,América Futebol Clube (MG),Ricardo Silva,Zagueiro,62,20
2023,América Futebol Clube (MG),Juninho,Volante,69,36
2023,América Futebol Clube (MG),Alê,Volante,65,27
2023,América Futebol Clube (MG),Emmanuel Martínez,Meia,71,35
2023,América Futebol Clube (MG),Martín Benítez,Meia,70,20
2023,América Futebol Clube (MG),Lucas Kal,Meia,66,19
2023,América Futebol Clube (MG),Juan Cazares,Meia,61,12
2023,América Futebol Clube (MG),Felipe Azevedo,Ponta,69,30
2023,América Futebol Clube (MG),Rodriguinho,Ponta,68,20
2023,América Futebol Clube (MG),Everaldo,Ponta,67,21
2023,América Futebol Clube (MG),Gonzalo Mastriani,Atacante,77,24
2023,América Futebol Clube (MG),Aloísio,Atacante,66,12
2023,América Futebol Clube (MG),Renato Marques,Atacante,66,12
2023,Botafogo de Futebol e Regatas,Lucas Perri,Goleiro,80,38
2023,Botafogo de Futebol e Regatas,Roberto Fernández,Goleiro,54,1
2023,Botafogo de Futebol e Regatas,Leonel Di Plácido,Lateral,68,32
2023,Botafogo de Futebol e Regatas,Marçal,Lateral,66,22
2023,Botafogo de Futebol e Regatas,Hugo,Lateral,63,22
2023,Botafogo de Futebol e Regatas,Rafael,Lateral,59,9
2023,Botafogo de Futebol e Regatas,Adryelson,Zagueiro,75,35
2023,Botafogo de Futebol e Regatas,Victor Cuesta,Zagueiro,68,35
2023,Botafogo de Futebol e Regatas,Philipe Sampaio,Zagueiro,59,12
2023,Botafogo de Futebol e Regatas,Marlon Freitas,Volante,69,36
2023,Botafogo de Futebol e Regatas,Danilo Barbosa,Volante,68,23
2023,Botafogo de Futebol e Regatas,Gabriel Pires,Volante,66,16
2023,Botafogo de Futebol e Regatas,Eduardo,Meia,79,34
2023,Botafogo de Futebol e Regatas,Tchê Tchê,Meia,76,36
2023,Botafogo de Futebol e Regatas,Lucas Fernandes,Meia,62,13
2023,Botafogo de Futebol e Regatas,Luis Henrique,Ponta,78,34
2023,Botafogo de Futebol e Regatas,Victor Sá,Ponta,76,33
2023,Botafogo de Futebol e Regatas,Júnior Santos,Ponta,73,37
2023,Botafogo de Futebol e Regatas,Matías Segovia,Ponta,68,21
2023,Botafogo de Futebol e Regatas,Carlos Alberto,Ponta,65,15
2023,Botafogo de Futebol e Regatas,Tiquinho Soares,Atacante,87,33
2023,Botafogo de Futebol e Regatas,Diego Costa,Atacante,69,13
2023,Botafogo de Futebol e Regatas,Janderson,Atacante,62,18
2023,CR Flamengo,Agustín Rossi,Goleiro,66,15
2023,CR Flamengo,Matheus Cunha,Goleiro,65,19
2023,CR Flamengo,Ayrton Lucas,Lateral,77,35
2023,CR Flamengo,Wesley,Lateral,68,35
2023,CR Flamengo,Filipe Luís,Lateral,59,10
2023,CR Flamengo,Matheuzinho,Lateral,58,11
2023,CR Flamengo,Léo Pereira,Zagueiro,68,32
2023,CR Flamengo,Fabrício Bruno,Zagueiro,67,34
2023,CR Flamengo,David Luiz,Zagueiro,61,15
2023,CR Flamengo,Pablo,Zagueiro,60,7
2023,CR Flamengo,Erick Pulgar,Volante,73,25
2023,CR Flamengo,Thiago Maia,Volante,72,32
2023,CR Flamengo,Allan,Volante,64,9
2023,CR Flamengo,Gerson,Meia,85,32
2023,CR Flamengo,Giorgian de Arrascaeta,Meia,76,28
2023,CR Flamengo,Victor Hugo,Meia,74,30
2023,CR Flamengo,Everton Ribeiro,Meia,71,30
2023,CR Flamengo,Matheus França,Meia,69,9
2023,CR Flamengo,Everton,Ponta,81,33
2023,CR Flamengo,Luiz Araújo,Ponta,73,20
2023,CR Flamengo,Pedro,Atacante,88,34
2023,CR Flamengo,Gabriel Barbosa,Atacante,79,26
2023,CR Flamengo,Bruno Henrique,Atacante,71,29
2023,Club Athletico Paranaense,Bento,Goleiro,69,33
2023,Club Athletico Paranaense,Léo Linck,Goleiro,58,5
2023,Club Athletico Paranaense,Khellven,Lateral,70,15
2023,Club Athletico Paranaense,Madson,Lateral,65,24
2023,Club Athletico Paranaense,Lucas Esquivel,Lateral,62,19
2023,Club Athletico Paranaense,Thiago Heleno,Zagueiro,66,32
2023,Club Athletico Paranaense,Cacá,Zagueiro,62,19
2023,Club Athletico Paranaense,Kaique Rocha,Zagueiro,61,10
2023,Club Athletico Paranaense,Pedro Henrique,Zagueiro,59,11
2023,Club Athletico Paranaense,Zé Ivaldo,Zagueiro,59,14
2023,Club Athletico Paranaense,Erick,Volante,70,33
2023,Club Athletico Paranaense,Fernandinho,Volante,66,25
2023,Club Athletico Paranaense,Hugo Moura,Volante,65,30
2023,Club Athletico Paranaense,Vitor Bueno,Meia,77,32
2023,Club Athletico Paranaense,Christian,Meia,67,21
2023,Club Athletico Paranaense,Bruno Zapelli,Meia,67,21
2023,Club Athletico Paranaense,Alex Santana,Meia,65,21
2023,Club Athletico Paranaense,Agustín Canobbio,Ponta,72,29
2023,Club Athletico Paranaense,Tomás Cuello,Ponta,69,32
2023,Club Athletico Paranaense,Thiago Andrade,Ponta,58,10
2023,Club Athletico Paranaense,Pablo,Atacante,72,25
2023,Club Athletico Paranaense,Willian Bigode,Atacante,67,18
2023,Club Athletico Paranaense,Rômulo,Atacante,61,18
2023,Clube Atlético Mineiro,Everson,Goleiro,72,36
2023,Clube Atlético Mineiro,Matheus Mendes,Goleiro,61,2
2023,Clube Atlético Mineiro,Guilherme Arana,Lateral,73,28
2023,Clube Atlético Mineiro,Renzo Saravia,Lateral,69,26
2023,Clube Atlético Mineiro,Rubens,Lateral,69,24
2023,Clube Atlético Mineiro,Mariano,Lateral,63,22
2023,Clube Atlético Mineiro,Jemerson,Zagueiro,69,32
2023,Clube Atlético Mineiro,Mauricio Lemos,Zagueiro,67,27
2023,Clube Atlético Mineiro,Bruno Fuchs,Zagueiro,63,15
2023,Clube Atlético Mineiro,Otávio,Volante,70,27
2023,Clube Atlético Mineiro,Rodrigo Battaglia,Volante,66,22
2023,Clube Atlético Mineiro,Edenilson,Meia,70,28
2023,Clube Atlético Mineiro,Igor Gomes,Meia,68,29
2023,Clube Atlético Mineiro,Matías Zaracho,Meia,67,27
2023,Clube Atlético Mineiro,Patrick,Meia,62,23
2023,Clube Atlético Mineiro,Hyoran,Meia,61,12
2023,Clube Atlético Mineiro,Alan Franco,Meia,61,18
2023,Clube Atlético Mineiro,Paulinho,Ponta,91,36
2023,Clube Atlético Mineiro,Cristian Pavón,Ponta,75,33
2023,Clube Atlético Mineiro,Pedrinho,Ponta,70,15
2023,Clube Atlético Mineiro,Hulk,Atacante,83,34
2023,Clube Atlético Mineiro,Eduardo Vargas,Atacante,64,12
2023,Clube Atlético Mineiro,Alan Kardec,Atacante,61,14
2023,Clube de Regatas Vasco da Gama,Léo Jardim,Goleiro,76,38
2023,Clube de Regatas Vasco da Gama,Ivan,Goleiro,57,0
2023,Clube de Regatas Vasco da Gama,Lucas Piton,Lateral,69,37
2023,Clube de Regatas Vasco da Gama,José Luis Rodríguez,Lateral,67,32
2023,Clube de Regatas Vasco da Gama,Paulo Henrique,Lateral,61,14
2023,Clube de Regatas Vasco da Gama,Léo,Zagueiro,67,34
2023,Clube de Regatas Vasco da Gama,Robson Bambu,Zagueiro,64,18
2023,Clube de Regatas Vasco da Gama,Gary Medel,Zagueiro,63,20
2023,Clube de Regatas Vasco da Gama,Maicon,Zagueiro,62,16
2023,Clube de Regatas Vasco da Gama,Jair,Volante,66,29
2023,Clube de Regatas Vasco da Gama,Zé Gabriel,Volante,65,27
2023,Clube de Regatas Vasco da Gama,Marlon Gomes,Meia,70,23
2023,Clube de Regatas Vasco da Gama,Dimitri Payet,Meia,68,17
2023,Clube de Regatas Vasco da Gama,Paulinho Paula,Meia,67,21
2023,Clube de Regatas Vasco da Gama,Praxedes,Meia,65,21
2023,Clube de Regatas Vasco da Gama,Gabriel Pec,Ponta,76,37
2023,Clube de Regatas Vasco da Gama,Luca Orellano,Ponta,64,18
2023,Clube de Regatas Vasco da Gama,Erick Marcus,Ponta,63,14
2023,Clube de Regatas Vasco da Gama,Figueiredo,Ponta,60,16
2023,Clube de Regatas Vasco da Gama,Pablo Vegetti,Atacante,76,21
2023,Clube de Regatas Vasco da Gama,Alex Teixeira,Atacante,65,22
2023,Clube de Regatas Vasco da Gama,Pedro Raul,Atacante,63,12
2023,Clube de Regatas Vasco da Gama,Sebastián Ferreira,Atacante,59,13
2023,Coritiba Foot Ball Club,Gabriel,Goleiro,71,31
2023,Coritiba Foot Ball Club,Luan Polli,Goleiro,58,5
2023,Coritiba Foot Ball Club,Jamerson,Lateral,67,29
2023,Coritiba Foot Ball Club,Bruno Gomes,Lateral,67,29
2023,Coritiba Foot Ball Club,Natanael,Lateral,67,33
2023,Coritiba Foot Ball Club,Victor Luís,Lateral,65,24
2023,Coritiba Foot Ball Club,Diogo Batista,Lateral,59,11
2023,Coritiba Foot Ball Club,Benjamín Kuscevic,Zagueiro,64,23
2023,Coritiba Foot Ball Club,Henrique,Zagueiro,63,24
2023,Coritiba Foot Ball Club,Thalisson,Zagueiro,58,11
2023,Coritiba Foot Ball Club,Andrey,Volante,64,26
2023,Coritiba Foot Ball Club,Willian Farias,Volante,60,16
2023,Coritiba Foot Ball Club,Marcelino Moreno,Meia,70,31
2023,Coritiba Foot Ball Club,Matheus Bianqui,Meia,67,28
2023,Coritiba Foot Ball Club,Gabriel Boschilia,Meia,66,11
2023,Coritiba Foot Ball Club,Sebastián Gómez,Meia,65,20
2023,Coritiba Foot Ball Club,Fransérgio,Meia,62,15
2023,Coritiba Foot Ball Club,Robson,Ponta,79,32
2023,Coritiba Foot Ball Club,Alef Manga,Ponta,74,10
2023,Coritiba Foot Ball Club,Kaio César,Ponta,65,24
2023,Coritiba Foot Ball Club,Maurício Garcez,Ponta,61,14
2023,Coritiba Foot Ball Club,Islam Slimani,Atacante,69,11
2023,Coritiba Foot Ball Club,Diogo Oliveira,Atacante,62,15
2023,Cruzeiro Esporte Clube,Rafael Cabral,Goleiro,73,37
2023,Cruzeiro Esporte Clube,Anderson,Goleiro,66,1
2023,Cruzeiro Esporte Clube,Marlon,Lateral,75,36
2023,Cruzeiro Esporte Clube,William,Lateral,71,33
2023,Cruzeiro Esporte Clube,Helibelton Palacios,Lateral,60,10
2023,Cruzeiro Esporte Clube,Luciano Castán,Zagueiro,68,36
2023,Cruzeiro Esporte Clube,Lucas Oliveira,Zagueiro,61,16
2023,Cruzeiro Esporte Clube,Filipe Machado,Volante,69,35
2023,Cruzeiro Esporte Clube,Lucas Silva,Volante,64,20
2023,Cruzeiro Esporte Clube,Matheus Jussa,Volante,64,24
2023,Cruzeiro Esporte Clube,Neto Moura,Volante,59,13
2023,Cruzeiro Esporte Clube,Wallisson,Volante,58,11
2023,Cruzeiro Esporte Clube,Mateus Vital,Meia,72,32
2023,Cruzeiro Esporte Clube,Matheus Pereira,Meia,70,15
2023,Cruzeiro Esporte Clube,Nikão,Meia,68,22
2023,Cruzeiro Esporte Clube,Ian Luccas,Meia,61,14
2023,Cruzeiro Esporte Clube,Bruno Rodrigues,Ponta,80,35
2023,Cruzeiro Esporte Clube,Arthur Gomes,Ponta,71,20
2023,Cruzeiro Esporte Clube,Wesley,Ponta,69,29
2023,Cruzeiro Esporte Clube,Stênio,Ponta,61,13
2023,Cruzeiro Esporte Clube,Gilberto,Atacante,67,20
2023,Cruzeiro Esporte Clube,Henrique Dourado,Atacante,61,11
2023,Cruzeiro Esporte Clube,Rafael Elias,Atacante,61,12
2023,Cuiabá Esporte Clube (MT),Walter,Goleiro,71,35
2023,Cuiabá Esporte Clube (MT),João Carlos,Goleiro,59,3
2023,Cuiabá Esporte Clube (MT),Matheus Alexandre,Lateral,67,35
2023,Cuiabá Esporte Clube (MT),Rikelme,Lateral,66,31
2023,Cuiabá Esporte Clube (MT),Mateusinho,Lateral,59,5
2023,Cuiabá Esporte Clube (MT),Uendel,Lateral,57,9
2023,Cuiabá Esporte Clube (MT),Marllon,Zagueiro,68,36
2023,Cuiabá Esporte Clube (MT),Alan Empereur,Zagueiro,68,33
2023,Cuiabá Esporte Clube (MT),Allyson,Zagueiro,60,16
2023,Cuiabá Esporte Clube (MT),Raniele,Volante,69,35
2023,Cuiabá Esporte Clube (MT),Filipe Augusto,Volante,65,27
2023,Cuiabá Esporte Clube (MT),Ronald,Volante,64,21
2023,Cuiabá Esporte Clube (MT),Lucas Mineiro,Volante,62,16
2023,Cuiabá Esporte Clube (MT),Fernando Sobral,Meia,69,33
2023,Cuiabá Esporte Clube (MT),Denilson,Meia,69,33
2023,Cuiabá Esporte Clube (MT),Pablo Ceppelini,Meia,65,21
2023,Cuiabá Esporte Clube (MT),Clayson,Ponta,73,23
2023,Cuiabá Esporte Clube (MT),Jonathan Cafu,Ponta,68,32
2023,Cuiabá Esporte Clube (MT),Emerson Negueba,Ponta,58,10
2023,Cuiabá Esporte Clube (MT),Deyverson,Atacante,79,36
2023,Cuiabá Esporte Clube (MT),Isidro Pitta,Atacante,70,29
2023,Cuiabá Esporte Clube (MT),Derik Lacerda,Atacante,63,19
2023,Cuiabá Esporte Clube (MT),Iury Castilho,Atacante,59,10
2023,Esporte Clube Bahia,Marcos Felipe,Goleiro,71,37
2023,Esporte Clube Bahia,Danilo Fernandes,Goleiro,66,1
2023,Esporte Clube Bahia,Gilberto,Lateral,68,21
2023,Esporte Clube Bahia,Luciano Juba,Lateral,62,14
2023,Esporte Clube Bahia,Cicinho,Lateral,59,13
2023,Esporte Clube Bahia,Matheus Bahia,Lateral,59,13
2023,Esporte Clube Bahia,Vitor Hugo,Zagueiro,69,27
2023,Esporte Clube Bahia,Kanu,Zagueiro,67,33
2023,Esporte Clube Bahia,David Duarte,Zagueiro,59,11
2023,Esporte Clube Bahia,Gabriel Xavier,Zagueiro,59,13
2023,Esporte Clube Bahia,Rezende,Volante,69,33
2023,Esporte Clube Bahia,Nicolás Acevedo,Volante,65,31
2023,Esporte Clube Bahia,Diego Rosa,Volante,62,11
2023,Esporte Clube Bahia,Cauly,Meia,79,32
2023,Esporte Clube Bahia,Thaciano,Meia,79,35
2023,Esporte Clube Bahia,Yago Felipe,Meia,63,25
2023,Esporte Clube Bahia,Lucas Mugni,Meia,60,15
2023,Esporte Clube Bahia,Biel,Ponta,74,25
2023,Esporte Clube Bahia,Ademir,Ponta,72,33
2023,Esporte Clube Bahia,Rafael Ratão,Ponta,71,18
2023,Esporte Clube Bahia,Vitor Jacaré,Ponta,62,17
2023,Esporte Clube Bahia,Everaldo,Atacante,74,33
2023,Esporte Clube Bahia,Vinicius Mingotti,Atacante,67,17
2023,Fluminense Football Club,Fábio,Goleiro,71,35
2023,Fluminense Football Club,Pedro Rangel,Goleiro,55,2
2023,Fluminense Football Club,Marcelo,Lateral,66,19
2023,Fluminense Football Club,Samuel Xavier,Lateral,65,25
2023,Fluminense Football Club,Guga,Lateral,65,22
2023,Fluminense Football Club,Diogo Barbosa,Lateral,63,19
2023,Fluminense Football Club,Nino,Zagueiro,73,26
2023,Fluminense Football Club,Marlon,Zagueiro,66,15
2023,Fluminense Football Club,David Braz,Zagueiro,61,18
2023,Fluminense Football Club,Thiago Santos,Zagueiro,60,16
2023,Fluminense Football Club,André,Volante,76,31
2023,Fluminense Football Club,Martinelli,Volante,67,28
2023,Fluminense Football Club,Felipe Melo,Volante,63,19
2023,Fluminense Football Club,Alexsander,Volante,62,19
2023,Fluminense Football Club,Ganso,Meia,74,27
2023,Fluminense Football Club,Lima,Meia,73,35
2023,Fluminense Football Club,Leonardo Fernández,Meia,62,18
2023,Fluminense Football Club,Jhon Arias,Ponta,77,29
2023,Fluminense Football Club,Keno,Ponta,69,24
2023,Fluminense Football Club,Yony González,Ponta,64,18
2023,Fluminense Football Club,Germán Cano,Atacante,75,30
2023,Fluminense Football Club,John Kennedy,Atacante,71,26
2023,Fluminense Football Club,Lelê,Atacante,67,29
2023,Fortaleza Esporte Clube,João Ricardo,Goleiro,69,32
2023,Fortaleza Esporte Clube,Fernando Miguel,Goleiro,60,6
2023,Fortaleza Esporte Clube,Bruno Pacheco,Lateral,68,31
2023,Fortaleza Esporte Clube,Tinga,Lateral,66,31
2023,Fortaleza Esporte Clube,Gonzalo Escobar,Lateral,60,13
2023,Fortaleza Esporte Clube,Dudu,Lateral,57,7
2023,Fortaleza Esporte Clube,Emanuel Brítez,Zagueiro,66,31
2023,Fortaleza Esporte Clube,Titi,Zagueiro,66,32
2023,Fortaleza Esporte Clube,Marcelo Benevenuto,Zagueiro,58,12
2023,Fortaleza Esporte Clube,Caio Alexandre,Volante,68,34
2023,Fortaleza Esporte Clube,Zé Welison,Volante,65,26
2023,Fortaleza Esporte Clube,Lucas Sasha,Volante,63,19
2023,Fortaleza Esporte Clube,Zanocelo,Volante,61,6
2023,Fortaleza Esporte Clube,Tomás Pochettino,Meia,71,35
2023,Fortaleza Esporte Clube,Calebe,Meia,71,29
2023,Fortaleza Esporte Clube,Lucas Crispim,Meia,60,17
2023,Fortaleza Esporte Clube,Yago Pikachu,Ponta,73,37
2023,Fortaleza Esporte Clube,Guilherme,Ponta,70,30
2023,Fortaleza Esporte Clube,Moisés,Ponta,69,6
2023,Fortaleza Esporte Clube,Marinho,Ponta,65,21
2023,Fortaleza Esporte Clube,Romarinho,Ponta,58,11
2023,Fortaleza Esporte Clube,Juan Martín Lucero,Atacante,74,31
2023,Fortaleza Esporte Clube,Silvio Romero,Atacante,65,17
2023,Goiás EC,Tadeu,Goleiro,70,35
2023,Goiás EC,Marcelo Rangel,Goleiro,55,3
2023,Goiás EC,Maguinho,Lateral,67,34
2023,Goiás EC,Sander,Lateral,64,21
2023,Goiás EC,Hugo,Lateral,62,19
2023,Goiás EC,Dieguinho,Lateral,60,15
2023,Goiás EC,Bruno Melo,Zagueiro,67,33
2023,Goiás EC,Lucas Halter,Zagueiro,66,30
2023,Goiás EC,Sidimar,Zagueiro,61,18
2023,Goiás EC,Willian Oliveira,Volante,65,31
2023,Goiás EC,Zé Ricardo,Volante,60,13
2023,Goiás EC,Guilherme,Meia,78,30
2023,Goiás EC,Everton Morelli,Meia,68,32
2023,Goiás EC,Julián Palacios,Meia,66,27
2023,Goiás EC,Dodô,Meia,63,15
2023,Goiás EC,Raphael Guzzo,Meia,62,14
2023,Goiás EC,Vinícius,Ponta,67,23
2023,Goiás EC,Alesson,Ponta,66,23
2023,Goiás EC,Anderson Oliveira,Ponta,64,20
2023,Goiás EC,Allano,Ponta,62,19
2023,Goiás EC,Matheus Babi,Atacante,70,17
2023,Goiás EC,João Magno,Atacante,66,19
2023,Goiás EC,Matheus Peixoto,Atacante,63,14
2023,Grêmio Foot-Ball Porto Alegrense,Gabriel Grando,Goleiro,67,31
2023,Grêmio Foot-Ball Porto Alegrense,Caíque,Goleiro,61,4
2023,Grêmio Foot-Ball Porto Alegrense,Reinaldo,Lateral,69,30
2023,Grêmio Foot-Ball Porto Alegrense,João Pedro,Lateral,68,29
2023,Grêmio Foot-Ball Porto Alegrense,Fábio,Lateral,63,15
2023,Grêmio Foot-Ball Porto Alegrense,Walter Kannemann,Zagueiro,65,28
2023,Grêmio Foot-Ball Porto Alegrense,Bruno Alves,Zagueiro,65,29
2023,Grêmio Foot-Ball Porto Alegrense,Bruno Uvini,Zagueiro,62,20
2023,Grêmio Foot-Ball Porto Alegrense,Gustavo Martins,Zagueiro,61,17
2023,Grêmio Foot-Ball Porto Alegrense,Mathías Villasanti,Volante,70,30
2023,Grêmio Foot-Ball Porto Alegrense,Ronald,Volante,59,10
2023,Grêmio Foot-Ball Porto Alegrense,Franco Cristaldo,Meia,76,34
2023,Grêmio Foot-Ball Porto Alegrense,Bitello,Meia,76,19
2023,Grêmio Foot-Ball Porto Alegrense,Nathan,Meia,68,20
2023,Grêmio Foot-Ball Porto Alegrense,Pepê,Meia,67,18
2023,Grêmio Foot-Ball Porto Alegrense,Felipe Carballo,Meia,64,22
2023,Grêmio Foot-Ball Porto Alegrense,Vina,Meia,61,14
2023,Grêmio Foot-Ball Porto Alegrense,Everton Galdino,Ponta,72,28
2023,Grêmio Foot-Ball Porto Alegrense,Ferreirinha,Ponta,70,25
2023,Grêmio Foot-Ball Porto Alegrense,Lucas Besozzi,Ponta,63,12
2023,Grêmio Foot-Ball Porto Alegrense,Luis Suárez,Atacante,87,33
2023,Grêmio Foot-Ball Porto Alegrense,André Henrique,Atacante,66,21
2023,Grêmio Foot-Ball Porto Alegrense,João Pedro,Atacante,66,14
2023,Red Bull Bragantino,Cleiton,Goleiro,72,33
2023,Red Bull Bragantino,Lucão,Goleiro,58,5
2023,Red Bull Bragantino,Juninho Capixaba,Lateral,68,34
2023,Red Bull Bragantino,Aderlan,Lateral,65,22
2023,Red Bull Bragantino,Luan Cândido,Lateral,63,22
2023,Red Bull Bragantino,José Andrés Hurtado,Lateral,63,25
2023,Red Bull Bragantino,Léo Realpe,Zagueiro,64,21
2023,Red Bull Bragantino,Léo Ortiz,Zagueiro,63,20
2023,Red Bull Bragantino,Eduardo,Zagueiro,60,13
2023,Red Bull Bragantino,Luan Patrick,Zagueiro,60,14
2023,Red Bull Bragantino,Matheus Fernandes,Volante,71,33
2023,Red Bull Bragantino,Jadsom,Volante,66,31
2023,Red Bull Bragantino,Lucas Evangelista,Meia,77,33
2023,Red Bull Bragantino,Eric Ramires,Meia,69,23
2023,Red Bull Bragantino,Bruninho,Meia,69,16
2023,Red Bull Bragantino,Gustavo Neves,Meia,62,19
2023,Red Bull Bragantino,Vitinho,Ponta,75,33
2023,Red Bull Bragantino,Sorriso,Ponta,70,23
2023,Red Bull Bragantino,Helinho,Ponta,68,24
2023,Red Bull Bragantino,Henry Mosquera,Ponta,67,21
2023,Red Bull Bragantino,Matheus Gonçalves,Ponta,61,12
2023,Red Bull Bragantino,Eduardo Sasha,Atacante,76,33
2023,Red Bull Bragantino,Thiago Borbas,Atacante,74,33
2023,Santos FC,João Paulo,Goleiro,70,36
2023,Santos FC,Vladimir,Goleiro,55,3
2023,Santos FC,Dodô,Lateral,63,18
2023,Santos FC,Gabriel Inocêncio,Lateral,62,22
2023,Santos FC,Lucas Pires,Lateral,61,9
2023,Santos FC,João Lucas,Lateral,60,15
2023,Santos FC,Nathan,Lateral,60,7
2023,Santos FC,Júnior Caiçara,Lateral,56,5
2023,Santos FC,Joaquim,Zagueiro,68,31
2023,Santos FC,Messias,Zagueiro,67,28
2023,Santos FC,Dodi,Volante,64,28
2023,Santos FC,Tomás Rincón,Volante,64,16
2023,Santos FC,Jean Lucas,Meia,72,22
2023,Santos FC,Lucas Lima,Meia,71,35
2023,Santos FC,Nonato,Meia,61,14
2023,Santos FC,Camacho,Meia,58,11
2023,Santos FC,Luan Dias,Meia,57,8
2023,Santos FC,Stiven Mendoza,Ponta,74,26
2023,Santos FC,Yeferson Soteldo,Ponta,70,22
2023,Santos FC,Lucas Braga,Ponta,64,27
2023,Santos FC,Deivid Washington,Atacante,72,9
2023,Santos FC,Julio Furch,Atacante,66,22
2023,Santos FC,Bruno Mezenga,Atacante,57,9
2023,Sociedade Esportiva Palmeiras,Weverton,Goleiro,72,35
2023,Sociedade Esportiva Palmeiras,Marcelo Lomba,Goleiro,59,3
2023,Sociedade Esportiva Palmeiras,Mayke,Lateral,69,33
2023,Sociedade Esportiva Palmeiras,Joaquín Piquerez,Lateral,69,29
2023,Sociedade Esportiva Palmeiras,Marcos Rocha,Lateral,63,20
2023,Sociedade Esportiva Palmeiras,Vanderlan,Lateral,61,14
2023,Sociedade Esportiva Palmeiras,Gustavo Gómez,Zagueiro,75,32
2023,Sociedade Esportiva Palmeiras,Murilo,Zagueiro,73,25
2023,Sociedade Esportiva Palmeiras,Luan,Zagueiro,64,23
2023,Sociedade Esportiva Palmeiras,Naves,Zagueiro,58,10
2023,Sociedade Esportiva Palmeiras,Richard Ríos,Volante,69,37
2023,Sociedade Esportiva Palmeiras,Fabinho,Volante,63,24
2023,Sociedade Esportiva Palmeiras,Raphael Veiga,Meia,79,31
2023,Sociedade Esportiva Palmeiras,Zé Rafael,Meia,70,31
2023,Sociedade Esportiva Palmeiras,Gabriel Menino,Meia,68,24
2023,Sociedade Esportiva Palmeiras,Jhon Jhon,Meia,63,20
2023,Sociedade Esportiva Palmeiras,Artur,Ponta,79,31
2023,Sociedade Esportiva Palmeiras,Dudu,Ponta,78,14
2023,Sociedade Esportiva Palmeiras,Breno Lopes,Ponta,72,31
2023,Sociedade Esportiva Palmeiras,Luis Guilherme,Ponta,70,19
2023,Sociedade Esportiva Palmeiras,Endrick,Atacante,76,31
2023,Sociedade Esportiva Palmeiras,Rony,Atacante,70,30
2023,Sociedade Esportiva Palmeiras,José Manuel López,Atacante,69,22
2023,Sport Club Corinthians Paulista,Cássio,Goleiro,71,37
2023,Sport Club Corinthians Paulista,Carlos Miguel,Goleiro,71,2
2023,Sport Club Corinthians Paulista,Fagner,Lateral,67,30
2023,Sport Club Corinthians Paulista,Fábio Santos,Lateral,66,25
2023,Sport Club Corinthians Paulista,Matheus Bidu,Lateral,63,24
2023,Sport Club Corinthians Paulista,Bruno Méndez,Zagueiro,70,27
2023,Sport Club Corinthians Paulista,Lucas Veríssimo,Zagueiro,69,15
2023,Sport Club Corinthians Paulista,Gil,Zagueiro,68,32
2023,Sport Club Corinthians Paulista,Caetano,Zagueiro,60,16
2023,Sport Club Corinthians Paulista,Gabriel Moscardo,Volante,71,18
2023,Sport Club Corinthians Paulista,Fausto Vera,Volante,64,21
2023,Sport Club Corinthians Paulista,Maycon,Meia,76,32
2023,Sport Club Corinthians Paulista,Renato Augusto,Meia,72,24
2023,Sport Club Corinthians Paulista,Giuliano,Meia,70,30
2023,Sport Club Corinthians Paulista,Ruan Oliveira,Meia,66,19
2023,Sport Club Corinthians Paulista,Matheus Araújo,Meia,65,16
2023,Sport Club Corinthians Paulista,Ángel Romero,Ponta,73,22
2023,Sport Club Corinthians Paulista,Pedro,Ponta,68,15
2023,Sport Club Corinthians Paulista,Adson,Ponta,67,15
2023,Sport Club Corinthians Paulista,Wesley,Ponta,66,24
2023,Sport Club Corinthians Paulista,Yuri Alberto,Atacante,83,34
2023,Sport Club Corinthians Paulista,Róger Guedes,Atacante,76,15
2023,Sport Club Corinthians Paulista,Felipe Augusto,Atacante,64,15
2023,Sport Club Internacional,Sergio Rochet,Goleiro,69,19
2023,Sport Club Internacional,Keiller,Goleiro,59,10
2023,Sport Club Internacional,Fabricio Bustos,Lateral,68,29
2023,Sport Club Internacional,Renê,Lateral,65,28
2023,Sport Club Internacional,Vitão,Zagueiro,71,26
2023,Sport Club Internacional,Gabriel Mercado,Zagueiro,64,26
2023,Sport Club Internacional,Nicolás Hernández,Zagueiro,64,23
2023,Sport Club Internacional,Igor Gomes,Zagueiro,63,24
2023,Sport Club Internacional,Matheus Dias,Volante,63,14
2023,Sport Club Internacional,Rômulo,Volante,62,20
2023,Sport Club Internacional,Gabriel,Volante,60,15
2023,Sport Club Internacional,Alan Patrick,Meia,79,34
2023,Sport Club Internacional,Mauricio,Meia,76,26
2023,Sport Club Internacional,Johnny Cardoso,Meia,73,22
2023,Sport Club Internacional,Charles Aránguiz,Meia,68,22
2023,Sport Club Internacional,Bruno Henrique,Meia,65,20
2023,Sport Club Internacional,Campanharo,Meia,64,15
2023,Sport Club Internacional,Wanderson,Ponta,81,32
2023,Sport Club Internacional,Pedro Henrique,Ponta,72,26
2023,Sport Club Internacional,Carlos de Pena,Ponta,71,27
2023,Sport Club Internacional,Enner Valencia,Atacante,80,22
2023,Sport Club Internacional,Luiz Adriano,Atacante,68,29
2023,Sport Club Internacional,Lucca,Atacante,61,19
2023,São Paulo Futebol Clube,Rafael,Goleiro,71,33
2023,São Paulo Futebol Clube,Jandrei,Goleiro,62,5
2023,São Paulo Futebol Clube,Caio Paulista,Lateral,66,28
2023,São Paulo Futebol Clube,Welington,Lateral,65,16
2023,São Paulo Futebol Clube,Rafinha,Lateral,64,25
2023,São Paulo Futebol Clube,Nathan Mendes,Lateral,62,21
2023,São Paulo Futebol Clube,Lucas Beraldo,Zagueiro,72,24
2023,São Paulo Futebol Clube,Diego Costa,Zagueiro,68,23
2023,São Paulo Futebol Clube,Robert Arboleda,Zagueiro,61,20
2023,São Paulo Futebol Clube,Alan Franco,Zagueiro,61,13
2023,São Paulo Futebol Clube,Pablo Maia,Volante,68,32
2023,São Paulo Futebol Clube,Gabriel Neves,Volante,62,20
2023,São Paulo Futebol Clube,Alisson,Meia,71,35
2023,São Paulo Futebol Clube,Rodrigo Nestor,Meia,66,25
2023,São Paulo Futebol Clube,Marcos Paulo,Ponta,70,15
2023,São Paulo Futebol Clube,Wellington Rato,Ponta,69,32
2023,São Paulo Futebol Clube,Michel Araújo,Ponta,68,32
2023,São Paulo Futebol Clube,David,Ponta,67,22
2023,São Paulo Futebol Clube,Lucas Moura,Ponta,67,14
2023,São Paulo Futebol Clube,Jonathan Calleri,Atacante,81,19
2023,São Paulo Futebol Clube,Luciano,Atacante,79,34
2023,São Paulo Futebol Clube,Juan,Atacante,67,27
2023,São Paulo Futebol Clube,Erison,Atacante,66,13
2024,Atlético Clube Goianiense,Ronaldo,Goleiro,68,32
2024,Atlético Clube Goianiense,Pedro Rangel,Goleiro,58,6
2024,Atlético Clube Goianiense,Guilherme Romão,Lateral,68,32
2024,Atlético Clube Goianiense,Maguinho,Lateral,63,24
2024,Atlético Clube Goianiense,Adriano Martins,Zagueiro,67,34
2024,Atlético Clube Goianiense,Alix,Zagueiro,63,25
2024,Atlético Clube Goianiense,Pedro Henrique,Zagueiro,61,12
2024,Atlético Clube Goianiense,Luiz Felipe,Zagueiro,61,16
2024,Atlético Clube Goianiense,Baralhas,Volante,68,33
2024,Atlético Clube Goianiense,Rhaldney,Volante,66,32
2024,Atlético Clube Goianiense,Roni,Volante,63,22
2024,Atlético Clube Goianiense,Gonzalo Freitas,Volante,60,15
2024,Atlético Clube Goianiense,Shaylon,Meia,70,35
2024,Atlético Clube Goianiense,Lucas Kal,Meia,65,17
2024,Atlético Clube Goianiense,Luiz Fernando,Ponta,72,31
2024,Atlético Clube Goianiense,Alejo Cruz,Ponta,70,36
2024,Atlético Clube Goianiense,Janderson,Ponta,64,20
2024,Atlético Clube Goianiense,Bruno Tubarão,Ponta,62,23
2024,Atlético Clube Goianiense,Max,Ponta,59,14
2024,Atlético Clube Goianiense,Matías Lacava,Ponta,59,12
2024,Atlético Clube Goianiense,Derek,Atacante,67,25
2024,Atlético Clube Goianiense,Jan Hurtado,Atacante,64,19
2024,Atlético Clube Goianiense,Emiliano Rodríguez,Atacante,62,21
2024,Botafogo de Futebol e Regatas,John Victor,Goleiro,72,34
2024,Botafogo de Futebol e Regatas,Roberto Fernández,Goleiro,61,4
2024,Botafogo de Futebol e Regatas,Cuiabano,Lateral,66,23
2024,Botafogo de Futebol e Regatas,Marçal,Lateral,63,16
2024,Botafogo de Futebol e Regatas,Mateo Ponte,Lateral,63,17
2024,Botafogo de Futebol e Regatas,Damián Suárez,Lateral,62,17
2024,Botafogo de Futebol e Regatas,Bastos,Zagueiro,69,32
2024,Botafogo de Futebol e Regatas,Alexander Barboza,Zagueiro,64,26
2024,Botafogo de Futebol e Regatas,Lucas Halter,Zagueiro,61,17
2024,Botafogo de Futebol e Regatas,Danilo Barbosa,Volante,69,25
2024,Botafogo de Futebol e Regatas,Gregore,Volante,69,33
2024,Botafogo de Futebol e Regatas,Marlon Freitas,Volante,68,32
2024,Botafogo de Futebol e Regatas,Allan,Volante,66,11
2024,Botafogo de Futebol e Regatas,Jefferson Savarino,Meia,78,28
2024,Botafogo de Futebol e Regatas,Óscar Romero,Meia,71,19
2024,Botafogo de Futebol e Regatas,Eduardo,Meia,68,17
2024,Botafogo de Futebol e Regatas,Tchê Tchê,Meia,68,28
2024,Botafogo de Futebol e Regatas,Luiz Henrique,Ponta,84,35
2024,Botafogo de Futebol e Regatas,Thiago Almada,Ponta,75,17
2024,Botafogo de Futebol e Regatas,Júnior Santos,Ponta,68,24
2024,Botafogo de Futebol e Regatas,Matheus Martins,Ponta,63,14
2024,Botafogo de Futebol e Regatas,Tiquinho Soares,Atacante,75,28
2024,Botafogo de Futebol e Regatas,Igor Jesus,Atacante,69,22
2024,CR Flamengo,Agustín Rossi,Goleiro,70,35
2024,CR Flamengo,Matheus Cunha,Goleiro,63,3
2024,CR Flamengo,Ayrton Lucas,Lateral,76,32
2024,CR Flamengo,Wesley,Lateral,66,31
2024,CR Flamengo,Guillermo Varela,Lateral,65,18
2024,CR Flamengo,Léo Ortiz,Zagueiro,65,25
2024,CR Flamengo,Fabrício Bruno,Zagueiro,65,28
2024,CR Flamengo,Léo Pereira,Zagueiro,64,28
2024,CR Flamengo,David Luiz,Zagueiro,64,23
2024,CR Flamengo,Erick Pulgar,Volante,71,23
2024,CR Flamengo,Allan,Volante,70,24
2024,CR Flamengo,Evertton Araújo,Volante,61,16
2024,CR Flamengo,Gerson,Meia,83,32
2024,CR Flamengo,Giorgian de Arrascaeta,Meia,76,15
2024,CR Flamengo,Carlos Alcaraz,Meia,73,14
2024,CR Flamengo,Lorran,Meia,64,19
2024,CR Flamengo,Luiz Araújo,Ponta,79,25
2024,CR Flamengo,Michael,Ponta,69,12
2024,CR Flamengo,Gonzalo Plata,Ponta,66,11
2024,CR Flamengo,Matheus Gonçalves,Ponta,63,14
2024,CR Flamengo,Pedro,Atacante,87,21
2024,CR Flamengo,Gabriel Barbosa,Atacante,77,19
2024,CR Flamengo,Bruno Henrique,Atacante,75,29
2024,Club Athletico Paranaense,Mycael,Goleiro,65,19
2024,Club Athletico Paranaense,Léo Linck,Goleiro,60,14
2024,Club Athletico Paranaense,Lucas Esquivel,Lateral,68,33
2024,Club Athletico Paranaense,Leonardo Godoy,Lateral,65,26
2024,Club Athletico Paranaense,Madson,Lateral,62,19
2024,Club Athletico Paranaense,Fernando,Lateral,61,16
2024,Club Athletico Paranaense,Kaique Rocha,Zagueiro,67,29
2024,Club Athletico Paranaense,Thiago Heleno,Zagueiro,64,26
2024,Club Athletico Paranaense,Mateo Gamarra,Zagueiro,61,19
2024,Club Athletico Paranaense,Erick,Volante,68,34
2024,Club Athletico Paranaense,Fernandinho,Volante,67,25
2024,Club Athletico Paranaense,Gabriel,Volante,64,20
2024,Club Athletico Paranaense,Nikão,Meia,72,26
2024,Club Athletico Paranaense,Bruno Zapelli,Meia,70,32
2024,Club Athletico Paranaense,João Cruz,Meia,65,18
2024,Club Athletico Paranaense,Christian,Meia,64,24
2024,Club Athletico Paranaense,Felipinho,Meia,61,18
2024,Club Athletico Paranaense,Tomás Cuello,Ponta,72,32
2024,Club Athletico Paranaense,Julimar,Ponta,72,31
2024,Club Athletico Paranaense,Agustín Canobbio,Ponta,68,20
2024,Club Athletico Paranaense,Pablo,Atacante,68,29
2024,Club Athletico Paranaense,Gonzalo Mastriani,Atacante,67,21
2024,Club Athletico Paranaense,Lucas Di Yorio,Atacante,66,20
2024,Clube Atlético Mineiro,Everson,Goleiro,67,25
2024,Clube Atlético Mineiro,Matheus Mendes,Goleiro,61,13
2024,Clube Atlético Mineiro,Guilherme Arana,Lateral,70,17
2024,Clube Atlético Mineiro,Renzo Saravia,Lateral,69,31
2024,Clube Atlético Mineiro,Rubens,Lateral,68,19
2024,Clube Atlético Mineiro,Bruno Fuchs,Zagueiro,67,26
2024,Clube Atlético Mineiro,Igor Rabello,Zagueiro,60,16
2024,Clube Atlético Mineiro,Otávio,Volante,69,25
2024,Clube Atlético Mineiro,Rodrigo Battaglia,Volante,66,26
2024,Clube Atlético Mineiro,Fausto Vera,Volante,63,20
2024,Clube Atlético Mineiro,Gustavo Scarpa,Meia,80,32
2024,Clube Atlético Mineiro,Igor Gomes,Meia,67,22
2024,Clube Atlético Mineiro,Matías Zaracho,Meia,63,16
2024,Clube Atlético Mineiro,Alan Franco,Meia,62,22
2024,Clube Atlético Mineiro,Paulinho,Ponta,80,26
2024,Clube Atlético Mineiro,Alisson,Ponta,68,19
2024,Clube Atlético Mineiro,Brahian Palacios,Ponta,68,19
2024,Clube Atlético Mineiro,Bernard,Ponta,64,16
2024,Clube Atlético Mineiro,Hulk,Atacante,79,24
2024,Clube Atlético Mineiro,Eduardo Vargas,Atacante,76,23
2024,Clube Atlético Mineiro,Cadu,Atacante,66,20
2024,Clube Atlético Mineiro,Deyverson,Atacante,66,17
2024,Clube Atlético Mineiro,Alan Kardec,Atacante,61,18
2024,Clube de Regatas Vasco da Gama,Léo Jardim,Goleiro,75,38
2024,Clube de Regatas Vasco da Gama,Pablo,Goleiro,54,0
2024,Clube de Regatas Vasco da Gama,Lucas Piton,Lateral,68,32
2024,Clube de Regatas Vasco da Gama,Paulo Henrique,Lateral,67,35
2024,Clube de Regatas Vasco da Gama,José Luis Rodríguez,Lateral,64,22
2024,Clube de Regatas Vasco da Gama,Leandrinho,Lateral,62,18
2024,Clube de Regatas Vasco da Gama,João Victor,Zagueiro,70,23
2024,Clube de Regatas Vasco da Gama,Léo,Zagueiro,66,30
2024,Clube de Regatas Vasco da Gama,Maicon,Zagueiro,66,30
2024,Clube de Regatas Vasco da Gama,Hugo Moura,Volante,68,30
2024,Clube de Regatas Vasco da Gama,Mateus Carvalho,Volante,68,32
2024,Clube de Regatas Vasco da Gama,Juan Sforza,Volante,64,26
2024,Clube de Regatas Vasco da Gama,Zé Gabriel,Volante,59,14
2024,Clube de Regatas Vasco da Gama,Dimitri Payet,Meia,73,23
2024,Clube de Regatas Vasco da Gama,Philippe Coutinho,Meia,72,15
2024,Clube de Regatas Vasco da Gama,Pablo Galdames,Meia,66,18
2024,Clube de Regatas Vasco da Gama,Adson,Ponta,71,20
2024,Clube de Regatas Vasco da Gama,David,Ponta,70,23
2024,Clube de Regatas Vasco da Gama,Rayan,Ponta,64,24
2024,Clube de Regatas Vasco da Gama,Emerson Rodríguez,Ponta,63,15
2024,Clube de Regatas Vasco da Gama,Rossi,Ponta,60,11
2024,Clube de Regatas Vasco da Gama,Pablo Vegetti,Atacante,77,35
2024,Clube de Regatas Vasco da Gama,Alex Teixeira,Atacante,63,7
2024,Criciúma Esporte Clube,Gustavo,Goleiro,69,34
2024,Criciúma Esporte Clube,Alisson,Goleiro,56,6
2024,Criciúma Esporte Clube,Marcelo Hermes,Lateral,70,36
2024,Criciúma Esporte Clube,Claudinho,Lateral,69,34
2024,Criciúma Esporte Clube,Miguel Trauco,Lateral,67,24
2024,Criciúma Esporte Clube,Jonathan,Lateral,61,17
2024,Criciúma Esporte Clube,Dudu,Lateral,60,15
2024,Criciúma Esporte Clube,Rodrigo,Zagueiro,68,32
2024,Criciúma Esporte Clube,Tobias Figueiredo,Zagueiro,67,25
2024,Criciúma Esporte Clube,Walisson Maia,Zagueiro,61,16
2024,Criciúma Esporte Clube,Wilker Ángel,Zagueiro,60,13
2024,Criciúma Esporte Clube,Gustavo Barreto,Volante,67,30
2024,Criciúma Esporte Clube,Ronald,Volante,67,30
2024,Criciúma Esporte Clube,Newton,Volante,66,30
2024,Criciúma Esporte Clube,Meritão,Volante,62,17
2024,Criciúma Esporte Clube,Matheusinho,Meia,75,28
2024,Criciúma Esporte Clube,Fellipe Mateus,Meia,68,31
2024,Criciúma Esporte Clube,Marquinhos Gabriel,Meia,63,25
2024,Criciúma Esporte Clube,Yannick Bolasie,Ponta,76,34
2024,Criciúma Esporte Clube,Arthur Caíke,Ponta,71,33
2024,Criciúma Esporte Clube,Allano,Ponta,66,24
2024,Criciúma Esporte Clube,Felipe Vizeu,Atacante,64,17
2024,Criciúma Esporte Clube,Éder,Atacante,60,16
2024,Cruzeiro Esporte Clube,Cássio,Goleiro,65,21
2024,Cruzeiro Esporte Clube,Anderson,Goleiro,64,17
2024,Cruzeiro Esporte Clube,William,Lateral,74,34
2024,Cruzeiro Esporte Clube,Marlon,Lateral,70,28
2024,Cruzeiro Esporte Clube,João Marcelo,Zagueiro,67,31
2024,Cruzeiro Esporte Clube,Zé Ivaldo,Zagueiro,65,29
2024,Cruzeiro Esporte Clube,Lucas Villalba,Zagueiro,62,23
2024,Cruzeiro Esporte Clube,Lucas Silva,Volante,68,31
2024,Cruzeiro Esporte Clube,Fabrizio Peralta,Volante,57,9
2024,Cruzeiro Esporte Clube,Filipe Machado,Volante,56,6
2024,Cruzeiro Esporte Clube,Matheus Pereira,Meia,85,34
2024,Cruzeiro Esporte Clube,Matheus Henrique,Meia,71,17
2024,Cruzeiro Esporte Clube,Mateus Vital,Meia,68,19
2024,Cruzeiro Esporte Clube,Ramiro,Meia,66,27
2024,Cruzeiro Esporte Clube,Vitinho,Meia,64,21
2024,Cruzeiro Esporte Clube,Gabriel Veron,Ponta,79,27
2024,Cruzeiro Esporte Clube,Arthur Gomes,Ponta,71,21
2024,Cruzeiro Esporte Clube,Álvaro Barreal,Ponta,70,28
2024,Cruzeiro Esporte Clube,Robert,Ponta,63,12
2024,Cruzeiro Esporte Clube,Juan Dinenno,Atacante,69,7
2024,Cruzeiro Esporte Clube,Rafa Silva,Atacante,67,9
2024,Cruzeiro Esporte Clube,Rafael Elias,Atacante,62,5
2024,Cruzeiro Esporte Clube,Lautaro Díaz,Atacante,62,18
2024,Cuiabá Esporte Clube (MT),Walter,Goleiro,70,36
2024,Cuiabá Esporte Clube (MT),Mateus Pasinato,Goleiro,61,2
2024,Cuiabá Esporte Clube (MT),Ramon,Lateral,71,30
2024,Cuiabá Esporte Clube (MT),Matheus Alexandre,Lateral,66,31
2024,Cuiabá Esporte Clube (MT),Railan,Lateral,64,23
2024,Cuiabá Esporte Clube (MT),Rikelme,Lateral,57,8
2024,Cuiabá Esporte Clube (MT),Marllon,Zagueiro,67,33
2024,Cuiabá Esporte Clube (MT),Alan Empereur,Zagueiro,66,30
2024,Cuiabá Esporte Clube (MT),Bruno Alves,Zagueiro,65,28
2024,Cuiabá Esporte Clube (MT),Lucas Mineiro,Volante,68,33
2024,Cuiabá Esporte Clube (MT),Filipe Augusto,Volante,62,19
2024,Cuiabá Esporte Clube (MT),Denilson,Meia,69,33
2024,Cuiabá Esporte Clube (MT),Fernando Sobral,Meia,68,33
2024,Cuiabá Esporte Clube (MT),Lucas Fernandes,Meia,68,21
2024,Cuiabá Esporte Clube (MT),Max Alves,Meia,64,23
2024,Cuiabá Esporte Clube (MT),Clayson,Ponta,71,33
2024,Cuiabá Esporte Clube (MT),Jonathan Cafu,Ponta,67,28
2024,Cuiabá Esporte Clube (MT),Eliel,Ponta,65,23
2024,Cuiabá Esporte Clube (MT),Gustavo Sauer,Ponta,61,11
2024,Cuiabá Esporte Clube (MT),André Luis,Ponta,61,20
2024,Cuiabá Esporte Clube (MT),Jadson,Ponta,57,7
2024,Cuiabá Esporte Clube (MT),Isidro Pitta,Atacante,73,35
2024,Cuiabá Esporte Clube (MT),Derik Lacerda,Atacante,68,27
2024,Esporte Clube Bahia,Marcos Felipe,Goleiro,70,34
2024,Esporte Clube Bahia,Adriel,Goleiro,55,4
2024,Esporte Clube Bahia,Luciano Juba,Lateral,69,37
2024,Esporte Clube Bahia,Gilberto,Lateral,68,19
2024,Esporte Clube Bahia,Santiago Arias,Lateral,67,23
2024,Esporte Clube Bahia,Iago,Lateral,64,13
2024,Esporte Clube Bahia,Gabriel Xavier,Zagueiro,67,35
2024,Esporte Clube Bahia,Kanu,Zagueiro,65,30
2024,Esporte Clube Bahia,Victor Cuesta,Zagueiro,57,7
2024,Esporte Clube Bahia,Caio Alexandre,Volante,68,36
2024,Esporte Clube Bahia,Rezende,Volante,61,18
2024,Esporte Clube Bahia,Nicolás Acevedo,Volante,57,8
2024,Esporte Clube Bahia,Jean Lucas,Meia,80,36
2024,Esporte Clube Bahia,Cauly,Meia,79,38
2024,Esporte Clube Bahia,Thaciano,Meia,75,35
2024,Esporte Clube Bahia,Everton Ribeiro,Meia,73,37
2024,Esporte Clube Bahia,Yago Felipe,Meia,57,8
2024,Esporte Clube Bahia,Biel,Ponta,79,26
2024,Esporte Clube Bahia,Carlos de Pena,Ponta,73,30
2024,Esporte Clube Bahia,Ademir,Ponta,71,31
2024,Esporte Clube Bahia,Rafael Ratão,Ponta,69,19
2024,Esporte Clube Bahia,Everaldo,Atacante,74,37
2024,Esporte Clube Bahia,Óscar Estupiñán,Atacante,72,11
2024,Esporte Clube Juventude,Gabriel,Goleiro,72,34
2024,Esporte Clube Juventude,Mateus Claus,Goleiro,56,5
2024,Esporte Clube Juventude,João Lucas,Lateral,68,30
2024,Esporte Clube Juventude,Ewerthon,Lateral,65,24
2024,Esporte Clube Juventude,Alan Ruschel,Lateral,65,28
2024,Esporte Clube Juventude,Gabriel Inocêncio,Lateral,61,17
2024,Esporte Clube Juventude,Danilo Boza,Zagueiro,68,32
2024,Esporte Clube Juventude,Zé Marcos,Zagueiro,63,25
2024,Esporte Clube Juventude,Lucas Freitas,Zagueiro,60,16
2024,Esporte Clube Juventude,Ronaldo,Volante,64,13
2024,Esporte Clube Juventude,Luís Oyama,Volante,63,17
2024,Esporte Clube Juventude,Caíque Gonçalves,Volante,60,17
2024,Esporte Clube Juventude,Jádson,Meia,72,33
2024,Esporte Clube Juventude,Nenê,Meia,71,28
2024,Esporte Clube Juventude,Mandaca,Meia,70,30
2024,Esporte Clube Juventude,Jean Carlos,Meia,69,22
2024,Esporte Clube Juventude,Lucas Barbosa,Ponta,73,33
2024,Esporte Clube Juventude,Marcelinho,Ponta,68,25
2024,Esporte Clube Juventude,Erick Farias,Atacante,71,35
2024,Esporte Clube Juventude,Gilberto,Atacante,67,24
2024,Esporte Clube Juventude,Edson Carioca,Atacante,66,16
2024,Esporte Clube Juventude,Gabriel Taliari,Atacante,65,21
2024,Esporte Clube Juventude,Ronie Carrillo,Atacante,61,14
2024,Esporte Clube Vitória,Lucas Arcanjo,Goleiro,70,37
2024,Esporte Clube Vitória,Muriel,Goleiro,66,1
2024,Esporte Clube Vitória,Lucas Esteves,Lateral,69,34
2024,Esporte Clube Vitória,Raúl Cáceres,Lateral,64,23
2024,Esporte Clube Vitória,Willean Lepo,Lateral,64,28
2024,Esporte Clube Vitória,Wagner Leonardo,Zagueiro,72,36
2024,Esporte Clube Vitória,Edu Ribeiro,Zagueiro,58,12
2024,Esporte Clube Vitória,Bruno Uvini,Zagueiro,56,6
2024,Esporte Clube Vitória,Willian Oliveira,Volante,70,35
2024,Esporte Clube Vitória,Luan Santos,Volante,63,25
2024,Esporte Clube Vitória,Léo Naldi,Volante,62,21
2024,Esporte Clube Vitória,Filipe Machado,Volante,61,18
2024,Esporte Clube Vitória,Caio Vinicius,Volante,58,11
2024,Esporte Clube Vitória,Rodrigo Andrade,Volante,56,6
2024,Esporte Clube Vitória,Pablo,Meia,55,3
2024,Esporte Clube Vitória,Carlos Eduardo,Ponta,65,17
2024,Esporte Clube Vitória,Gustavo Silva,Ponta,65,13
2024,Esporte Clube Vitória,Osvaldo,Ponta,64,19
2024,Esporte Clube Vitória,Everaldo,Ponta,63,15
2024,Esporte Clube Vitória,Eryc Castillo,Ponta,60,9
2024,Esporte Clube Vitória,Janderson,Atacante,68,28
2024,Esporte Clube Vitória,Iury Castilho,Atacante,63,5
2024,Esporte Clube Vitória,Luiz Adriano,Atacante,57,8
2024,Fluminense Football Club,Fábio,Goleiro,72,37
2024,Fluminense Football Club,Vitor Eudes,Goleiro,54,1
2024,Fluminense Football Club,Samuel Xavier,Lateral,67,32
2024,Fluminense Football Club,Marcelo,Lateral,65,17
2024,Fluminense Football Club,Diogo Barbosa,Lateral,63,25
2024,Fluminense Football Club,Thiago Santos,Zagueiro,64,27
2024,Fluminense Football Club,Thiago Silva,Zagueiro,61,15
2024,Fluminense Football Club,Manoel,Zagueiro,59,14
2024,Fluminense Football Club,Antônio Carlos,Zagueiro,59,13
2024,Fluminense Football Club,André,Volante,70,12
2024,Fluminense Football Club,Martinelli,Volante,67,34
2024,Fluminense Football Club,Alexsander,Volante,61,15
2024,Fluminense Football Club,Facundo Bernal,Volante,60,15
2024,Fluminense Football Club,Ganso,Meia,75,32
2024,Fluminense Football Club,Lima,Meia,69,30
2024,Fluminense Football Club,Renato Augusto,Meia,66,17
2024,Fluminense Football Club,Jhon Arias,Ponta,74,27
2024,Fluminense Football Club,Marquinhos,Ponta,70,20
2024,Fluminense Football Club,Kevin Serna,Ponta,68,16
2024,Fluminense Football Club,Keno,Ponta,66,27
2024,Fluminense Football Club,Kauã Elias,Atacante,79,30
2024,Fluminense Football Club,Germán Cano,Atacante,68,27
2024,Fluminense Football Club,John Kennedy,Atacante,62,22
2024,Fortaleza Esporte Clube,João Ricardo,Goleiro,72,38
2024,Fortaleza Esporte Clube,Santos,Goleiro,54,0
2024,Fortaleza Esporte Clube,Tinga,Lateral,66,29
2024,Fortaleza Esporte Clube,Bruno Pacheco,Lateral,63,20
2024,Fortaleza Esporte Clube,Felipe Jonatan,Lateral,62,22
2024,Fortaleza Esporte Clube,Eros Mancuso,Lateral,62,12
2024,Fortaleza Esporte Clube,Emanuel Brítez,Zagueiro,66,30
2024,Fortaleza Esporte Clube,Benjamín Kuscevic,Zagueiro,63,22
2024,Fortaleza Esporte Clube,Titi,Zagueiro,63,23
2024,Fortaleza Esporte Clube,Tomás Cardona,Zagueiro,61,17
2024,Fortaleza Esporte Clube,Lucas Sasha,Volante,63,21
2024,Fortaleza Esporte Clube,Zé Welison,Volante,62,21
2024,Fortaleza Esporte Clube,Tomás Pochettino,Meia,75,32
2024,Fortaleza Esporte Clube,Emmanuel Martínez,Meia,68,20
2024,Fortaleza Esporte Clube,Matheus Rossetto,Meia,62,22
2024,Fortaleza Esporte Clube,Calebe,Meia,57,7
2024,Fortaleza Esporte Clube,Moisés,Ponta,73,26
2024,Fortaleza Esporte Clube,Breno Lopes,Ponta,72,32
2024,Fortaleza Esporte Clube,Yago Pikachu,Ponta,71,32
2024,Fortaleza Esporte Clube,Marinho,Ponta,70,23
2024,Fortaleza Esporte Clube,Pedro Rocha,Ponta,65,4
2024,Fortaleza Esporte Clube,Juan Martín Lucero,Atacante,73,32
2024,Fortaleza Esporte Clube,Renato Kayzer,Atacante,70,28
2024,Grêmio Foot-Ball Porto Alegrense,Agustín Marchesín,Goleiro,69,28
2024,Grêmio Foot-Ball Porto Alegrense,Rafael Cabral,Goleiro,60,6
2024,Grêmio Foot-Ball Porto Alegrense,João Pedro,Lateral,70,32
2024,Grêmio Foot-Ball Porto Alegrense,Reinaldo,Lateral,67,29
2024,Grêmio Foot-Ball Porto Alegrense,Fábio,Lateral,60,12
2024,Grêmio Foot-Ball Porto Alegrense,Rodrigo Ely,Zagueiro,67,21
2024,Grêmio Foot-Ball Porto Alegrense,Jemerson,Zagueiro,63,13
2024,Grêmio Foot-Ball Porto Alegrense,Gustavo Martins,Zagueiro,62,19
2024,Grêmio Foot-Ball Porto Alegrense,Walter Kannemann,Zagueiro,61,13
2024,Grêmio Foot-Ball Porto Alegrense,Dodi,Volante,67,33
2024,Grêmio Foot-Ball Porto Alegrense,Mathías Villasanti,Volante,66,26
2024,Grêmio Foot-Ball Porto Alegrense,Franco Cristaldo,Meia,73,35
2024,Grêmio Foot-Ball Porto Alegrense,Edenilson,Meia,70,30
2024,Grêmio Foot-Ball Porto Alegrense,Pepê,Meia,68,26
2024,Grêmio Foot-Ball Porto Alegrense,Miguel Monsalve,Meia,66,19
2024,Grêmio Foot-Ball Porto Alegrense,Du Queiroz,Meia,64,14
2024,Grêmio Foot-Ball Porto Alegrense,Yeferson Soteldo,Ponta,70,24
2024,Grêmio Foot-Ball Porto Alegrense,Gustavo Nunes,Ponta,67,20
2024,Grêmio Foot-Ball Porto Alegrense,Cristian Pavón,Ponta,67,21
2024,Grêmio Foot-Ball Porto Alegrense,Alexander Aravena,Ponta,66,16
2024,Grêmio Foot-Ball Porto Alegrense,Nathan Fernandes,Ponta,61,19
2024,Grêmio Foot-Ball Porto Alegrense,Martin Braithwaite,Atacante,80,18
2024,Grêmio Foot-Ball Porto Alegrense,Diego Costa,Atacante,65,14
2024,Red Bull Bragantino,Cleiton,Goleiro,68,31
2024,Red Bull Bragantino,Lucão,Goleiro,58,8
2024,Red Bull Bragantino,Juninho Capixaba,Lateral,64,24
2024,Red Bull Bragantino,Luan Cândido,Lateral,64,26
2024,Red Bull Bragantino,José Andrés Hurtado,Lateral,62,17
2024,Red Bull Bragantino,Nathan Mendes,Lateral,61,16
2024,Red Bull Bragantino,Pedro Henrique,Zagueiro,65,28
2024,Red Bull Bragantino,Eduardo,Zagueiro,63,22
2024,Red Bull Bragantino,Douglas Mendes,Zagueiro,63,20
2024,Red Bull Bragantino,Jadsom,Volante,66,30
2024,Red Bull Bragantino,Matheus Fernandes,Volante,65,16
2024,Red Bull Bragantino,Raul,Volante,65,28
2024,Red Bull Bragantino,Lucas Evangelista,Meia,75,32
2024,Red Bull Bragantino,Lincoln,Meia,74,28
2024,Red Bull Bragantino,Jhon Jhon,Meia,69,18
2024,Red Bull Bragantino,Gustavo Neves,Meia,68,27
2024,Red Bull Bragantino,Eric Ramires,Meia,67,22
2024,Red Bull Bragantino,Vitinho,Ponta,77,33
2024,Red Bull Bragantino,Helinho,Ponta,74,17
2024,Red Bull Bragantino,Henry Mosquera,Ponta,69,34
2024,Red Bull Bragantino,Vinicinho,Ponta,64,19
2024,Red Bull Bragantino,Eduardo Sasha,Atacante,73,28
2024,Red Bull Bragantino,Thiago Borbas,Atacante,65,21
2024,Sociedade Esportiva Palmeiras,Weverton,Goleiro,73,37
2024,Sociedade Esportiva Palmeiras,Marcelo Lomba,Goleiro,54,1
2024,Sociedade Esportiva Palmeiras,Marcos Rocha,Lateral,65,28
2024,Sociedade Esportiva Palmeiras,Vanderlan,Lateral,65,25
2024,Sociedade Esportiva Palmeiras,Mayke,Lateral,63,22
2024,Sociedade Esportiva Palmeiras,Caio Paulista,Lateral,63,24
2024,Sociedade Esportiva Palmeiras,Joaquín Piquerez,Lateral,62,16
2024,Sociedade Esportiva Palmeiras,Gustavo Gómez,Zagueiro,73,27
2024,Sociedade Esportiva Palmeiras,Murilo,Zagueiro,71,25
2024,Sociedade Esportiva Palmeiras,Vitor Reis,Zagueiro,70,18
2024,Sociedade Esportiva Palmeiras,Naves,Zagueiro,58,11
2024,Sociedade Esportiva Palmeiras,Richard Ríos,Volante,68,24
2024,Sociedade Esportiva Palmeiras,Fabinho,Volante,62,19
2024,Sociedade Esportiva Palmeiras,Raphael Veiga,Meia,77,34
2024,Sociedade Esportiva Palmeiras,Gabriel Menino,Meia,65,26
2024,Sociedade Esportiva Palmeiras,Mauricio,Meia,65,20
2024,Sociedade Esportiva Palmeiras,Zé Rafael,Meia,64,18
2024,Sociedade Esportiva Palmeiras,Estêvão,Ponta,81,31
2024,Sociedade Esportiva Palmeiras,Felipe Anderson,Ponta,74,20
2024,Sociedade Esportiva Palmeiras,Lázaro,Ponta,69,18
2024,Sociedade Esportiva Palmeiras,Dudu,Ponta,68,18
2024,Sociedade Esportiva Palmeiras,José Manuel López,Atacante,75,35
2024,Sociedade Esportiva Palmeiras,Rony,Atacante,70,35
2024,Sport Club Corinthians Paulista,Hugo Souza,Goleiro,69,22
2024,Sport Club Corinthians Paulista,Matheus Donelli,Goleiro,57,7
2024,Sport Club Corinthians Paulista,Matheuzinho,Lateral,66,31
2024,Sport Club Corinthians Paulista,Hugo,Lateral,65,25
2024,Sport Club Corinthians Paulista,Matheus Bidu,Lateral,64,23
2024,Sport Club Corinthians Paulista,Fagner,Lateral,62,14
2024,Sport Club Corinthians Paulista,André Ramalho,Zagueiro,66,18
2024,Sport Club Corinthians Paulista,Cacá,Zagueiro,66,26
2024,Sport Club Corinthians Paulista,Gustavo Henrique,Zagueiro,65,18
2024,Sport Club Corinthians Paulista,Félix Torres,Zagueiro,62,22
2024,Sport Club Corinthians Paulista,Raniele,Volante,66,33
2024,Sport Club Corinthians Paulista,Ryan,Volante,58,11
2024,Sport Club Corinthians Paulista,Rodrigo Garro,Meia,82,36
2024,Sport Club Corinthians Paulista,Igor Coronado,Meia,68,30
2024,Sport Club Corinthians Paulista,André Carrillo,Meia,66,13
2024,Sport Club Corinthians Paulista,Breno Bidon,Meia,65,29
2024,Sport Club Corinthians Paulista,Charles,Meia,63,13
2024,Sport Club Corinthians Paulista,Alex Santana,Meia,58,12
2024,Sport Club Corinthians Paulista,Ángel Romero,Ponta,73,28
2024,Sport Club Corinthians Paulista,Wesley,Ponta,66,23
2024,Sport Club Corinthians Paulista,Talles Magno,Ponta,65,14
2024,Sport Club Corinthians Paulista,Yuri Alberto,Atacante,89,29
2024,Sport Club Corinthians Paulista,Pedro Raul,Atacante,61,19
2024,Sport Club Internacional,Sergio Rochet,Goleiro,73,28
2024,Sport Club Internacional,Fabrício,Goleiro,61,8
2024,Sport Club Internacional,Alexandro Bernabei,Lateral,71,23
2024,Sport Club Internacional,Bruno Gomes,Lateral,66,30
2024,Sport Club Internacional,Renê,Lateral,60,15
2024,Sport Club Internacional,Vitão,Zagueiro,72,30
2024,Sport Club Internacional,Robert Renan,Zagueiro,67,12
2024,Sport Club Internacional,Agustín Rogel,Zagueiro,63,15
2024,Sport Club Internacional,Gabriel Mercado,Zagueiro,61,17
2024,Sport Club Internacional,Igor Gomes,Zagueiro,61,13
2024,Sport Club Internacional,Thiago Maia,Volante,74,27
2024,Sport Club Internacional,Fernando,Volante,67,24
2024,Sport Club Internacional,Rômulo,Volante,65,30
2024,Sport Club Internacional,Alan Patrick,Meia,80,23
2024,Sport Club Internacional,Bruno Henrique,Meia,71,37
2024,Sport Club Internacional,Wesley,Ponta,76,33
2024,Sport Club Internacional,Wanderson,Ponta,75,23
2024,Sport Club Internacional,Bruno Tabata,Ponta,72,17
2024,Sport Club Internacional,Gabriel Carvalho,Ponta,67,24
2024,Sport Club Internacional,Gustavo Prado,Ponta,65,28
2024,Sport Club Internacional,Rafael Borré,Atacante,81,23
2024,Sport Club Internacional,Enner Valencia,Atacante,72,24
2024,Sport Club Internacional,Lucas Alario,Atacante,62,15
2024,São Paulo Futebol Clube,Rafael,Goleiro,67,25
2024,São Paulo Futebol Clube,Jandrei,Goleiro,63,13
2024,São Paulo Futebol Clube,Welington,Lateral,68,22
2024,São Paulo Futebol Clube,Igor Vinícius,Lateral,66,30
2024,São Paulo Futebol Clube,Diego Costa,Zagueiro,66,14
2024,São Paulo Futebol Clube,Robert Arboleda,Zagueiro,65,27
2024,São Paulo Futebol Clube,Nahuel Ferraresi,Zagueiro,64,14
2024,São Paulo Futebol Clube,Alan Franco,Zagueiro,64,27
2024,São Paulo Futebol Clube,Sabino,Zagueiro,59,13
2024,São Paulo Futebol Clube,Luiz Gustavo,Volante,66,28
2024,São Paulo Futebol Clube,Santiago Longo,Volante,55,3
2024,São Paulo Futebol Clube,Alisson,Meia,65,21
2024,São Paulo Futebol Clube,Rodrigo Nestor,Meia,65,25
2024,São Paulo Futebol Clube,Marcos Antônio,Meia,64,13
2024,São Paulo Futebol Clube,Damián Bobadilla,Meia,62,18
2024,São Paulo Futebol Clube,Lucas Moura,Ponta,86,28
2024,São Paulo Futebol Clube,Ferreirinha,Ponta,70,26
2024,São Paulo Futebol Clube,Wellington Rato,Ponta,69,25
2024,São Paulo Futebol Clube,Erick,Ponta,67,19
2024,São Paulo Futebol Clube,Michel Araújo,Ponta,63,20
2024,São Paulo Futebol Clube,Luciano,Atacante,80,31
2024,São Paulo Futebol Clube,André Silva,Atacante,77,30
2024,São Paulo Futebol Clube,Jonathan Calleri,Atacante,75,27
2025,Botafogo de Futebol e Regatas,John Victor,Goleiro,67,17
2025,Botafogo de Futebol e Regatas,Neto,Goleiro,57,2
2025,Botafogo de Futebol e Regatas,Alex Telles,Lateral,71,18
2025,Botafogo de Futebol e Regatas,Vitinho,Lateral,68,20
2025,Botafogo de Futebol e Regatas,Cuiabano,Lateral,62,13
2025,Botafogo de Futebol e Regatas,Mateo Ponte,Lateral,60,13
2025,Botafogo de Futebol e Regatas,Jair Cunha,Zagueiro,59,11
2025,Botafogo de Futebol e Regatas,David Ricardo,Zagueiro,59,10
2025,Botafogo de Futebol e Regatas,Alexander Barboza,Zagueiro,58,12
2025,Botafogo de Futebol e Regatas,Allan,Volante,64,10
2025,Botafogo de Futebol e Regatas,Marlon Freitas,Volante,64,18
2025,Botafogo de Futebol e Regatas,Newton,Volante,59,9
2025,Botafogo de Futebol e Regatas,Gregore,Volante,58,12
2025,Botafogo de Futebol e Regatas,Jefferson Savarino,Meia,68,14
2025,Botafogo de Futebol e Regatas,Santiago Rodríguez,Meia,63,13
2025,Botafogo de Futebol e Regatas,Artur,Ponta,77,16
2025,Botafogo de Futebol e Regatas,Jeffinho,Ponta,71,6
2025,Botafogo de Futebol e Regatas,Nathan Fernandes,Ponta,65,10
2025,Botafogo de Futebol e Regatas,Matheus Martins,Ponta,60,8
2025,Botafogo de Futebol e Regatas,Arthur Cabral,Atacante,76,8
2025,Botafogo de Futebol e Regatas,Igor Jesus,Atacante,67,10
2025,Botafogo de Futebol e Regatas,Joaquín Correa,Atacante,62,9
2025,Botafogo de Futebol e Regatas,Gonzalo Mastriani,Atacante,61,8
2025,CR Flamengo,Agustín Rossi,Goleiro,69,21
2025,CR Flamengo,Dyogo Alves,Goleiro,54,0
2025,CR Flamengo,Guillermo Varela,Lateral,67,16
2025,CR Flamengo,Ayrton Lucas,Lateral,66,8
2025,CR Flamengo,Alex Sandro,Lateral,62,13
2025,CR Flamengo,Wesley,Lateral,62,11
2025,CR Flamengo,Danilo,Zagueiro,63,7
2025,CR Flamengo,Léo Pereira,Zagueiro,63,20
2025,CR Flamengo,Léo Ortiz,Zagueiro,63,20
2025,CR Flamengo,Erick Pulgar,Volante,66,9
2025,CR Flamengo,Allan,Volante,65,11
2025,CR Flamengo,Jorginho,Volante,63,8
2025,CR Flamengo,Evertton Araújo,Volante,60,11
2025,CR Flamengo,Giorgian de Arrascaeta,Meia,77,19
2025,CR Flamengo,Gerson,Meia,72,9
2025,CR Flamengo,Luiz Araújo,Ponta,76,19
2025,CR Flamengo,Gonzalo Plata,Ponta,73,14
2025,CR Flamengo,Everton,Ponta,70,14
2025,CR Flamengo,Michael,Ponta,68,10
2025,CR Flamengo,Pedro,Atacante,89,15
2025,CR Flamengo,Bruno Henrique,Atacante,68,19
2025,CR Flamengo,Wallace Yan,Atacante,61,9
2025,CR Flamengo,Juninho,Atacante,59,11
2025,Ceará Sporting Club,Bruno,Goleiro,63,14
2025,Ceará Sporting Club,Fernando Miguel,Goleiro,61,8
2025,Ceará Sporting Club,Fabiano,Lateral,65,19
2025,Ceará Sporting Club,Dieguinho,Lateral,63,21
2025,Ceará Sporting Club,Rafael Ramos,Lateral,60,13
2025,Ceará Sporting Club,Matheus Bahia,Lateral,60,13
2025,Ceará Sporting Club,Nicolas,Lateral,58,10
2025,Ceará Sporting Club,Marllon,Zagueiro,62,18
2025,Ceará Sporting Club,Willian Machado,Zagueiro,61,20
2025,Ceará Sporting Club,Lucas Lima,Volante,58,10
2025,Ceará Sporting Club,Richardson,Volante,57,7
2025,Ceará Sporting Club,Lucas Mugni,Meia,69,19
2025,Ceará Sporting Club,Lourenço,Meia,64,18
2025,Ceará Sporting Club,Matheus Araújo,Meia,63,10
2025,Ceará Sporting Club,Fernando Sobral,Meia,61,19
2025,Ceará Sporting Club,Rômulo,Meia,57,9
2025,Ceará Sporting Club,Antonio Galeano,Ponta,69,21
2025,Ceará Sporting Club,Pedro Henrique,Ponta,64,14
2025,Ceará Sporting Club,Fernandinho,Ponta,60,7
2025,Ceará Sporting Club,Bruno Tubarão,Ponta,57,7
2025,Ceará Sporting Club,Pedro Raul,Atacante,72,20
2025,Ceará Sporting Club,Aylon,Atacante,63,14
2025,Ceará Sporting Club,Lelê,Atacante,57,7
2025,Clube Atlético Mineiro,Everson,Goleiro,65,19
2025,Clube Atlético Mineiro,Gabriel Delfim,Goleiro,54,1
2025,Clube Atlético Mineiro,Rubens,Lateral,67,13
2025,Clube Atlético Mineiro,Guilherme Arana,Lateral,65,9
2025,Clube Atlético Mineiro,Natanael,Lateral,62,20
2025,Clube Atlético Mineiro,Renzo Saravia,Lateral,61,8
2025,Clube Atlético Mineiro,Caio Paulista,Lateral,57,8
2025,Clube Atlético Mineiro,Júnior Alonso,Zagueiro,69,19
2025,Clube Atlético Mineiro,Lyanco,Zagueiro,63,12
2025,Clube Atlético Mineiro,Vitor Hugo,Zagueiro,59,7
2025,Clube Atlético Mineiro,Fausto Vera,Volante,59,9
2025,Clube Atlético Mineiro,Alexsander,Volante,56,5
2025,Clube Atlético Mineiro,Gustavo Scarpa,Meia,72,20
2025,Clube Atlético Mineiro,Igor Gomes,Meia,65,18
2025,Clube Atlético Mineiro,Gabriel Menino,Meia,63,15
2025,Clube Atlético Mineiro,Alan Franco,Meia,60,16
2025,Clube Atlético Mineiro,Biel,Ponta,66,6
2025,Clube Atlético Mineiro,Bernard,Ponta,63,14
2025,Clube Atlético Mineiro,Tomás Cuello,Ponta,63,14
2025,Clube Atlético Mineiro,Júnior Santos,Ponta,63,14
2025,Clube Atlético Mineiro,Hulk,Atacante,71,17
2025,Clube Atlético Mineiro,Rony,Atacante,66,19
2025,Clube Atlético Mineiro,João Marcelo,Atacante,61,7
2025,Clube de Regatas Vasco da Gama,Léo Jardim,Goleiro,68,20
2025,Clube de Regatas Vasco da Gama,Daniel Fuzato,Goleiro,56,2
2025,Clube de Regatas Vasco da Gama,Lucas Piton,Lateral,65,19
2025,Clube de Regatas Vasco da Gama,Paulo Henrique,Lateral,62,15
2025,Clube de Regatas Vasco da Gama,José Luis Rodríguez,Lateral,62,11
2025,Clube de Regatas Vasco da Gama,João Victor,Zagueiro,67,16
2025,Clube de Regatas Vasco da Gama,Lucas Freitas,Zagueiro,61,17
2025,Clube de Regatas Vasco da Gama,Luiz Gustavo,Zagueiro,56,5
2025,Clube de Regatas Vasco da Gama,Hugo Moura,Volante,62,20
2025,Clube de Regatas Vasco da Gama,Jair,Volante,58,11
2025,Clube de Regatas Vasco da Gama,Mateus Carvalho,Volante,58,10
2025,Clube de Regatas Vasco da Gama,Philippe Coutinho,Meia,74,15
2025,Clube de Regatas Vasco da Gama,Dimitri Payet,Meia,72,4
2025,Clube de Regatas Vasco da Gama,Tchê Tchê,Meia,65,17
2025,Clube de Regatas Vasco da Gama,Paulinho Paula,Meia,59,8
2025,Clube de Regatas Vasco da Gama,Nuno Moreira,Ponta,78,21
2025,Clube de Regatas Vasco da Gama,Rayan,Ponta,69,20
2025,Clube de Regatas Vasco da Gama,David,Ponta,69,9
2025,Clube de Regatas Vasco da Gama,Benjamín Garré,Ponta,65,9
2025,Clube de Regatas Vasco da Gama,Adson,Ponta,63,10
2025,Clube de Regatas Vasco da Gama,Loide Augusto,Ponta,59,10
2025,Clube de Regatas Vasco da Gama,Pablo Vegetti,Atacante,80,19
2025,Clube de Regatas Vasco da Gama,Alex Teixeira,Atacante,59,9
2025,Cruzeiro Esporte Clube,Cássio,Goleiro,67,21
2025,Cruzeiro Esporte Clube,Léo Aragão,Goleiro,66,1
2025,Cruzeiro Esporte Clube,William,Lateral,66,16
2025,Cruzeiro Esporte Clube,Marlon,Lateral,60,1
2025,Cruzeiro Esporte Clube,Fagner,Lateral,59,9
2025,Cruzeiro Esporte Clube,Fabrício Bruno,Zagueiro,63,21
2025,Cruzeiro Esporte Clube,Lucas Villalba,Zagueiro,62,19
2025,Cruzeiro Esporte Clube,Jonathan Jesus,Zagueiro,59,7
2025,Cruzeiro Esporte Clube,Mateo Gamarra,Zagueiro,55,2
2025,Cruzeiro Esporte Clube,Lucas Silva,Volante,65,21
2025,Cruzeiro Esporte Clube,Matheus Pereira,Meia,83,20
2025,Cruzeiro Esporte Clube,Christian,Meia,68,16
2025,Cruzeiro Esporte Clube,Eduardo,Meia,65,18
2025,Cruzeiro Esporte Clube,Matheus Henrique,Meia,64,8
2025,Cruzeiro Esporte Clube,Wanderson,Ponta,72,21
2025,Cruzeiro Esporte Clube,Dudu,Ponta,69,5
2025,Cruzeiro Esporte Clube,Marquinhos,Ponta,66,14
2025,Cruzeiro Esporte Clube,Luis Sinisterra,Ponta,63,1
2025,Cruzeiro Esporte Clube,Yannick Bolasie,Ponta,60,10
2025,Cruzeiro Esporte Clube,Rodriguinho,Ponta,54,1
2025,Cruzeiro Esporte Clube,Gabriel Barbosa,Atacante,77,17
2025,Cruzeiro Esporte Clube,Lautaro Díaz,Atacante,56,6
2025,Cruzeiro Esporte Clube,Juan Dinenno,Atacante,54,1
2025,Esporte Clube Bahia,Marcos Felipe,Goleiro,62,11
2025,Esporte Clube Bahia,Ronaldo,Goleiro,62,10
2025,Esporte Clube Bahia,Luciano Juba,Lateral,67,20
2025,Esporte Clube Bahia,Gilberto,Lateral,66,15
2025,Esporte Clube Bahia,Santiago Arias,Lateral,62,9
2025,Esporte Clube Bahia,Iago,Lateral,62,6
2025,Esporte Clube Bahia,Santiago Ramos Mingo,Zagueiro,61,19
2025,Esporte Clube Bahia,David Duarte,Zagueiro,60,17
2025,Esporte Clube Bahia,Gabriel Xavier,Zagueiro,55,4
2025,Esporte Clube Bahia,Caio Alexandre,Volante,61,16
2025,Esporte Clube Bahia,Nicolás Acevedo,Volante,60,15
2025,Esporte Clube Bahia,Erick,Volante,59,8
2025,Esporte Clube Bahia,Rezende,Volante,55,3
2025,Esporte Clube Bahia,Cauly,Meia,71,17
2025,Esporte Clube Bahia,Jean Lucas,Meia,71,18
2025,Esporte Clube Bahia,Everton Ribeiro,Meia,66,18
2025,Esporte Clube Bahia,Rodrigo Nestor,Meia,63,9
2025,Esporte Clube Bahia,Kayky,Ponta,70,15
2025,Esporte Clube Bahia,Michel Araújo,Ponta,68,11
2025,Esporte Clube Bahia,Erick Pulga,Ponta,68,16
2025,Esporte Clube Bahia,Ademir,Ponta,62,16
2025,Esporte Clube Bahia,Tiago,Ponta,60,8
2025,Esporte Clube Bahia,Willian José,Atacante,68,16
2025,Esporte Clube Juventude,Gustavo,Goleiro,60,10
2025,Esporte Clube Juventude,Marcão,Goleiro,58,6
2025,Esporte Clube Juventude,Reginaldo,Lateral,61,14
2025,Esporte Clube Juventude,Marcelo Hermes,Lateral,60,9
2025,Esporte Clube Juventude,Alan Ruschel,Lateral,59,13
2025,Esporte Clube Juventude,Ewerthon,Lateral,58,12
2025,Esporte Clube Juventude,Abner,Zagueiro,60,14
2025,Esporte Clube Juventude,Wilker Ángel,Zagueiro,60,14
2025,Esporte Clube Juventude,Marcos Paulo,Zagueiro,58,10
2025,Esporte Clube Juventude,Rodrigo Sam,Zagueiro,56,5
2025,Esporte Clube Juventude,Caíque Gonçalves,Volante,59,14
2025,Esporte Clube Juventude,Hudson,Volante,55,3
2025,Esporte Clube Juventude,Nenê,Meia,69,12
2025,Esporte Clube Juventude,Jádson,Meia,64,20
2025,Esporte Clube Juventude,Mandaca,Meia,64,20
2025,Esporte Clube Juventude,Jean Carlos,Meia,57,7
2025,Esporte Clube Juventude,Emerson Batalla,Ponta,69,20
2025,Esporte Clube Juventude,Gabriel Veron,Ponta,64,9
2025,Esporte Clube Juventude,Ênio,Ponta,61,15
2025,Esporte Clube Juventude,Giovanny,Ponta,60,10
2025,Esporte Clube Juventude,Gabriel Taliari,Atacante,67,19
2025,Esporte Clube Juventude,Matheus Babi,Atacante,66,13
2025,Esporte Clube Juventude,Gilberto,Atacante,64,13
2025,Esporte Clube Vitória,Lucas Arcanjo,Goleiro,65,21
2025,Esporte Clube Vitória,Gabriel,Goleiro,57,1
2025,Esporte Clube Vitória,Jamerson,Lateral,63,12
2025,Esporte Clube Vitória,Ramon,Lateral,60,4
2025,Esporte Clube Vitória,Raúl Cáceres,Lateral,59,8
2025,Esporte Clube Vitória,Claudinho,Lateral,58,12
2025,Esporte Clube Vitória,Lucas Halter,Zagueiro,62,20
2025,Esporte Clube Vitória,Zé Marcos,Zagueiro,61,17
2025,Esporte Clube Vitória,Edu Ribeiro,Zagueiro,59,13
2025,Esporte Clube Vitória,Ronald,Volante,63,19
2025,Esporte Clube Vitória,Baralhas,Volante,62,16
2025,Esporte Clube Vitória,Willian Oliveira,Volante,58,10
2025,Esporte Clube Vitória,Aitor Cantalapiedra,Meia,65,4
2025,Esporte Clube Vitória,Pepê,Meia,61,11
2025,Esporte Clube Vitória,Erick,Ponta,70,16
2025,Esporte Clube Vitória,Gustavo Silva,Ponta,63,10
2025,Esporte Clube Vitória,Osvaldo,Ponta,63,16
2025,Esporte Clube Vitória,Wellington Rato,Ponta,61,5
2025,Esporte Clube Vitória,Lucas Braga,Ponta,61,14
2025,Esporte Clube Vitória,Léo Pereira,Ponta,58,6
2025,Esporte Clube Vitória,Renato Kayzer,Atacante,74,15
2025,Esporte Clube Vitória,Janderson,Atacante,61,11
2025,Esporte Clube Vitória,Fabri,Atacante,59,14
2025,Fluminense Football Club,Fábio,Goleiro,64,20
2025,Fluminense Football Club,Vitor Eudes,Goleiro,54,0
2025,Fluminense Football Club,Samuel Xavier,Lateral,62,14
2025,Fluminense Football Club,Guga,Lateral,61,11
2025,Fluminense Football Club,Renê,Lateral,60,13
2025,Fluminense Football Club,Gabriel Fuentes,Lateral,56,6
2025,Fluminense Football Club,Thiago Silva,Zagueiro,61,13
2025,Fluminense Football Club,Thiago Santos,Zagueiro,57,7
2025,Fluminense Football Club,Ignácio,Zagueiro,57,9
2025,Fluminense Football Club,Manoel,Zagueiro,55,4
2025,Fluminense Football Club,Martinelli,Volante,63,19
2025,Fluminense Football Club,Facundo Bernal,Volante,58,11
2025,Fluminense Football Club,Lima,Meia,61,14
2025,Fluminense Football Club,Nonato,Meia,61,12
2025,Fluminense Football Club,Ganso,Meia,60,13
2025,Fluminense Football Club,Jhon Arias,Ponta,69,12
2025,Fluminense Football Club,Kevin Serna,Ponta,68,17
2025,Fluminense Football Club,Paulo Baya,Ponta,68,4
2025,Fluminense Football Club,Agustín Canobbio,Ponta,67,14
2025,Fluminense Football Club,Keno,Ponta,63,9
2025,Fluminense Football Club,Yeferson Soteldo,Ponta,56,6
2025,Fluminense Football Club,Germán Cano,Atacante,70,13
2025,Fluminense Football Club,Everaldo,Atacante,64,17
2025,Fortaleza Esporte Clube,João Ricardo,Goleiro,63,12
2025,Fortaleza Esporte Clube,Helton Leite,Goleiro,57,3
2025,Fortaleza Esporte Clube,Diogo Barbosa,Lateral,59,10
2025,Fortaleza Esporte Clube,Tinga,Lateral,59,10
2025,Fortaleza Esporte Clube,Eros Mancuso,Lateral,59,14
2025,Fortaleza Esporte Clube,Gastón Ávila,Zagueiro,64,11
2025,Fortaleza Esporte Clube,Benjamín Kuscevic,Zagueiro,61,17
2025,Fortaleza Esporte Clube,Lucas Sasha,Volante,61,16
2025,Fortaleza Esporte Clube,Zé Welison,Volante,57,9
2025,Fortaleza Esporte Clube,Matheus Pereira,Meia,66,8
2025,Fortaleza Esporte Clube,Tomás Pochettino,Meia,65,12
2025,Fortaleza Esporte Clube,Pol Fernández,Meia,64,7
2025,Fortaleza Esporte Clube,Lucca Prior,Meia,63,11
2025,Fortaleza Esporte Clube,Emmanuel Martínez,Meia,63,14
2025,Fortaleza Esporte Clube,Calebe,Meia,60,7
2025,Fortaleza Esporte Clube,Matheus Rossetto,Meia,58,11
2025,Fortaleza Esporte Clube,Breno Lopes,Ponta,65,15
2025,Fortaleza Esporte Clube,Marinho,Ponta,65,13
2025,Fortaleza Esporte Clube,Yago Pikachu,Ponta,64,18
2025,Fortaleza Esporte Clube,Allanzinho,Ponta,64,7
2025,Fortaleza Esporte Clube,Deyverson,Atacante,67,16
2025,Fortaleza Esporte Clube,Juan Martín Lucero,Atacante,66,19
2025,Fortaleza Esporte Clube,Adam Bareiro,Atacante,63,7
2025,Grêmio Foot-Ball Porto Alegrense,Tiago Volpi,Goleiro,64,21
2025,Grêmio Foot-Ball Porto Alegrense,Gabriel Grando,Goleiro,54,0
2025,Grêmio Foot-Ball Porto Alegrense,Marlon,Lateral,66,15
2025,Grêmio Foot-Ball Porto Alegrense,João Pedro,Lateral,58,6
2025,Grêmio Foot-Ball Porto Alegrense,Igor Serrote,Lateral,57,7
2025,Grêmio Foot-Ball Porto Alegrense,Wagner Leonardo,Zagueiro,65,20
2025,Grêmio Foot-Ball Porto Alegrense,Jemerson,Zagueiro,62,9
2025,Grêmio Foot-Ball Porto Alegrense,Gustavo Martins,Zagueiro,59,7
2025,Grêmio Foot-Ball Porto Alegrense,Walter Kannemann,Zagueiro,58,11
2025,Grêmio Foot-Ball Porto Alegrense,Camilo,Volante,61,12
2025,Grêmio Foot-Ball Porto Alegrense,Dodi,Volante,60,17
2025,Grêmio Foot-Ball Porto Alegrense,Mathías Villasanti,Volante,60,16
2025,Grêmio Foot-Ball Porto Alegrense,Edenilson,Meia,68,16
2025,Grêmio Foot-Ball Porto Alegrense,Franco Cristaldo,Meia,61,14
2025,Grêmio Foot-Ball Porto Alegrense,Miguel Monsalve,Meia,60,8
2025,Grêmio Foot-Ball Porto Alegrense,Riquelme,Meia,57,9
2025,Grêmio Foot-Ball Porto Alegrense,Cristian Olivera,Ponta,63,15
2025,Grêmio Foot-Ball Porto Alegrense,Alexander Aravena,Ponta,63,13
2025,Grêmio Foot-Ball Porto Alegrense,Alysson,Ponta,62,16
2025,Grêmio Foot-Ball Porto Alegrense,Cristian Pavón,Ponta,61,12
2025,Grêmio Foot-Ball Porto Alegrense,Martin Braithwaite,Atacante,77,17
2025,Grêmio Foot-Ball Porto Alegrense,Matías Arezo,Atacante,68,8
2025,Grêmio Foot-Ball Porto Alegrense,André Henrique,Atacante,61,11
2025,Mirassol Futebol Clube (SP),Walter,Goleiro,63,14
2025,Mirassol Futebol Clube (SP),Alex Muralha,Goleiro,56,6
2025,Mirassol Futebol Clube (SP),Reinaldo,Lateral,68,19
2025,Mirassol Futebol Clube (SP),Lucas Ramon,Lateral,63,18
2025,Mirassol Futebol Clube (SP),Daniel Borges,Lateral,60,8
2025,Mirassol Futebol Clube (SP),Jemmes,Zagueiro,62,20
2025,Mirassol Futebol Clube (SP),João Victor,Zagueiro,62,17
2025,Mirassol Futebol Clube (SP),Neto Moura,Volante,61,18
2025,Mirassol Futebol Clube (SP),Roni,Volante,56,6
2025,Mirassol Futebol Clube (SP),Gabriel,Meia,68,15
2025,Mirassol Futebol Clube (SP),Danielzinho,Meia,64,19
2025,Mirassol Futebol Clube (SP),José Aldo,Meia,62,17
2025,Mirassol Futebol Clube (SP),Yago Felipe,Meia,61,13
2025,Mirassol Futebol Clube (SP),Chico Kim,Meia,57,9
2025,Mirassol Futebol Clube (SP),Matheus Bianqui,Meia,57,9
2025,Mirassol Futebol Clube (SP),Alesson,Ponta,70,8
2025,Mirassol Futebol Clube (SP),Carlos Eduardo,Ponta,69,7
2025,Mirassol Futebol Clube (SP),Negueba,Ponta,66,16
2025,Mirassol Futebol Clube (SP),Fabrício Daniel,Ponta,57,8
2025,Mirassol Futebol Clube (SP),Francisco da Costa,Atacante,74,9
2025,Mirassol Futebol Clube (SP),Edson Carioca,Atacante,67,19
2025,Mirassol Futebol Clube (SP),Cristian Renato,Atacante,66,16
2025,Mirassol Futebol Clube (SP),Iury Castilho,Atacante,62,9
2025,Red Bull Bragantino,Cleiton,Goleiro,64,19
2025,Red Bull Bragantino,Lucão,Goleiro,59,3
2025,Red Bull Bragantino,José Andrés Hurtado,Lateral,61,16
2025,Red Bull Bragantino,Juninho Capixaba,Lateral,60,12
2025,Red Bull Bragantino,Guilherme Lopes,Lateral,60,9
2025,Red Bull Bragantino,Nathan Mendes,Lateral,59,10
2025,Red Bull Bragantino,Jogador 400661,Lateral,57,9
2025,Red Bull Bragantino,Pedro Henrique,Zagueiro,62,19
2025,Red Bull Bragantino,Guzmán Rodríguez,Zagueiro,61,17
2025,Red Bull Bragantino,Eduardo,Zagueiro,57,7
2025,Red Bull Bragantino,Gabriel,Volante,62,19
2025,Red Bull Bragantino,Fabinho,Volante,62,19
2025,Red Bull Bragantino,Matheus Fernandes,Volante,60,9
2025,Red Bull Bragantino,Jhon Jhon,Meia,70,20
2025,Red Bull Bragantino,Eric Ramires,Meia,64,21
2025,Red Bull Bragantino,Gustavo Neves,Meia,57,9
2025,Red Bull Bragantino,Ignacio Laquintana,Ponta,71,13
2025,Red Bull Bragantino,Lucas Barbosa,Ponta,65,19
2025,Red Bull Bragantino,Vinicinho,Ponta,64,18
2025,Red Bull Bragantino,Henry Mosquera,Ponta,58,12
2025,Red Bull Bragantino,Isidro Pitta,Atacante,71,16
2025,Red Bull Bragantino,Eduardo Sasha,Atacante,67,20
2025,Red Bull Bragantino,Thiago Borbas,Atacante,61,11
2025,Santos FC,Gabriel Brazão,Goleiro,65,21
2025,Santos FC,João Paulo,Goleiro,54,0
2025,Santos FC,Gonzalo Escobar,Lateral,61,19
2025,Santos FC,Aderlan,Lateral,56,2
2025,Santos FC,Mayke,Lateral,56,5
2025,Santos FC,Leonardo Godoy,Lateral,56,6
2025,Santos FC,Igor Vinícius,Lateral,56,6
2025,Santos FC,Luan Peres,Zagueiro,61,13
2025,Santos FC,Zé Ivaldo,Zagueiro,60,13
2025,Santos FC,Gil,Zagueiro,57,8
2025,Santos FC,Luisão,Zagueiro,56,6
2025,Santos FC,João Schmidt,Volante,62,15
2025,Santos FC,Tomás Rincón,Volante,60,13
2025,Santos FC,Neymar,Meia,77,12
2025,Santos FC,Thaciano,Meia,62,11
2025,Santos FC,Diego Pituca,Meia,60,10
2025,Santos FC,Zé Rafael,Meia,58,12
2025,Santos FC,Guilherme,Ponta,68,15
2025,Santos FC,Álvaro Barreal,Ponta,68,18
2025,Santos FC,Gabriel Veron,Ponta,63,6
2025,Santos FC,Yeferson Soteldo,Ponta,56,5
2025,Santos FC,Deivid Washington,Atacante,70,17
2025,Santos FC,Tiquinho Soares,Atacante,67,17
2025,Sociedade Esportiva Palmeiras,Weverton,Goleiro,66,19
2025,Sociedade Esportiva Palmeiras,Marcelo Lomba,Goleiro,54,1
2025,Sociedade Esportiva Palmeiras,Joaquín Piquerez,Lateral,64,19
2025,Sociedade Esportiva Palmeiras,Khellven,Lateral,62,4
2025,Sociedade Esportiva Palmeiras,Mayke,Lateral,55,3
2025,Sociedade Esportiva Palmeiras,Vanderlan,Lateral,55,3
2025,Sociedade Esportiva Palmeiras,Marcos Rocha,Lateral,54,1
2025,Sociedade Esportiva Palmeiras,Jefté,Lateral,54,1
2025,Sociedade Esportiva Palmeiras,Gustavo Gómez,Zagueiro,68,16
2025,Sociedade Esportiva Palmeiras,Murilo,Zagueiro,66,7
2025,Sociedade Esportiva Palmeiras,Bruno Fuchs,Zagueiro,62,12
2025,Sociedade Esportiva Palmeiras,Micael,Zagueiro,57,9
2025,Sociedade Esportiva Palmeiras,Emiliano Martínez,Volante,68,16
2025,Sociedade Esportiva Palmeiras,Richard Ríos,Volante,61,10
2025,Sociedade Esportiva Palmeiras,Mauricio,Meia,70,15
2025,Sociedade Esportiva Palmeiras,Lucas Evangelista,Meia,68,16
2025,Sociedade Esportiva Palmeiras,Raphael Veiga,Meia,60,10
2025,Sociedade Esportiva Palmeiras,Ramón Sosa,Ponta,71,8
2025,Sociedade Esportiva Palmeiras,Facundo Torres,Ponta,69,18
2025,Sociedade Esportiva Palmeiras,Felipe Anderson,Ponta,68,15
2025,Sociedade Esportiva Palmeiras,Estêvão,Ponta,65,11
2025,Sociedade Esportiva Palmeiras,Paulinho,Ponta,64,7
2025,Sociedade Esportiva Palmeiras,José Manuel López,Atacante,71,18
2025,Sport Club Corinthians Paulista,Hugo Souza,Goleiro,67,17
2025,Sport Club Corinthians Paulista,Matheus Donelli,Goleiro,58,5
2025,Sport Club Corinthians Paulista,Matheuzinho,Lateral,62,17
2025,Sport Club Corinthians Paulista,Fabrizio Angileri,Lateral,61,14
2025,Sport Club Corinthians Paulista,Matheus Bidu,Lateral,61,13
2025,Sport Club Corinthians Paulista,André Ramalho,Zagueiro,64,16
2025,Sport Club Corinthians Paulista,Gustavo Henrique,Zagueiro,62,9
2025,Sport Club Corinthians Paulista,Cacá,Zagueiro,61,14
2025,Sport Club Corinthians Paulista,Félix Torres,Zagueiro,57,9
2025,Sport Club Corinthians Paulista,Raniele,Volante,62,18
2025,Sport Club Corinthians Paulista,José Martínez,Volante,60,14
2025,Sport Club Corinthians Paulista,Ryan,Volante,58,10
2025,Sport Club Corinthians Paulista,Maycon,Meia,67,13
2025,Sport Club Corinthians Paulista,André Carrillo,Meia,65,15
2025,Sport Club Corinthians Paulista,Breno Bidon,Meia,64,20
2025,Sport Club Corinthians Paulista,Charles,Meia,60,11
2025,Sport Club Corinthians Paulista,Rodrigo Garro,Meia,60,11
2025,Sport Club Corinthians Paulista,Talles Magno,Ponta,64,18
2025,Sport Club Corinthians Paulista,Ángel Romero,Ponta,62,19
2025,Sport Club Corinthians Paulista,Yuri Alberto,Atacante,79,13
2025,Sport Club Corinthians Paulista,Memphis Depay,Atacante,76,14
2025,Sport Club Corinthians Paulista,Gui Negão,Atacante,64,8
2025,Sport Club Corinthians Paulista,Héctor Hernández,Atacante,64,9
2025,Sport Club Internacional,Sergio Rochet,Goleiro,66,9
2025,Sport Club Internacional,Anthoni,Goleiro,61,13
2025,Sport Club Internacional,Alexandro Bernabei,Lateral,67,16
2025,Sport Club Internacional,Braian Aguirre,Lateral,62,19
2025,Sport Club Internacional,Vitão,Zagueiro,68,15
2025,Sport Club Internacional,Victor Gabriel,Zagueiro,60,8
2025,Sport Club Internacional,Juninho,Zagueiro,59,9
2025,Sport Club Internacional,Thiago Maia,Volante,69,17
2025,Sport Club Internacional,Fernando,Volante,60,6
2025,Sport Club Internacional,Diego Rosa,Volante,60,7
2025,Sport Club Internacional,Luis Otávio,Volante,58,11
2025,Sport Club Internacional,Ronaldo,Volante,58,11
2025,Sport Club Internacional,Alan Patrick,Meia,81,15
2025,Sport Club Internacional,Óscar Romero,Meia,64,9
2025,Sport Club Internacional,Bruno Henrique,Meia,62,16
2025,Sport Club Internacional,Bruno Tabata,Ponta,69,16
2025,Sport Club Internacional,Vitinho,Ponta,67,12
2025,Sport Club Internacional,Wesley,Ponta,65,18
2025,Sport Club Internacional,Johan Carbonero,Ponta,63,10
2025,Sport Club Internacional,Gustavo Prado,Ponta,61,13
2025,Sport Club Internacional,Rafael Borré,Atacante,75,16
2025,Sport Club Internacional,Ricardo Mathias,Atacante,67,10
2025,Sport Club Internacional,Enner Valencia,Atacante,67,14
2025,Sport Club do Recife,Gabriel,Goleiro,63,8
2025,Sport Club do Recife,Caíque França,Goleiro,60,12
2025,Sport Club do Recife,Igor Cariús,Lateral,60,15
2025,Sport Club do Recife,Matheus Alexandre,Lateral,60,13
2025,Sport Club do Recife,Hereda,Lateral,59,11
2025,Sport Club do Recife,Dalbert,Lateral,58,5
2025,Sport Club do Recife,João Silva,Zagueiro,61,11
2025,Sport Club do Recife,Lucas Cunha,Zagueiro,60,6
2025,Sport Club do Recife,Ramon Menezes,Zagueiro,59,8
2025,Sport Club do Recife,Chico,Zagueiro,59,13
2025,Sport Club do Recife,Rafael Thyere,Zagueiro,57,8
2025,Sport Club do Recife,Matheusinho,Meia,70,8
2025,Sport Club do Recife,Lucas Lima,Meia,69,18
2025,Sport Club do Recife,Sérgio Oliveira,Meia,64,8
2025,Sport Club do Recife,Du Queiroz,Meia,63,11
2025,Sport Club do Recife,Christian Ortíz,Meia,56,6
2025,Sport Club do Recife,Chrystian Barletta,Ponta,64,20
2025,Sport Club do Recife,Romarinho,Ponta,63,10
2025,Sport Club do Recife,Léo Pereira,Ponta,63,5
2025,Sport Club do Recife,Carlos Alberto,Ponta,60,9
2025,Sport Club do Recife,Derik Lacerda,Atacante,65,7
2025,Sport Club do Recife,Pablo,Atacante,61,11
2025,Sport Club do Recife,Arthur Sousa,Atacante,56,6
2025,São Paulo Futebol Clube,Rafael,Goleiro,66,21
2025,São Paulo Futebol Clube,Young,Goleiro,54,1
2025,São Paulo Futebol Clube,Cédric Soares,Lateral,66,18
2025,São Paulo Futebol Clube,Wendell,Lateral,64,12
2025,São Paulo Futebol Clube,Enzo Díaz,Lateral,62,18
2025,São Paulo Futebol Clube,Nahuel Ferraresi,Zagueiro,66,18
2025,São Paulo Futebol Clube,Robert Arboleda,Zagueiro,62,13
2025,São Paulo Futebol Clube,Sabino,Zagueiro,61,16
2025,São Paulo Futebol Clube,Alan Franco,Zagueiro,60,17
2025,São Paulo Futebol Clube,Ruan,Zagueiro,60,5
2025,São Paulo Futebol Clube,Pablo Maia,Volante,60,13
2025,São Paulo Futebol Clube,Luan Santos,Volante,55,4
2025,São Paulo Futebol Clube,Marcos Antônio,Meia,69,16
2025,São Paulo Futebol Clube,Damián Bobadilla,Meia,65,18
2025,São Paulo Futebol Clube,Oscar,Meia,63,6
2025,São Paulo Futebol Clube,Alisson,Meia,62,17
2025,São Paulo Futebol Clube,Rodriguinho,Meia,58,12
2025,São Paulo Futebol Clube,Ferreirinha,Ponta,69,17
2025,São Paulo Futebol Clube,Lucas Ferreira,Ponta,66,13
2025,São Paulo Futebol Clube,Gonzalo Tapia,Ponta,65,6
2025,São Paulo Futebol Clube,André Silva,Atacante,74,20
2025,São Paulo Futebol Clube,Luciano,Atacante,72,19
2025,São Paulo Futebol Clube,Ryan Francisco,Atacante,64,8
